package sve_wrapgoc

var _text_get_by_path = []byte{
	0xed, 0x33, 0xb7, 0x6d, 0xeb, 0x2b, 0x01, 0x6d, 0xe9, 0x23, 0x02, 0x6d, 0xfd, 0x1b, 0x00, 0xf9, // 0000
	0xfe, 0x6f, 0x04, 0xa9, 0xfa, 0x67, 0x05, 0xa9, 0xf8, 0x5f, 0x06, 0xa9, 0xf6, 0x57, 0x07, 0xa9, // 0010
	0xf4, 0x4f, 0x08, 0xa9, 0xff, 0x43, 0x01, 0xd1, 0xff, 0x57, 0x3f, 0x04, 0x48, 0x04, 0x40, 0xf9, // 0020
	0x28, 0x29, 0x01, 0xb4, 0x49, 0x00, 0x40, 0xf9, 0xe0, 0xe3, 0x18, 0x25, 0x85, 0xe5, 0x01, 0x4f, // 0030
	0x41, 0xe0, 0xd8, 0x25, 0xe6, 0xe7, 0x06, 0x4f, 0xa7, 0xe7, 0x02, 0x4f, 0x2d, 0x11, 0x08, 0x8b, // 0040
	0x28, 0x00, 0x00, 0x90, 0x2f, 0x00, 0x00, 0x90, 0x10, 0xc5, 0xc2, 0x3d, 0x28, 0x00, 0x00, 0x90, // 0050
	0x95, 0xe4, 0x02, 0x4f, 0x11, 0xcd, 0xc2, 0x3d, 0x28, 0x00, 0x00, 0x90, 0x1c, 0xe4, 0x00, 0x6f, // 0060
	0x12, 0xb9, 0xc2, 0x3d, 0x28, 0x00, 0x00, 0x90, 0x40, 0xc4, 0x38, 0x25, 0x13, 0xa9, 0xc2, 0x3d, // 0070
	0x28, 0x00, 0x00, 0x90, 0x81, 0xcb, 0x38, 0x25, 0x14, 0xb5, 0xc2, 0x3d, 0x28, 0x00, 0x00, 0x90, // 0080
	0xa2, 0xcf, 0x38, 0x25, 0xa3, 0xcb, 0x38, 0x25, 0x84, 0xc5, 0x38, 0x25, 0x16, 0xad, 0xc2, 0x3d, // 0090
	0xf7, 0xc1, 0xc2, 0x3d, 0x28, 0x00, 0x00, 0x90, 0x2f, 0x00, 0x00, 0x90, 0x31, 0x00, 0x00, 0x90, // 00a0
	0x7b, 0xcb, 0x38, 0x25, 0x7d, 0xcf, 0x38, 0x25, 0xea, 0x43, 0x00, 0x91, 0x38, 0x00, 0x40, 0xf9, // 00b0
	0x0c, 0xc0, 0x84, 0xd2, 0x18, 0xbd, 0xc2, 0x3d, 0xf9, 0xc9, 0xc2, 0x3d, 0x3a, 0xa6, 0xc2, 0x3d, // 00c0
	0x35, 0x23, 0x83, 0x52, 0x13, 0xfa, 0x99, 0x52, 0x2b, 0x00, 0x80, 0x52, 0x2c, 0x00, 0xc0, 0xf2, // 00d0
	0x4a, 0x81, 0x00, 0x91, 0x10, 0x04, 0x80, 0x52, 0x26, 0x00, 0x00, 0x90, 0xc6, 0x10, 0x2d, 0x91, // 00e0
	0xf6, 0xc7, 0x02, 0x32, 0x35, 0x23, 0xa3, 0x72, 0xf4, 0xc3, 0x01, 0x32, 0xf3, 0xf9, 0xb9, 0x72, // 00f0
	0x17, 0x20, 0x40, 0xa9, 0x1f, 0x03, 0x08, 0xeb, 0x62, 0x01, 0x00, 0x54, 0xef, 0x6a, 0x78, 0x38, // 0100
	0xff, 0x35, 0x00, 0x71, 0x00, 0x01, 0x00, 0x54, 0xff, 0x81, 0x00, 0x71, 0xc0, 0x00, 0x00, 0x54, // 0110
	0xef, 0x2d, 0x00, 0x51, 0xff, 0x09, 0x00, 0x31, 0x62, 0x00, 0x00, 0x54, 0xfa, 0x03, 0x18, 0xaa, // 0120
	0x3a, 0x00, 0x00, 0x14, 0x1a, 0x07, 0x00, 0x91, 0x5f, 0x03, 0x08, 0xeb, 0x22, 0x01, 0x00, 0x54, // 0130
	0xef, 0x6a, 0x7a, 0x38, 0xff, 0x35, 0x00, 0x71, 0xc0, 0x00, 0x00, 0x54, 0xff, 0x81, 0x00, 0x71, // 0140
	0x80, 0x00, 0x00, 0x54, 0xef, 0x2d, 0x00, 0x51, 0xff, 0x09, 0x00, 0x31, 0xe3, 0x05, 0x00, 0x54, // 0150
	0x1a, 0x0b, 0x00, 0x91, 0x5f, 0x03, 0x08, 0xeb, 0x22, 0x01, 0x00, 0x54, 0xef, 0x6a, 0x7a, 0x38, // 0160
	0xff, 0x35, 0x00, 0x71, 0xc0, 0x00, 0x00, 0x54, 0xff, 0x81, 0x00, 0x71, 0x80, 0x00, 0x00, 0x54, // 0170
	0xef, 0x2d, 0x00, 0x51, 0xff, 0x09, 0x00, 0x31, 0x83, 0x04, 0x00, 0x54, 0x1a, 0x0f, 0x00, 0x91, // 0180
	0x5f, 0x03, 0x08, 0xeb, 0x22, 0x01, 0x00, 0x54, 0xef, 0x6a, 0x7a, 0x38, 0xff, 0x35, 0x00, 0x71, // 0190
	0xc0, 0x00, 0x00, 0x54, 0xff, 0x81, 0x00, 0x71, 0x80, 0x00, 0x00, 0x54, 0xef, 0x2d, 0x00, 0x51, // 01a0
	0xff, 0x09, 0x00, 0x31, 0x23, 0x03, 0x00, 0x54, 0x1a, 0x13, 0x00, 0x91, 0x5f, 0x03, 0x08, 0xeb, // 01b0
	0xe2, 0x01, 0x00, 0x54, 0xef, 0x6a, 0x7a, 0x38, 0x72, 0x21, 0xcf, 0x9a, 0xff, 0x81, 0x00, 0x71, // 01c0
	0x4f, 0x02, 0x0c, 0x8a, 0xe4, 0x99, 0x40, 0xfa, 0xc0, 0x01, 0x00, 0x54, 0x5a, 0x07, 0x00, 0x91, // 01d0
	0x1f, 0x01, 0x1a, 0xeb, 0x01, 0xff, 0xff, 0x54, 0xe8, 0x03, 0x1f, 0x2a, 0xfa, 0x03, 0x18, 0xaa, // 01e0
	0x2f, 0x01, 0x40, 0xf9, 0xef, 0x01, 0x00, 0xb5, 0xc6, 0x0e, 0x00, 0x14, 0xe8, 0x03, 0x1f, 0x2a, // 01f0
	0x3a, 0x00, 0x00, 0xf9, 0x2f, 0x01, 0x40, 0xf9, 0x4f, 0x01, 0x00, 0xb5, 0xc1, 0x0e, 0x00, 0x14, // 0200
	0x5f, 0x03, 0x08, 0xeb, 0xa2, 0xfe, 0xff, 0x54, 0x4f, 0x07, 0x00, 0x91, 0x2f, 0x00, 0x00, 0xf9, // 0210
	0xe8, 0x6a, 0x7a, 0x38, 0xfa, 0x03, 0x0f, 0xaa, 0x2f, 0x01, 0x40, 0xf9, 0x2f, 0xd7, 0x01, 0xb4, // 0220
	0xef, 0x5d, 0x40, 0x39, 0xef, 0x11, 0x00, 0x12, 0xff, 0x09, 0x00, 0x71, 0xc0, 0xad, 0x00, 0x54, // 0230
	0xff, 0x61, 0x00, 0x71, 0x61, 0xd6, 0x01, 0x54, 0x1f, 0xed, 0x01, 0x71, 0x01, 0xec, 0x01, 0x54, // 0240
	0x08, 0x04, 0x40, 0xf9, 0x5f, 0x03, 0x08, 0xeb, 0x62, 0x01, 0x00, 0x54, 0xef, 0x6a, 0x7a, 0x38, // 0250
	0xff, 0x35, 0x00, 0x71, 0x00, 0x01, 0x00, 0x54, 0xff, 0x81, 0x00, 0x71, 0xc0, 0x00, 0x00, 0x54, // 0260
	0xef, 0x2d, 0x00, 0x51, 0xff, 0x09, 0x00, 0x31, 0x62, 0x00, 0x00, 0x54, 0xf9, 0x03, 0x1a, 0xaa, // 0270
	0x31, 0x00, 0x00, 0x14, 0x59, 0x07, 0x00, 0x91, 0x3f, 0x03, 0x08, 0xeb, 0x22, 0x01, 0x00, 0x54, // 0280
	0xef, 0x6a, 0x79, 0x38, 0xff, 0x35, 0x00, 0x71, 0xc0, 0x00, 0x00, 0x54, 0xff, 0x81, 0x00, 0x71, // 0290
	0x80, 0x00, 0x00, 0x54, 0xef, 0x2d, 0x00, 0x51, 0xff, 0x09, 0x00, 0x31, 0xc3, 0x04, 0x00, 0x54, // 02a0
	0x59, 0x0b, 0x00, 0x91, 0x3f, 0x03, 0x08, 0xeb, 0x22, 0x01, 0x00, 0x54, 0xef, 0x6a, 0x79, 0x38, // 02b0
	0xff, 0x35, 0x00, 0x71, 0xc0, 0x00, 0x00, 0x54, 0xff, 0x81, 0x00, 0x71, 0x80, 0x00, 0x00, 0x54, // 02c0
	0xef, 0x2d, 0x00, 0x51, 0xff, 0x09, 0x00, 0x31, 0x63, 0x03, 0x00, 0x54, 0x59, 0x0f, 0x00, 0x91, // 02d0
	0x3f, 0x03, 0x08, 0xeb, 0x22, 0x01, 0x00, 0x54, 0xef, 0x6a, 0x79, 0x38, 0xff, 0x35, 0x00, 0x71, // 02e0
	0xc0, 0x00, 0x00, 0x54, 0xff, 0x81, 0x00, 0x71, 0x80, 0x00, 0x00, 0x54, 0xef, 0x2d, 0x00, 0x51, // 02f0
	0xff, 0x09, 0x00, 0x31, 0x03, 0x02, 0x00, 0x54, 0x59, 0x13, 0x00, 0x91, 0x3f, 0x03, 0x08, 0xeb, // 0300
	0x82, 0xd0, 0x01, 0x54, 0xef, 0x6a, 0x79, 0x38, 0x72, 0x21, 0xcf, 0x9a, 0xff, 0x81, 0x00, 0x71, // 0310
	0x4f, 0x02, 0x0c, 0x8a, 0xe4, 0x99, 0x40, 0xfa, 0xa0, 0x00, 0x00, 0x54, 0x39, 0x07, 0x00, 0x91, // 0320
	0x1f, 0x01, 0x19, 0xeb, 0x01, 0xff, 0xff, 0x54, 0x25, 0x0f, 0x00, 0x14, 0x3f, 0x03, 0x08, 0xeb, // 0330
	0x62, 0xe4, 0x01, 0x54, 0x3d, 0x07, 0x00, 0x91, 0x3d, 0x00, 0x00, 0xf9, 0xe8, 0x6a, 0x79, 0x38, // 0340
	0x1f, 0x89, 0x00, 0x71, 0x81, 0xe3, 0x01, 0x54, 0x12, 0x04, 0x40, 0xf9, 0x07, 0x80, 0x84, 0x52, // 0350
	0xed, 0x07, 0x00, 0xf9, 0x28, 0x50, 0x3f, 0x04, 0x2d, 0x27, 0x87, 0x52, 0xd1, 0xc8, 0x88, 0x52, // 0360
	0x07, 0x94, 0xbf, 0x72, 0xee, 0xc3, 0x00, 0x32, 0x0a, 0x45, 0x00, 0xf9, 0x2d, 0x27, 0xa7, 0x72, // 0370
	0xea, 0xcb, 0x03, 0x32, 0xd1, 0xc8, 0xa8, 0x72, 0x48, 0x02, 0x1d, 0xeb, 0x80, 0x26, 0x02, 0x54, // 0380
	0x2f, 0x05, 0x40, 0xf9, 0x1f, 0x01, 0x01, 0xf1, 0xf8, 0x02, 0x1d, 0x8b, 0x1e, 0x00, 0x80, 0x92, // 0390
	0xfa, 0x6d, 0x40, 0xa9, 0xef, 0x03, 0x1f, 0xaa, 0x03, 0x58, 0x00, 0x54, 0xfe, 0x42, 0x1d, 0xa4, // 03a0
	0xe2, 0x02, 0x1d, 0x8b, 0xa4, 0x50, 0x7f, 0x04, 0x5f, 0x40, 0x10, 0xa4, 0xe2, 0x43, 0x01, 0x91, // 03b0
	0xc5, 0x50, 0x7f, 0x04, 0xe6, 0x50, 0x7f, 0x04, 0xc2, 0xa3, 0x00, 0x24, 0xc3, 0xa3, 0x01, 0x24, // 03c0
	0xe4, 0xa3, 0x01, 0x24, 0x42, 0x1c, 0x80, 0xe5, 0xe2, 0xa3, 0x00, 0x24, 0x43, 0x14, 0x80, 0xe5, // 03d0
	0xc6, 0x50, 0x40, 0xb9, 0x44, 0x10, 0x80, 0xe5, 0x84, 0x50, 0x40, 0xb9, 0x42, 0x18, 0x80, 0xe5, // 03e0
	0x82, 0x50, 0x7f, 0x04, 0x42, 0x50, 0x40, 0xb9, 0xa5, 0x50, 0x40, 0xb9, 0x84, 0x80, 0x02, 0xaa, // 03f0
	0xc2, 0x80, 0x05, 0xaa, 0x04, 0x01, 0x00, 0xb5, 0x8f, 0x01, 0x00, 0xb5, 0xc2, 0x02, 0x00, 0xb5, // 0400
	0x08, 0x01, 0x01, 0xd1, 0xbd, 0x03, 0x01, 0x91, 0x1f, 0xfd, 0x00, 0xf1, 0x88, 0xfc, 0xff, 0x54, // 0410
	0x48, 0x02, 0x00, 0x14, 0xdf, 0x07, 0x00, 0xb1, 0x81, 0x00, 0x00, 0x54, 0x85, 0x00, 0xc0, 0xda, // 0420
	0xa5, 0x10, 0xc0, 0xda, 0xbe, 0x00, 0x1d, 0x8b, 0x85, 0x00, 0x2f, 0x8a, 0xef, 0x05, 0x05, 0xaa, // 0430
	0x84, 0x00, 0x2f, 0x8a, 0x84, 0xf0, 0x01, 0x92, 0x84, 0x00, 0x05, 0xab, 0x84, 0xf8, 0x7f, 0xd3, // 0440
	0x84, 0xf0, 0x00, 0xd2, 0x84, 0x00, 0x0f, 0x8a, 0xef, 0x37, 0x9f, 0x1a, 0x42, 0x00, 0x24, 0x8a, // 0450
	0x82, 0xfd, 0xff, 0xb4, 0x48, 0x00, 0xc0, 0xda, 0x08, 0x11, 0xc0, 0xda, 0x08, 0x01, 0x1d, 0x8b, // 0460
	0x08, 0x05, 0x00, 0x91, 0x68, 0x1f, 0xfa, 0xb7, 0xdf, 0x07, 0x00, 0xb1, 0x28, 0x00, 0x00, 0xf9, // 0470
	0x60, 0x00, 0x00, 0x54, 0xdf, 0x03, 0x08, 0xeb, 0xed, 0x76, 0x00, 0x54, 0x0f, 0x01, 0x19, 0xcb, // 0480
	0xef, 0x09, 0x00, 0xd1, 0xf2, 0x01, 0x1b, 0xaa, 0xf2, 0x02, 0x00, 0xb4, 0x2a, 0x50, 0x3f, 0x04, // 0490
	0xed, 0x07, 0x40, 0xf9, 0xff, 0x01, 0x1b, 0xeb, 0x4a, 0x45, 0x40, 0xf9, 0xf1, 0xff, 0x9f, 0x52, // 04a0
	0x61, 0x03, 0x00, 0x54, 0xf2, 0x03, 0x1f, 0xaa, 0xef, 0x03, 0x1b, 0xaa, 0xe2, 0x81, 0x00, 0xf1, // 04b0
	0xc3, 0x03, 0x00, 0x54, 0x1e, 0x43, 0x12, 0xa4, 0x5f, 0x43, 0x12, 0xa4, 0xee, 0x43, 0x01, 0x91, // 04c0
	0x52, 0x82, 0x00, 0x91, 0xc2, 0xa3, 0x1f, 0x24, 0xc2, 0x1d, 0x80, 0xe5, 0xee, 0x50, 0x7f, 0x04, // 04d0
	0xcf, 0x51, 0x40, 0xb9, 0xff, 0x05, 0x00, 0x31, 0xef, 0x03, 0x02, 0xaa, 0x80, 0xfe, 0xff, 0x54, // 04e0
	0x39, 0x00, 0x00, 0x14, 0x2f, 0x00, 0x80, 0x52, 0x26, 0x00, 0x00, 0x90, 0xc6, 0x10, 0x2d, 0x91, // 04f0
	0x2a, 0x50, 0x3f, 0x04, 0xed, 0x07, 0x40, 0xf9, 0x4a, 0x45, 0x40, 0xf9, 0x12, 0x04, 0x40, 0xf9, // 0500
	0x1f, 0x01, 0x12, 0xeb, 0xe3, 0x06, 0x00, 0x54, 0x40, 0x00, 0x00, 0x14, 0xef, 0x03, 0x1f, 0xaa, // 0510
	0x26, 0x00, 0x00, 0x90, 0xc6, 0x10, 0x2d, 0x91, 0x12, 0x04, 0x40, 0xf9, 0x1f, 0x01, 0x12, 0xeb, // 0520
	0x03, 0x06, 0x00, 0x54, 0x39, 0x00, 0x00, 0x14, 0x22, 0x03, 0x17, 0x0b, 0x42, 0x00, 0x12, 0x0b, // 0530
	0x42, 0x04, 0x00, 0x11, 0x42, 0x2c, 0x40, 0x92, 0x5f, 0x80, 0x3f, 0xf1, 0xa8, 0x02, 0x00, 0x54, // 0540
	0x42, 0x03, 0x12, 0x0b, 0x42, 0x2c, 0x40, 0x92, 0x5f, 0x84, 0x3f, 0xf1, 0x22, 0x02, 0x00, 0x54, // 0550
	0x1e, 0x43, 0x12, 0xa4, 0x5f, 0x43, 0x12, 0xa4, 0xee, 0x43, 0x01, 0x91, 0x26, 0x00, 0x00, 0x90, // 0560
	0xc6, 0x10, 0x2d, 0x91, 0xc2, 0xa3, 0x1f, 0x24, 0xc2, 0x1d, 0x80, 0xe5, 0xee, 0x50, 0x7f, 0x04, // 0570
	0xd2, 0x51, 0x40, 0xb9, 0xe2, 0x03, 0x32, 0x2a, 0x5f, 0x06, 0x00, 0x31, 0x42, 0x00, 0xc0, 0xda, // 0580
	0x52, 0x10, 0xc0, 0xda, 0x42, 0x12, 0x4f, 0xfa, 0xf2, 0x37, 0x9f, 0x1a, 0x11, 0x00, 0x00, 0x14, // 0590
	0xe2, 0x41, 0x00, 0xf1, 0xc3, 0x11, 0x00, 0x54, 0x1e, 0x6b, 0xf2, 0x3c, 0x5f, 0x6b, 0xf2, 0x3c, // 05a0
	0x52, 0x42, 0x00, 0x91, 0xfe, 0x8f, 0x3e, 0x6e, 0xde, 0x1f, 0x30, 0x4e, 0xde, 0x03, 0x11, 0x4e, // 05b0
	0xde, 0xbb, 0x71, 0x4e, 0xcf, 0x03, 0x26, 0x1e, 0x24, 0x02, 0x2f, 0x0a, 0xef, 0x03, 0x02, 0xaa, // 05c0
	0x84, 0xfe, 0xff, 0x34, 0xf2, 0x03, 0x1f, 0x2a, 0x26, 0x00, 0x00, 0x90, 0xc6, 0x10, 0x2d, 0x91, // 05d0
	0xef, 0x03, 0x12, 0x2a, 0x12, 0x04, 0x40, 0xf9, 0x1f, 0x01, 0x12, 0xeb, 0x62, 0x01, 0x00, 0x54, // 05e0
	0xe2, 0x6a, 0x68, 0x38, 0x5f, 0x34, 0x00, 0x71, 0x00, 0x01, 0x00, 0x54, 0x5f, 0x80, 0x00, 0x71, // 05f0
	0xc0, 0x00, 0x00, 0x54, 0x42, 0x2c, 0x00, 0x51, 0x5f, 0x08, 0x00, 0x31, 0x62, 0x00, 0x00, 0x54, // 0600
	0xf9, 0x03, 0x08, 0xaa, 0x31, 0x00, 0x00, 0x14, 0x19, 0x05, 0x00, 0x91, 0x3f, 0x03, 0x12, 0xeb, // 0610
	0x22, 0x01, 0x00, 0x54, 0xe2, 0x6a, 0x79, 0x38, 0x5f, 0x34, 0x00, 0x71, 0xc0, 0x00, 0x00, 0x54, // 0620
	0x5f, 0x80, 0x00, 0x71, 0x80, 0x00, 0x00, 0x54, 0x42, 0x2c, 0x00, 0x51, 0x5f, 0x08, 0x00, 0x31, // 0630
	0xc3, 0x04, 0x00, 0x54, 0x19, 0x09, 0x00, 0x91, 0x3f, 0x03, 0x12, 0xeb, 0x22, 0x01, 0x00, 0x54, // 0640
	0xe2, 0x6a, 0x79, 0x38, 0x5f, 0x34, 0x00, 0x71, 0xc0, 0x00, 0x00, 0x54, 0x5f, 0x80, 0x00, 0x71, // 0650
	0x80, 0x00, 0x00, 0x54, 0x42, 0x2c, 0x00, 0x51, 0x5f, 0x08, 0x00, 0x31, 0x63, 0x03, 0x00, 0x54, // 0660
	0x19, 0x0d, 0x00, 0x91, 0x3f, 0x03, 0x12, 0xeb, 0x22, 0x01, 0x00, 0x54, 0xe2, 0x6a, 0x79, 0x38, // 0670
	0x5f, 0x34, 0x00, 0x71, 0xc0, 0x00, 0x00, 0x54, 0x5f, 0x80, 0x00, 0x71, 0x80, 0x00, 0x00, 0x54, // 0680
	0x42, 0x2c, 0x00, 0x51, 0x5f, 0x08, 0x00, 0x31, 0x03, 0x02, 0x00, 0x54, 0x19, 0x11, 0x00, 0x91, // 0690
	0x3f, 0x03, 0x12, 0xeb, 0xe2, 0xb3, 0x01, 0x54, 0xe8, 0x6a, 0x79, 0x38, 0x62, 0x21, 0xc8, 0x9a, // 06a0
	0x1f, 0x81, 0x00, 0x71, 0x48, 0x00, 0x0c, 0x8a, 0x04, 0x99, 0x40, 0xfa, 0xa0, 0x00, 0x00, 0x54, // 06b0
	0x39, 0x07, 0x00, 0x91, 0x5f, 0x02, 0x19, 0xeb, 0x01, 0xff, 0xff, 0x54, 0x40, 0x0e, 0x00, 0x14, // 06c0
	0x3f, 0x03, 0x12, 0xeb, 0xc2, 0xc7, 0x01, 0x54, 0x38, 0x07, 0x00, 0x91, 0x38, 0x00, 0x00, 0xf9, // 06d0
	0xe8, 0x6a, 0x79, 0x38, 0x1f, 0xe9, 0x00, 0x71, 0x21, 0xc7, 0x01, 0x54, 0xef, 0xf2, 0x00, 0xb5, // 06e0
	0x0f, 0x04, 0x40, 0xf9, 0x1f, 0x03, 0x0f, 0xeb, 0x62, 0x01, 0x00, 0x54, 0xe8, 0x6a, 0x78, 0x38, // 06f0
	0x1f, 0x35, 0x00, 0x71, 0x00, 0x01, 0x00, 0x54, 0x1f, 0x81, 0x00, 0x71, 0xc0, 0x00, 0x00, 0x54, // 0700
	0x08, 0x2d, 0x00, 0x51, 0x1f, 0x09, 0x00, 0x31, 0x62, 0x00, 0x00, 0x54, 0xe8, 0x03, 0x18, 0xaa, // 0710
	0x4c, 0x00, 0x00, 0x14, 0x28, 0x0b, 0x00, 0x91, 0x1f, 0x01, 0x0f, 0xeb, 0x22, 0x01, 0x00, 0x54, // 0720
	0xf2, 0x6a, 0x68, 0x38, 0x5f, 0x36, 0x00, 0x71, 0xc0, 0x00, 0x00, 0x54, 0x5f, 0x82, 0x00, 0x71, // 0730
	0x80, 0x00, 0x00, 0x54, 0x52, 0x2e, 0x00, 0x51, 0x5f, 0x0a, 0x00, 0x31, 0x23, 0x08, 0x00, 0x54, // 0740
	0x28, 0x0f, 0x00, 0x91, 0x1f, 0x01, 0x0f, 0xeb, 0x22, 0x01, 0x00, 0x54, 0xf2, 0x6a, 0x68, 0x38, // 0750
	0x5f, 0x36, 0x00, 0x71, 0xc0, 0x00, 0x00, 0x54, 0x5f, 0x82, 0x00, 0x71, 0x80, 0x00, 0x00, 0x54, // 0760
	0x52, 0x2e, 0x00, 0x51, 0x5f, 0x0a, 0x00, 0x31, 0xc3, 0x06, 0x00, 0x54, 0x28, 0x13, 0x00, 0x91, // 0770
	0x1f, 0x01, 0x0f, 0xeb, 0x22, 0x01, 0x00, 0x54, 0xf2, 0x6a, 0x68, 0x38, 0x5f, 0x36, 0x00, 0x71, // 0780
	0xc0, 0x00, 0x00, 0x54, 0x5f, 0x82, 0x00, 0x71, 0x80, 0x00, 0x00, 0x54, 0x52, 0x2e, 0x00, 0x51, // 0790
	0x5f, 0x0a, 0x00, 0x31, 0x63, 0x05, 0x00, 0x54, 0x28, 0x17, 0x00, 0x91, 0x1f, 0x01, 0x0f, 0xeb, // 07a0
	0x42, 0x2d, 0x00, 0x54, 0xf2, 0x6a, 0x68, 0x38, 0x62, 0x21, 0xd2, 0x9a, 0x5f, 0x82, 0x00, 0x71, // 07b0
	0x52, 0x00, 0x0c, 0x8a, 0x44, 0x9a, 0x40, 0xfa, 0x00, 0x04, 0x00, 0x54, 0x08, 0x05, 0x00, 0x91, // 07c0
	0xff, 0x01, 0x08, 0xeb, 0x01, 0xff, 0xff, 0x54, 0x62, 0x01, 0x00, 0x14, 0x22, 0x03, 0x17, 0x0b, // 07d0
	0x18, 0x03, 0x12, 0x8b, 0x42, 0x00, 0x12, 0x0b, 0x42, 0x04, 0x00, 0x11, 0x42, 0x2c, 0x40, 0x92, // 07e0
	0x5f, 0xc0, 0x3f, 0xf1, 0x42, 0x03, 0x12, 0x8b, 0x68, 0x12, 0x00, 0x54, 0x44, 0x2c, 0x40, 0x92, // 07f0
	0x9f, 0xc4, 0x3f, 0xf1, 0x02, 0x12, 0x00, 0x54, 0x1e, 0x03, 0xc0, 0x3d, 0x5f, 0x00, 0xc0, 0x3d, // 0800
	0x26, 0x00, 0x00, 0x90, 0xc6, 0x10, 0x2d, 0x91, 0xfe, 0x8f, 0x3e, 0x6e, 0xde, 0x1f, 0x30, 0x4e, // 0810
	0xde, 0x03, 0x11, 0x4e, 0xde, 0xbb, 0x71, 0x4e, 0xd2, 0x03, 0x26, 0x1e, 0x32, 0x02, 0x32, 0x6a, // 0820
	0x52, 0x02, 0xc0, 0xda, 0xe2, 0x17, 0x9f, 0x1a, 0x52, 0x12, 0xc0, 0xda, 0x5f, 0x02, 0x0f, 0xeb, // 0830
	0x52, 0x34, 0x9f, 0x1a, 0x67, 0xff, 0xff, 0x17, 0x1f, 0x01, 0x0f, 0xeb, 0xa2, 0x28, 0x00, 0x54, // 0840
	0x18, 0x05, 0x00, 0x91, 0x38, 0x00, 0x00, 0xf9, 0xef, 0x6a, 0x68, 0x38, 0xff, 0x69, 0x01, 0x71, // 0850
	0x6c, 0x0c, 0x00, 0x54, 0xff, 0xbd, 0x00, 0x71, 0x2d, 0x0e, 0x00, 0x54, 0xef, 0xc1, 0x00, 0x51, // 0860
	0xff, 0x29, 0x00, 0x71, 0x22, 0x27, 0x00, 0x54, 0x0f, 0x04, 0x40, 0xf9, 0xef, 0x01, 0x18, 0xcb, // 0870
	0xff, 0x81, 0x00, 0xf1, 0x03, 0x03, 0x00, 0x54, 0xf2, 0x03, 0x1f, 0xaa, 0xfe, 0x42, 0x18, 0xa4, // 0880
	0xee, 0x43, 0x01, 0x91, 0xc2, 0xa3, 0x02, 0x24, 0xc3, 0xa3, 0x03, 0x24, 0xc4, 0xa3, 0x04, 0x24, // 0890
	0xc2, 0x1d, 0x80, 0xe5, 0xc3, 0x19, 0x80, 0xe5, 0xc4, 0x15, 0x80, 0xe5, 0xee, 0x50, 0x7f, 0x04, // 08a0
	0xc2, 0x51, 0x40, 0xb9, 0xce, 0x50, 0x7f, 0x04, 0xc4, 0x51, 0x40, 0xb9, 0xae, 0x50, 0x7f, 0x04, // 08b0
	0xc5, 0x51, 0x40, 0xb9, 0x82, 0x00, 0x02, 0x2a, 0x42, 0x00, 0x05, 0x2a, 0x22, 0x06, 0x00, 0x35, // 08c0
	0xef, 0x81, 0x00, 0xd1, 0x18, 0x83, 0x00, 0x91, 0x52, 0x82, 0x00, 0x91, 0xff, 0x7d, 0x00, 0xf1, // 08d0
	0x68, 0xfd, 0xff, 0x54, 0xe8, 0x02, 0x18, 0x8b, 0xff, 0x41, 0x00, 0xf1, 0x63, 0x02, 0x00, 0x54, // 08e0
	0xe2, 0x02, 0x08, 0xcb, 0x12, 0x01, 0x17, 0xcb, 0x1e, 0x01, 0xc0, 0x3d, 0xdf, 0x1f, 0x26, 0x4e, // 08f0
	0xde, 0x8f, 0x25, 0x6e, 0xff, 0x8f, 0x27, 0x6e, 0xfe, 0x1f, 0xbe, 0x4e, 0xde, 0x1f, 0x30, 0x4e, // 0900
	0xde, 0x03, 0x11, 0x4e, 0xde, 0xbb, 0x71, 0x4e, 0xc4, 0x03, 0x26, 0x1e, 0x64, 0x4f, 0x00, 0x35, // 0910
	0xef, 0x41, 0x00, 0xd1, 0x08, 0x41, 0x00, 0x91, 0x42, 0x40, 0x00, 0xd1, 0xff, 0x3d, 0x00, 0xf1, // 0920
	0x52, 0x42, 0x00, 0x91, 0x28, 0xfe, 0xff, 0x54, 0x05, 0xc0, 0x84, 0xd2, 0x25, 0x00, 0xc2, 0xf2, // 0930
	0x4f, 0x02, 0x00, 0xb4, 0x12, 0x01, 0x0f, 0x8b, 0x18, 0x01, 0x17, 0xcb, 0x02, 0x01, 0x40, 0x39, // 0940
	0x5f, 0xb0, 0x00, 0x71, 0x88, 0x00, 0x00, 0x54, 0x64, 0x21, 0xc2, 0x9a, 0x9f, 0x00, 0x05, 0xea, // 0950
	0x01, 0x74, 0x00, 0x54, 0x5f, 0xf4, 0x01, 0x71, 0xc0, 0x73, 0x00, 0x54, 0x5f, 0x74, 0x01, 0x71, // 0960
	0x80, 0x73, 0x00, 0x54, 0xef, 0x05, 0x00, 0xf1, 0x08, 0x05, 0x00, 0x91, 0x18, 0x07, 0x00, 0x91, // 0970
	0x61, 0xfe, 0xff, 0x54, 0xe8, 0x03, 0x12, 0xaa, 0x18, 0x01, 0x17, 0xcb, 0x95, 0x03, 0x00, 0x14, // 0980
	0x4f, 0x00, 0xc0, 0x5a, 0xef, 0x11, 0xc0, 0x5a, 0xf8, 0x01, 0x18, 0x8b, 0x1f, 0x07, 0x00, 0xf1, // 0990
	0x38, 0x00, 0x00, 0xf9, 0xeb, 0x1d, 0x00, 0x54, 0xef, 0x01, 0x12, 0x8b, 0xf2, 0x02, 0x08, 0x8b, // 09a0
	0x42, 0x6a, 0x6f, 0x38, 0x64, 0x21, 0xc2, 0x9a, 0x5f, 0x80, 0x00, 0x71, 0x82, 0x00, 0x0c, 0x8a, // 09b0
	0x44, 0x98, 0x40, 0xfa, 0x40, 0x25, 0x00, 0x54, 0x04, 0x01, 0x0f, 0x8b, 0xef, 0x05, 0x00, 0xd1, // 09c0
	0x02, 0x01, 0x0f, 0x8b, 0x24, 0x00, 0x00, 0xf9, 0x45, 0x08, 0x00, 0x91, 0xbf, 0x04, 0x00, 0xf1, // 09d0
	0x8c, 0xfe, 0xff, 0x54, 0x58, 0x04, 0x00, 0x91, 0xde, 0x00, 0x00, 0x14, 0xff, 0xb5, 0x01, 0x71, // 09e0
	0x2d, 0x03, 0x00, 0x54, 0xff, 0xb9, 0x01, 0x71, 0x80, 0x1a, 0x00, 0x54, 0xff, 0xd1, 0x01, 0x71, // 09f0
	0x40, 0x1a, 0x00, 0x54, 0xff, 0xed, 0x01, 0x71, 0x81, 0x1a, 0x00, 0x54, 0x0f, 0x04, 0x40, 0xf9, // 0a00
	0xfd, 0x03, 0x1f, 0xaa, 0xfa, 0x03, 0x1f, 0xaa, 0xe8, 0x03, 0x1f, 0xaa, 0xf9, 0x03, 0x1f, 0xaa, // 0a10
	0xfb, 0x01, 0x18, 0xcb, 0xf8, 0x02, 0x18, 0x8b, 0x1a, 0x00, 0x00, 0x14, 0xaf, 0x19, 0x00, 0x34, // 0a20
	0xff, 0x89, 0x00, 0x71, 0x80, 0x26, 0x00, 0x54, 0xff, 0xb5, 0x00, 0x71, 0xe0, 0xf1, 0xff, 0x54, // 0a30
	0xc6, 0x00, 0x00, 0x14, 0x7f, 0x03, 0x12, 0xeb, 0x81, 0x21, 0x00, 0x54, 0x32, 0x00, 0x80, 0x52, // 0a40
	0xe2, 0xfe, 0xff, 0x17, 0xff, 0x6d, 0x01, 0x71, 0xa0, 0x2b, 0x00, 0x54, 0xff, 0x99, 0x01, 0x71, // 0a50
	0xc1, 0x17, 0x00, 0x54, 0x0f, 0x04, 0x40, 0xf9, 0x08, 0x15, 0x00, 0x91, 0xb9, 0x00, 0x00, 0x14, // 0a60
	0x5e, 0x00, 0x67, 0x9e, 0x5d, 0xfe, 0x7f, 0x93, 0xf8, 0x81, 0x00, 0x91, 0xfb, 0x03, 0x17, 0xaa, // 0a70
	0xde, 0x5b, 0x20, 0x0e, 0xde, 0x3b, 0x30, 0x2e, 0xc2, 0x03, 0x26, 0x1e, 0x48, 0x00, 0x08, 0x8b, // 0a80
	0x77, 0x03, 0x01, 0xf1, 0x8b, 0x0e, 0x00, 0x54, 0x1e, 0xa3, 0x00, 0xa4, 0x1f, 0x43, 0x10, 0xa4, // 0a90
	0xee, 0x43, 0x01, 0x91, 0xc2, 0xa3, 0x00, 0x24, 0xe3, 0xa3, 0x00, 0x24, 0xc2, 0x1d, 0x80, 0xe5, // 0aa0
	0xc3, 0x19, 0x80, 0xe5, 0xee, 0x50, 0x7f, 0x04, 0x1e, 0xa3, 0x00, 0xa4, 0x1f, 0x43, 0x10, 0xa4, // 0ab0
	0xcf, 0x51, 0x40, 0xb9, 0xee, 0x43, 0x01, 0x91, 0xc2, 0xa3, 0x01, 0x24, 0xe3, 0xa3, 0x01, 0x24, // 0ac0
	0xc2, 0x1d, 0x80, 0xe5, 0xce, 0x50, 0x7f, 0x04, 0xd2, 0x51, 0x40, 0xb9, 0xee, 0x43, 0x01, 0x91, // 0ad0
	0xc3, 0x19, 0x80, 0xe5, 0xce, 0x50, 0x7f, 0x04, 0xc2, 0x51, 0x40, 0xb9, 0xee, 0x50, 0x7f, 0x04, // 0ae0
	0xc4, 0x51, 0x40, 0xb9, 0x82, 0x80, 0x02, 0xaa, 0x44, 0x00, 0x1a, 0xaa, 0x84, 0x00, 0x00, 0xb5, // 0af0
	0xfa, 0x03, 0x1f, 0xaa, 0xe2, 0x03, 0x1f, 0xaa, 0x0a, 0x00, 0x00, 0x14, 0x44, 0x00, 0x3a, 0x8a, // 0b00
	0x45, 0x07, 0x04, 0xaa, 0x42, 0x00, 0x25, 0x8a, 0x42, 0xf0, 0x01, 0x92, 0x42, 0x00, 0x04, 0xab, // 0b10
	0x42, 0xf8, 0x7f, 0xd3, 0xfa, 0x37, 0x9f, 0x1a, 0x42, 0xf0, 0x00, 0xd2, 0x42, 0x00, 0x05, 0x8a, // 0b20
	0xef, 0x81, 0x12, 0xaa, 0xee, 0x43, 0x01, 0x91, 0xef, 0x01, 0x22, 0x8a, 0xfe, 0x0d, 0x08, 0x4e, // 0b30
	0xf2, 0xe1, 0x02, 0x92, 0xef, 0xe1, 0x01, 0x92, 0x5f, 0x0e, 0x08, 0x4e, 0xea, 0x0d, 0x08, 0x4e, // 0b40
	0xeb, 0xbf, 0x20, 0x04, 0x4b, 0x06, 0xd0, 0x04, 0x4d, 0xbd, 0x20, 0x04, 0x0d, 0x07, 0xd0, 0x04, // 0b50
	0x0f, 0x83, 0x00, 0x91, 0xde, 0x1f, 0x32, 0x4e, 0xcc, 0xbf, 0x20, 0x04, 0xac, 0x06, 0xd0, 0x04, // 0b60
	0x8b, 0x1d, 0x2b, 0x6e, 0xff, 0x06, 0xd0, 0x04, 0x2a, 0x07, 0xd0, 0x04, 0xc8, 0x07, 0x08, 0x4e, // 0b70
	0xc9, 0x07, 0x18, 0x4e, 0xde, 0x43, 0x1e, 0x6e, 0xff, 0x1f, 0x2a, 0x6e, 0x0a, 0xa3, 0x00, 0xa4, // 0b80
	0x88, 0x06, 0xd0, 0x04, 0xc9, 0x06, 0xd0, 0x04, 0x7e, 0x06, 0xd0, 0x04, 0x42, 0xa1, 0x1d, 0x24, // 0b90
	0x08, 0x1d, 0x29, 0x6e, 0x69, 0x1d, 0x2d, 0x6e, 0xeb, 0xa1, 0x00, 0xa4, 0xc2, 0x1d, 0x80, 0xe5, // 0ba0
	0x1f, 0x1d, 0x3f, 0x6e, 0xde, 0x1f, 0x29, 0x6e, 0x63, 0xa1, 0x1d, 0x24, 0xde, 0x1f, 0x3a, 0x4e, // 0bb0
	0xff, 0x1f, 0x34, 0x4e, 0xc3, 0x19, 0x80, 0xe5, 0xe8, 0xa1, 0x00, 0xa4, 0xee, 0x50, 0x7f, 0x04, // 0bc0
	0xc2, 0x51, 0x40, 0xb9, 0xee, 0x43, 0x01, 0x91, 0xfe, 0x1f, 0xbe, 0x4e, 0x1f, 0xa3, 0x00, 0xa4, // 0bd0
	0x03, 0xa1, 0x02, 0x24, 0xe2, 0xa3, 0x02, 0x24, 0xc9, 0x43, 0x1e, 0x6e, 0xc2, 0x1d, 0x80, 0xe5, // 0be0
	0xce, 0x50, 0x7f, 0x04, 0xc4, 0x51, 0x40, 0xb9, 0xee, 0x43, 0x01, 0x91, 0xde, 0x1f, 0xa9, 0x0e, // 0bf0
	0xc3, 0x19, 0x80, 0xe5, 0xce, 0x50, 0x7f, 0x04, 0xd2, 0x51, 0x40, 0xb9, 0xee, 0x50, 0x7f, 0x04, // 0c00
	0x42, 0x80, 0x04, 0xaa, 0xc5, 0x51, 0x40, 0xb9, 0xa5, 0x80, 0x12, 0xaa, 0xd2, 0x03, 0x66, 0x9e, // 0c10
	0x52, 0x02, 0x1d, 0xca, 0xb8, 0x00, 0x32, 0xea, 0x42, 0x00, 0x32, 0x8a, 0x20, 0xf2, 0xff, 0x54, // 0c20
	0x04, 0x07, 0x00, 0xd1, 0x85, 0x00, 0x02, 0x8a, 0xbe, 0x00, 0x67, 0x9e, 0xde, 0x5b, 0x20, 0x0e, // 0c30
	0xde, 0x3b, 0x30, 0x2e, 0xc5, 0x03, 0x26, 0x1e, 0xa5, 0x00, 0x08, 0x8b, 0xbf, 0x00, 0x19, 0xeb, // 0c40
	0x69, 0x33, 0x00, 0x54, 0x98, 0x00, 0x18, 0xea, 0x39, 0x07, 0x00, 0x91, 0xa1, 0xfe, 0xff, 0x54, // 0c50
	0x84, 0xff, 0xff, 0x17, 0xea, 0x43, 0x00, 0x91, 0x7f, 0x03, 0x00, 0xf1, 0xcd, 0x57, 0x00, 0x54, // 0c60
	0x0f, 0x2f, 0x40, 0x92, 0xfc, 0xf3, 0x00, 0xad, 0xff, 0x05, 0x3f, 0xf1, 0xfc, 0xf3, 0x01, 0xad, // 0c70
	0x83, 0x05, 0x00, 0x54, 0x72, 0x83, 0x00, 0xf1, 0xe3, 0x00, 0x00, 0x54, 0x1e, 0xa3, 0x00, 0xa4, // 0c80
	0x18, 0x83, 0x00, 0x91, 0x5e, 0xe1, 0x00, 0xe4, 0x2a, 0x50, 0x3f, 0x04, 0x4f, 0x45, 0x40, 0xf9, // 0c90
	0x03, 0x00, 0x00, 0x14, 0xef, 0x43, 0x00, 0x91, 0xf2, 0x03, 0x1b, 0xaa, 0x42, 0x42, 0x00, 0xf1, // 0ca0
	0x43, 0x02, 0x00, 0x54, 0x1e, 0x07, 0xc1, 0x3c, 0xf2, 0x03, 0x02, 0xaa, 0xfe, 0x05, 0x81, 0x3c, // 0cb0
	0x42, 0x20, 0x00, 0xf1, 0xe2, 0x01, 0x00, 0x54, 0x42, 0x12, 0x00, 0xf1, 0x43, 0x02, 0x00, 0x54, // 0cc0
	0x12, 0x47, 0x40, 0xb8, 0xf2, 0x45, 0x00, 0xb8, 0xf2, 0x03, 0x02, 0xaa, 0x42, 0x08, 0x00, 0xf1, // 0cd0
	0xe2, 0x01, 0x00, 0x54, 0x52, 0x02, 0x00, 0xb4, 0x12, 0x03, 0x40, 0x39, 0xf8, 0x43, 0x00, 0x91, // 0ce0
	0xf2, 0x01, 0x00, 0x39, 0x0f, 0x00, 0x00, 0x14, 0x42, 0x22, 0x00, 0xf1, 0x63, 0xfe, 0xff, 0x54, // 0cf0
	0x12, 0x87, 0x40, 0xf8, 0xf2, 0x85, 0x00, 0xf8, 0xf2, 0x03, 0x02, 0xaa, 0x42, 0x10, 0x00, 0xf1, // 0d00
	0x02, 0xfe, 0xff, 0x54, 0x42, 0x0a, 0x00, 0xf1, 0x63, 0xfe, 0xff, 0x54, 0x12, 0x27, 0x40, 0x78, // 0d10
	0xf2, 0x25, 0x00, 0x78, 0xf2, 0x03, 0x02, 0xaa, 0x02, 0xfe, 0xff, 0xb5, 0xf8, 0x43, 0x00, 0x91, // 0d20
	0x2a, 0x50, 0x3f, 0x04, 0xed, 0x07, 0x40, 0xf9, 0x4a, 0x45, 0x40, 0xf9, 0x57, 0xff, 0xff, 0x17, // 0d30
	0xe6, 0x02, 0x1d, 0x8b, 0x5a, 0x00, 0x00, 0x14, 0x0f, 0x04, 0x40, 0xf9, 0x08, 0x11, 0x00, 0x91, // 0d40
	0x1f, 0x01, 0x0f, 0xeb, 0x68, 0x00, 0x00, 0x54, 0x28, 0x00, 0x00, 0xf9, 0xf8, 0x03, 0x08, 0xaa, // 0d50
	0x17, 0x20, 0x40, 0xa9, 0x1f, 0x03, 0x08, 0xeb, 0x62, 0x01, 0x00, 0x54, 0xef, 0x6a, 0x78, 0x38, // 0d60
	0xff, 0x35, 0x00, 0x71, 0x00, 0x01, 0x00, 0x54, 0xff, 0x81, 0x00, 0x71, 0xc0, 0x00, 0x00, 0x54, // 0d70
	0xef, 0x2d, 0x00, 0x51, 0xff, 0x09, 0x00, 0x31, 0x62, 0x00, 0x00, 0x54, 0xf9, 0x03, 0x18, 0xaa, // 0d80
	0x31, 0x00, 0x00, 0x14, 0x19, 0x07, 0x00, 0x91, 0x3f, 0x03, 0x08, 0xeb, 0x22, 0x01, 0x00, 0x54, // 0d90
	0xef, 0x6a, 0x79, 0x38, 0xff, 0x35, 0x00, 0x71, 0xc0, 0x00, 0x00, 0x54, 0xff, 0x81, 0x00, 0x71, // 0da0
	0x80, 0x00, 0x00, 0x54, 0xef, 0x2d, 0x00, 0x51, 0xff, 0x09, 0x00, 0x31, 0xc3, 0x04, 0x00, 0x54, // 0db0
	0x19, 0x0b, 0x00, 0x91, 0x3f, 0x03, 0x08, 0xeb, 0x22, 0x01, 0x00, 0x54, 0xef, 0x6a, 0x79, 0x38, // 0dc0
	0xff, 0x35, 0x00, 0x71, 0xc0, 0x00, 0x00, 0x54, 0xff, 0x81, 0x00, 0x71, 0x80, 0x00, 0x00, 0x54, // 0dd0
	0xef, 0x2d, 0x00, 0x51, 0xff, 0x09, 0x00, 0x31, 0x63, 0x03, 0x00, 0x54, 0x19, 0x0f, 0x00, 0x91, // 0de0
	0x3f, 0x03, 0x08, 0xeb, 0x22, 0x01, 0x00, 0x54, 0xef, 0x6a, 0x79, 0x38, 0xff, 0x35, 0x00, 0x71, // 0df0
	0xc0, 0x00, 0x00, 0x54, 0xff, 0x81, 0x00, 0x71, 0x80, 0x00, 0x00, 0x54, 0xef, 0x2d, 0x00, 0x51, // 0e00
	0xff, 0x09, 0x00, 0x31, 0x03, 0x02, 0x00, 0x54, 0x19, 0x13, 0x00, 0x91, 0x3f, 0x03, 0x08, 0xeb, // 0e10
	0x02, 0x78, 0x01, 0x54, 0xef, 0x6a, 0x79, 0x38, 0x72, 0x21, 0xcf, 0x9a, 0xff, 0x81, 0x00, 0x71, // 0e20
	0x4f, 0x02, 0x0c, 0x8a, 0xe4, 0x99, 0x40, 0xfa, 0xa0, 0x00, 0x00, 0x54, 0x39, 0x07, 0x00, 0x91, // 0e30
	0x1f, 0x01, 0x19, 0xeb, 0x01, 0xff, 0xff, 0x54, 0x61, 0x0c, 0x00, 0x14, 0x3f, 0x03, 0x08, 0xeb, // 0e40
	0xe2, 0x8b, 0x01, 0x54, 0x3a, 0x07, 0x00, 0x91, 0x3a, 0x00, 0x00, 0xf9, 0xe8, 0x6a, 0x79, 0x38, // 0e50
	0x1f, 0xb1, 0x00, 0x71, 0x60, 0x9f, 0xff, 0x54, 0x57, 0x0c, 0x00, 0x14, 0x08, 0x01, 0x0f, 0x8b, // 0e60
	0x18, 0x05, 0x00, 0x91, 0xbb, 0xff, 0xff, 0x17, 0x39, 0x00, 0x80, 0x52, 0x26, 0x00, 0x00, 0x90, // 0e70
	0xc6, 0x10, 0x2d, 0x91, 0x12, 0x17, 0x40, 0x38, 0x44, 0x14, 0x40, 0x38, 0x5f, 0x02, 0x04, 0x6b, // 0e80
	0xf2, 0x17, 0x9f, 0x1a, 0x61, 0xba, 0xff, 0x54, 0xff, 0x01, 0x19, 0xeb, 0x39, 0x07, 0x00, 0x91, // 0e90
	0x21, 0xff, 0xff, 0x54, 0xcf, 0xfd, 0xff, 0x17, 0xe6, 0x03, 0x18, 0xaa, 0x1d, 0x81, 0x00, 0xf1, // 0ea0
	0x03, 0x41, 0x00, 0x54, 0xde, 0xa0, 0x00, 0xa4, 0xe8, 0x43, 0x01, 0x91, 0xc2, 0xa3, 0x01, 0x24, // 0eb0
	0xc3, 0xa3, 0x00, 0x24, 0x02, 0x19, 0x80, 0xe5, 0x03, 0x1d, 0x80, 0xe5, 0xc8, 0x50, 0x7f, 0x04, // 0ec0
	0x02, 0x51, 0x40, 0xb9, 0xe8, 0x50, 0x7f, 0x04, 0x08, 0x51, 0x40, 0xb9, 0xe2, 0x3c, 0x00, 0x35, // 0ed0
	0x8f, 0x3d, 0x00, 0xb5, 0x28, 0x3f, 0x00, 0xb4, 0x08, 0x01, 0xc0, 0xda, 0xcf, 0x00, 0x17, 0xcb, // 0ee0
	0x08, 0x11, 0xc0, 0xda, 0xe8, 0x01, 0x08, 0x8b, 0x08, 0x05, 0x00, 0x91, 0xe8, 0xab, 0xff, 0xb6, // 0ef0
	0x58, 0x0e, 0x00, 0x14, 0x12, 0x04, 0x40, 0xf9, 0x4f, 0x02, 0x18, 0xcb, 0xff, 0x81, 0x00, 0xf1, // 0f00
	0x2b, 0x3a, 0x00, 0x54, 0xef, 0x03, 0x1f, 0xaa, 0xfb, 0x03, 0x1f, 0xaa, 0xf9, 0x02, 0x08, 0x8b, // 0f10
	0x52, 0x02, 0x08, 0xcb, 0xfa, 0x03, 0x80, 0x52, 0x22, 0x03, 0x0f, 0x8b, 0xee, 0x43, 0x01, 0x91, // 0f20
	0x5e, 0x40, 0x0b, 0xa4, 0xc2, 0xa3, 0x00, 0x24, 0xc2, 0x1d, 0x80, 0xe5, 0xee, 0x50, 0x7f, 0x04, // 0f30
	0x5e, 0x40, 0x0b, 0xa4, 0xc2, 0x51, 0x40, 0xb9, 0xee, 0x43, 0x01, 0x91, 0xc2, 0xa3, 0x01, 0x24, // 0f40
	0xc2, 0x1d, 0x80, 0xe5, 0xee, 0x50, 0x7f, 0x04, 0xc4, 0x51, 0x40, 0xb9, 0x44, 0x00, 0x00, 0x35, // 0f50
	0x9b, 0x01, 0x00, 0xb4, 0x85, 0x00, 0x3b, 0x0a, 0x66, 0x07, 0x05, 0x2a, 0x84, 0x00, 0x26, 0x0a, // 0f60
	0x84, 0xf0, 0x01, 0x12, 0x84, 0x00, 0x05, 0x2b, 0x84, 0x78, 0x1f, 0x53, 0xfb, 0x37, 0x9f, 0x1a, // 0f70
	0x84, 0xf0, 0x00, 0x52, 0x84, 0x00, 0x06, 0x0a, 0xe4, 0x03, 0x24, 0x2a, 0x82, 0x00, 0x02, 0x8a, // 0f80
	0xe2, 0x1a, 0x00, 0xb5, 0x5a, 0x83, 0x00, 0xd1, 0xef, 0x81, 0x00, 0x91, 0x42, 0x02, 0x1a, 0x8b, // 0f90
	0x5f, 0xfc, 0x00, 0xf1, 0x2c, 0xfc, 0xff, 0x54, 0x3b, 0x3e, 0x00, 0xb5, 0xe8, 0x02, 0x08, 0x8b, // 0fa0
	0x08, 0x01, 0x0f, 0x8b, 0xef, 0x03, 0x2f, 0xaa, 0x08, 0x05, 0x00, 0x91, 0xef, 0x01, 0x12, 0x8b, // 0fb0
	0xff, 0x05, 0x00, 0xf1, 0x4a, 0x3f, 0x00, 0x54, 0x07, 0x02, 0x00, 0x14, 0x0f, 0x04, 0x40, 0xf9, // 0fc0
	0xfd, 0x03, 0x1f, 0xaa, 0xfa, 0x03, 0x1f, 0xaa, 0xe8, 0x03, 0x1f, 0xaa, 0xf9, 0x03, 0x1f, 0xaa, // 0fd0
	0xfb, 0x01, 0x18, 0xcb, 0xf8, 0x02, 0x18, 0x8b, 0x09, 0x00, 0x00, 0x14, 0x5e, 0x00, 0x67, 0x9e, // 0fe0
	0x5d, 0xfe, 0x7f, 0x93, 0xf8, 0x81, 0x00, 0x91, 0xfb, 0x03, 0x17, 0xaa, 0xde, 0x5b, 0x20, 0x0e, // 0ff0
	0xde, 0x3b, 0x30, 0x2e, 0xc2, 0x03, 0x26, 0x1e, 0x48, 0x00, 0x08, 0x8b, 0x77, 0x03, 0x01, 0xf1, // 1000
	0x8b, 0x0e, 0x00, 0x54, 0x1e, 0xa3, 0x00, 0xa4, 0x1f, 0x43, 0x10, 0xa4, 0xee, 0x43, 0x01, 0x91, // 1010
	0xc2, 0xa3, 0x00, 0x24, 0xe3, 0xa3, 0x00, 0x24, 0xc2, 0x1d, 0x80, 0xe5, 0xc3, 0x19, 0x80, 0xe5, // 1020
	0xee, 0x50, 0x7f, 0x04, 0x1e, 0xa3, 0x00, 0xa4, 0x1f, 0x43, 0x10, 0xa4, 0xcf, 0x51, 0x40, 0xb9, // 1030
	0xee, 0x43, 0x01, 0x91, 0xc2, 0xa3, 0x01, 0x24, 0xe3, 0xa3, 0x01, 0x24, 0xc2, 0x1d, 0x80, 0xe5, // 1040
	0xce, 0x50, 0x7f, 0x04, 0xd2, 0x51, 0x40, 0xb9, 0xee, 0x43, 0x01, 0x91, 0xc3, 0x19, 0x80, 0xe5, // 1050
	0xce, 0x50, 0x7f, 0x04, 0xc2, 0x51, 0x40, 0xb9, 0xee, 0x50, 0x7f, 0x04, 0xc4, 0x51, 0x40, 0xb9, // 1060
	0x82, 0x80, 0x02, 0xaa, 0x44, 0x00, 0x1a, 0xaa, 0x84, 0x00, 0x00, 0xb5, 0xfa, 0x03, 0x1f, 0xaa, // 1070
	0xe2, 0x03, 0x1f, 0xaa, 0x0a, 0x00, 0x00, 0x14, 0x44, 0x00, 0x3a, 0x8a, 0x45, 0x07, 0x04, 0xaa, // 1080
	0x42, 0x00, 0x25, 0x8a, 0x42, 0xf0, 0x01, 0x92, 0x42, 0x00, 0x04, 0xab, 0x42, 0xf8, 0x7f, 0xd3, // 1090
	0xfa, 0x37, 0x9f, 0x1a, 0x42, 0xf0, 0x00, 0xd2, 0x42, 0x00, 0x05, 0x8a, 0xef, 0x81, 0x12, 0xaa, // 10a0
	0xee, 0x43, 0x01, 0x91, 0xef, 0x01, 0x22, 0x8a, 0xfe, 0x0d, 0x08, 0x4e, 0xf2, 0xe1, 0x02, 0x92, // 10b0
	0xef, 0xe1, 0x01, 0x92, 0x5f, 0x0e, 0x08, 0x4e, 0xea, 0x0d, 0x08, 0x4e, 0xeb, 0xbf, 0x20, 0x04, // 10c0
	0x4b, 0x06, 0xd0, 0x04, 0x4d, 0xbd, 0x20, 0x04, 0x0d, 0x07, 0xd0, 0x04, 0x0f, 0x83, 0x00, 0x91, // 10d0
	0xde, 0x1f, 0x32, 0x4e, 0xcc, 0xbf, 0x20, 0x04, 0xac, 0x06, 0xd0, 0x04, 0x8b, 0x1d, 0x2b, 0x6e, // 10e0
	0xff, 0x06, 0xd0, 0x04, 0x2a, 0x07, 0xd0, 0x04, 0xc8, 0x07, 0x08, 0x4e, 0xc9, 0x07, 0x18, 0x4e, // 10f0
	0xde, 0x43, 0x1e, 0x6e, 0xff, 0x1f, 0x2a, 0x6e, 0x0a, 0xa3, 0x00, 0xa4, 0x88, 0x06, 0xd0, 0x04, // 1100
	0xc9, 0x06, 0xd0, 0x04, 0x7e, 0x06, 0xd0, 0x04, 0x42, 0xa1, 0x1b, 0x24, 0x08, 0x1d, 0x29, 0x6e, // 1110
	0x69, 0x1d, 0x2d, 0x6e, 0xeb, 0xa1, 0x00, 0xa4, 0xc2, 0x1d, 0x80, 0xe5, 0x1f, 0x1d, 0x3f, 0x6e, // 1120
	0xde, 0x1f, 0x29, 0x6e, 0x63, 0xa1, 0x1b, 0x24, 0xde, 0x1f, 0x3a, 0x4e, 0xff, 0x1f, 0x34, 0x4e, // 1130
	0xc3, 0x19, 0x80, 0xe5, 0xe8, 0xa1, 0x00, 0xa4, 0xee, 0x50, 0x7f, 0x04, 0xc2, 0x51, 0x40, 0xb9, // 1140
	0xee, 0x43, 0x01, 0x91, 0xfe, 0x1f, 0xbe, 0x4e, 0x1f, 0xa3, 0x00, 0xa4, 0x03, 0xa1, 0x03, 0x24, // 1150
	0xe2, 0xa3, 0x03, 0x24, 0xc9, 0x43, 0x1e, 0x6e, 0xc2, 0x1d, 0x80, 0xe5, 0xce, 0x50, 0x7f, 0x04, // 1160
	0xc4, 0x51, 0x40, 0xb9, 0xee, 0x43, 0x01, 0x91, 0xde, 0x1f, 0xa9, 0x0e, 0xc3, 0x19, 0x80, 0xe5, // 1170
	0xce, 0x50, 0x7f, 0x04, 0xd2, 0x51, 0x40, 0xb9, 0xee, 0x50, 0x7f, 0x04, 0x42, 0x80, 0x04, 0xaa, // 1180
	0xc5, 0x51, 0x40, 0xb9, 0xa5, 0x80, 0x12, 0xaa, 0xd2, 0x03, 0x66, 0x9e, 0x52, 0x02, 0x1d, 0xca, // 1190
	0xb8, 0x00, 0x32, 0xea, 0x42, 0x00, 0x32, 0x8a, 0x20, 0xf2, 0xff, 0x54, 0x04, 0x07, 0x00, 0xd1, // 11a0
	0x85, 0x00, 0x02, 0x8a, 0xbe, 0x00, 0x67, 0x9e, 0xde, 0x5b, 0x20, 0x0e, 0xde, 0x3b, 0x30, 0x2e, // 11b0
	0xc5, 0x03, 0x26, 0x1e, 0xa5, 0x00, 0x08, 0x8b, 0xbf, 0x00, 0x19, 0xeb, 0x89, 0x07, 0x00, 0x54, // 11c0
	0x98, 0x00, 0x18, 0xea, 0x39, 0x07, 0x00, 0x91, 0xa1, 0xfe, 0xff, 0x54, 0x84, 0xff, 0xff, 0x17, // 11d0
	0xea, 0x43, 0x00, 0x91, 0x7f, 0x03, 0x00, 0xf1, 0xed, 0x2b, 0x00, 0x54, 0x0f, 0x2f, 0x40, 0x92, // 11e0
	0xfc, 0xf3, 0x00, 0xad, 0xff, 0x05, 0x3f, 0xf1, 0xfc, 0xf3, 0x01, 0xad, 0x83, 0x05, 0x00, 0x54, // 11f0
	0x72, 0x83, 0x00, 0xf1, 0xe3, 0x00, 0x00, 0x54, 0x1e, 0xa3, 0x00, 0xa4, 0x18, 0x83, 0x00, 0x91, // 1200
	0x5e, 0xe1, 0x00, 0xe4, 0x2a, 0x50, 0x3f, 0x04, 0x4f, 0x45, 0x40, 0xf9, 0x03, 0x00, 0x00, 0x14, // 1210
	0xef, 0x43, 0x00, 0x91, 0xf2, 0x03, 0x1b, 0xaa, 0x42, 0x42, 0x00, 0xf1, 0x43, 0x02, 0x00, 0x54, // 1220
	0x1e, 0x07, 0xc1, 0x3c, 0xf2, 0x03, 0x02, 0xaa, 0xfe, 0x05, 0x81, 0x3c, 0x42, 0x20, 0x00, 0xf1, // 1230
	0xe2, 0x01, 0x00, 0x54, 0x42, 0x12, 0x00, 0xf1, 0x43, 0x02, 0x00, 0x54, 0x12, 0x47, 0x40, 0xb8, // 1240
	0xf2, 0x45, 0x00, 0xb8, 0xf2, 0x03, 0x02, 0xaa, 0x42, 0x08, 0x00, 0xf1, 0xe2, 0x01, 0x00, 0x54, // 1250
	0x52, 0x02, 0x00, 0xb4, 0x12, 0x03, 0x40, 0x39, 0xf8, 0x43, 0x00, 0x91, 0xf2, 0x01, 0x00, 0x39, // 1260
	0x0f, 0x00, 0x00, 0x14, 0x42, 0x22, 0x00, 0xf1, 0x63, 0xfe, 0xff, 0x54, 0x12, 0x87, 0x40, 0xf8, // 1270
	0xf2, 0x85, 0x00, 0xf8, 0xf2, 0x03, 0x02, 0xaa, 0x42, 0x10, 0x00, 0xf1, 0x02, 0xfe, 0xff, 0x54, // 1280
	0x42, 0x0a, 0x00, 0xf1, 0x63, 0xfe, 0xff, 0x54, 0x12, 0x27, 0x40, 0x78, 0xf2, 0x25, 0x00, 0x78, // 1290
	0xf2, 0x03, 0x02, 0xaa, 0x02, 0xfe, 0xff, 0xb5, 0xf8, 0x43, 0x00, 0x91, 0x2a, 0x50, 0x3f, 0x04, // 12a0
	0xed, 0x07, 0x40, 0xf9, 0x4a, 0x45, 0x40, 0xf9, 0x57, 0xff, 0xff, 0x17, 0x08, 0x03, 0xc0, 0xda, // 12b0
	0x0f, 0x04, 0x40, 0xf9, 0x08, 0x11, 0xc0, 0xda, 0x08, 0x01, 0x1b, 0xcb, 0x08, 0x01, 0x0f, 0x8b, // 12c0
	0x0f, 0x05, 0x00, 0x91, 0x2f, 0x00, 0x00, 0xf9, 0x12, 0x04, 0x40, 0xf9, 0xff, 0x01, 0x12, 0xeb, // 12d0
	0x58, 0x26, 0x88, 0x9a, 0x38, 0x00, 0x00, 0xf9, 0x9e, 0xfe, 0xff, 0x17, 0x52, 0x00, 0xc0, 0xda, // 12e0
	0x08, 0x01, 0x0f, 0x8b, 0x52, 0x12, 0xc0, 0xda, 0x48, 0x02, 0x08, 0x8b, 0x18, 0x09, 0x00, 0x91, // 12f0
	0x38, 0x00, 0x00, 0xf9, 0x97, 0xfe, 0xff, 0x17, 0x88, 0x00, 0xc0, 0x5a, 0x08, 0x11, 0xc0, 0x5a, // 1300
	0x18, 0x01, 0x02, 0xcb, 0x1f, 0x07, 0x00, 0xf1, 0x38, 0x00, 0x00, 0xf9, 0x2b, 0xd2, 0xff, 0x54, // 1310
	0xef, 0x02, 0x08, 0x8b, 0xef, 0x05, 0x00, 0xd1, 0xe2, 0x69, 0x72, 0x38, 0x64, 0x21, 0xc2, 0x9a, // 1320
	0x5f, 0x80, 0x00, 0x71, 0x82, 0x00, 0x0c, 0x8a, 0x44, 0x98, 0x40, 0xfa, 0x80, 0x18, 0x00, 0x54, // 1330
	0x02, 0x01, 0x12, 0x8b, 0x52, 0x06, 0x00, 0xd1, 0x18, 0x01, 0x12, 0x8b, 0x42, 0x04, 0x00, 0xd1, // 1340
	0x04, 0x07, 0x00, 0x91, 0x22, 0x00, 0x00, 0xf9, 0x9f, 0x04, 0x00, 0xf1, 0x6c, 0xfe, 0xff, 0x54, // 1350
	0x80, 0xfe, 0xff, 0x17, 0xf9, 0x03, 0x08, 0xaa, 0xe8, 0x02, 0x08, 0x8b, 0x5e, 0x03, 0x1b, 0x8b, // 1360
	0x1d, 0x05, 0x00, 0xd1, 0xff, 0x0b, 0x00, 0xf9, 0x1f, 0x03, 0x1d, 0xeb, 0xe2, 0x15, 0x00, 0x54, // 1370
	0x7f, 0x07, 0x00, 0xf1, 0xab, 0x15, 0x00, 0x54, 0x06, 0x00, 0x00, 0xf0, 0xc6, 0x10, 0x2d, 0x91, // 1380
	0x08, 0x03, 0x40, 0x39, 0x1f, 0x71, 0x01, 0x71, 0xa1, 0x01, 0x00, 0x54, 0xa8, 0x03, 0x18, 0xcb, // 1390
	0x1f, 0x05, 0x00, 0xf1, 0x4b, 0xb0, 0x01, 0x54, 0x0f, 0x07, 0x40, 0x39, 0xcf, 0x68, 0x6f, 0x38, // 13a0
	0xff, 0xfd, 0x03, 0x71, 0x80, 0x01, 0x00, 0x54, 0x2f, 0xaf, 0x01, 0x34, 0xef, 0x43, 0x00, 0x39, // 13b0
	0x18, 0x0b, 0x00, 0x91, 0x2f, 0x00, 0x80, 0x52, 0x3a, 0x00, 0x00, 0x14, 0x4f, 0x03, 0x40, 0x39, // 13c0
	0x1f, 0x01, 0x0f, 0x6b, 0x81, 0x14, 0x00, 0x54, 0x18, 0x07, 0x00, 0x91, 0x5a, 0x07, 0x00, 0x91, // 13d0
	0x46, 0x00, 0x00, 0x14, 0x1f, 0x11, 0x00, 0xf1, 0x03, 0xae, 0x01, 0x54, 0x0f, 0x23, 0x40, 0xb8, // 13e0
	0xe2, 0x01, 0x13, 0x0b, 0x92, 0x02, 0x2f, 0x0a, 0x5f, 0x02, 0x02, 0x6a, 0xa1, 0xac, 0x01, 0x54, // 13f0
	0xe2, 0x01, 0x15, 0x0b, 0x42, 0x00, 0x0f, 0x2a, 0x5f, 0xc0, 0x01, 0x72, 0x21, 0xac, 0x01, 0x54, // 1400
	0xe2, 0xd9, 0x00, 0x12, 0xc4, 0x02, 0x02, 0x4b, 0x45, 0x00, 0x11, 0x0b, 0xa4, 0x00, 0x04, 0x0a, // 1410
	0x9f, 0x00, 0x12, 0x6a, 0x61, 0xab, 0x01, 0x54, 0x44, 0x01, 0x02, 0x4b, 0x42, 0x00, 0x0d, 0x0b, // 1420
	0x42, 0x00, 0x04, 0x0a, 0x5f, 0x00, 0x12, 0x6a, 0xc1, 0xaa, 0x01, 0x54, 0xef, 0x09, 0xc0, 0x5a, // 1430
	0xd2, 0x11, 0x6f, 0x0a, 0xef, 0xcd, 0x00, 0x12, 0x52, 0x0e, 0x12, 0x2a, 0x4f, 0x02, 0x0f, 0x0b, // 1440
	0x12, 0x1b, 0x00, 0x91, 0xe2, 0x11, 0x4f, 0x2a, 0x4f, 0x7c, 0x08, 0x53, 0xe4, 0x1d, 0x18, 0x12, // 1450
	0xef, 0x03, 0x04, 0x2a, 0x4f, 0x1c, 0x00, 0x33, 0xff, 0xfd, 0x01, 0x71, 0x09, 0x05, 0x00, 0x54, // 1460
	0xff, 0xfd, 0x1f, 0x71, 0x49, 0x05, 0x00, 0x54, 0x85, 0x38, 0x40, 0x51, 0xbf, 0x04, 0x20, 0x31, // 1470
	0x08, 0x06, 0x00, 0x54, 0x88, 0x7c, 0x0c, 0x53, 0x04, 0x10, 0x80, 0x52, 0x05, 0x10, 0x80, 0x52, // 1480
	0xe4, 0x2d, 0x06, 0x33, 0x45, 0x14, 0x00, 0x33, 0xf8, 0x03, 0x12, 0xaa, 0x08, 0x09, 0x1b, 0x32, // 1490
	0x6f, 0x00, 0x80, 0x52, 0xe8, 0x43, 0x00, 0x39, 0xe4, 0x47, 0x00, 0x39, 0xe5, 0x4b, 0x00, 0x39, // 14a0
	0xe8, 0x43, 0x00, 0x91, 0x5f, 0x03, 0x1e, 0xeb, 0x0f, 0x01, 0x0f, 0xaa, 0x62, 0x01, 0x00, 0x54, // 14b0
	0x52, 0x03, 0x40, 0x39, 0x02, 0x01, 0x40, 0x39, 0x5f, 0x02, 0x02, 0x6b, 0xe1, 0x00, 0x00, 0x54, // 14c0
	0x5a, 0x07, 0x00, 0x91, 0x08, 0x05, 0x00, 0x91, 0x5f, 0x03, 0x1e, 0xeb, 0x62, 0x00, 0x00, 0x54, // 14d0
	0x1f, 0x01, 0x0f, 0xeb, 0xe3, 0xfe, 0xff, 0x54, 0x1f, 0x01, 0x0f, 0xeb, 0x06, 0x00, 0x00, 0xf0, // 14e0
	0xc6, 0x10, 0x2d, 0x91, 0xc1, 0x0b, 0x00, 0x54, 0x1f, 0x03, 0x1d, 0xeb, 0xe2, 0x09, 0x00, 0x54, // 14f0
	0x5f, 0x03, 0x1e, 0xeb, 0x63, 0xf4, 0xff, 0x54, 0x4c, 0x00, 0x00, 0x14, 0xe2, 0x43, 0x00, 0x39, // 1500
	0xf8, 0x03, 0x12, 0xaa, 0x2f, 0x00, 0x80, 0x52, 0xe6, 0xff, 0xff, 0x17, 0xe8, 0x7d, 0x06, 0x53, // 1510
	0x0f, 0x10, 0x80, 0x52, 0xf8, 0x03, 0x12, 0xaa, 0x4f, 0x14, 0x00, 0x33, 0x08, 0x05, 0x1a, 0x32, // 1520
	0xe8, 0x43, 0x00, 0x39, 0xef, 0x47, 0x00, 0x39, 0x4f, 0x00, 0x80, 0x52, 0xdd, 0xff, 0xff, 0x17, // 1530
	0x1f, 0x19, 0x00, 0xf1, 0x68, 0x00, 0x80, 0x92, 0x83, 0xa9, 0x01, 0x54, 0xe2, 0x7d, 0x0a, 0x53, // 1540
	0x5f, 0xd8, 0x00, 0x71, 0x28, 0xa9, 0x01, 0x54, 0x48, 0x02, 0x40, 0x39, 0x1f, 0x71, 0x01, 0x71, // 1550
	0x61, 0xa8, 0x01, 0x54, 0x08, 0x1f, 0x40, 0x39, 0x1f, 0xd5, 0x01, 0x71, 0x01, 0xa8, 0x01, 0x54, // 1560
	0x08, 0x0b, 0x40, 0xb9, 0x02, 0x01, 0x13, 0x0b, 0x92, 0x02, 0x28, 0x0a, 0x5f, 0x02, 0x02, 0x6a, // 1570
	0x21, 0xa7, 0x01, 0x54, 0x02, 0x01, 0x15, 0x0b, 0x42, 0x00, 0x08, 0x2a, 0x5f, 0xc0, 0x01, 0x72, // 1580
	0xa1, 0xa6, 0x01, 0x54, 0x02, 0xd9, 0x00, 0x12, 0xc4, 0x02, 0x02, 0x4b, 0x45, 0x00, 0x11, 0x0b, // 1590
	0xa4, 0x00, 0x04, 0x0a, 0x9f, 0x00, 0x12, 0x6a, 0xe1, 0xa5, 0x01, 0x54, 0x44, 0x01, 0x02, 0x4b, // 15a0
	0x42, 0x00, 0x0d, 0x0b, 0x42, 0x00, 0x04, 0x0a, 0x5f, 0x00, 0x12, 0x6a, 0x41, 0xa5, 0x01, 0x54, // 15b0
	0x08, 0x09, 0xc0, 0x5a, 0xd2, 0x11, 0x68, 0x0a, 0x08, 0xcd, 0x00, 0x12, 0x52, 0x0e, 0x12, 0x2a, // 15c0
	0x48, 0x02, 0x08, 0x0b, 0x08, 0x11, 0x48, 0x2a, 0x12, 0x7d, 0x08, 0x53, 0x52, 0x1e, 0x18, 0x12, // 15d0
	0x42, 0x3a, 0x40, 0x51, 0x5f, 0x00, 0x10, 0x31, 0xc3, 0xa4, 0x01, 0x54, 0x02, 0x1d, 0x00, 0x12, // 15e0
	0x52, 0x02, 0x07, 0x0b, 0x18, 0x33, 0x00, 0x91, 0x4f, 0x28, 0x0f, 0x2a, 0x02, 0x10, 0x80, 0x52, // 15f0
	0xef, 0x01, 0x12, 0x0b, 0x12, 0x10, 0x80, 0x52, 0xe2, 0x45, 0x0c, 0x33, 0xf2, 0x2d, 0x06, 0x33, // 1600
	0xef, 0x7d, 0x12, 0x53, 0xe2, 0x47, 0x00, 0x39, 0x02, 0x10, 0x80, 0x52, 0x02, 0x15, 0x00, 0x33, // 1610
	0xe8, 0x0d, 0x1c, 0x32, 0x8f, 0x00, 0x80, 0x52, 0xf2, 0x4b, 0x00, 0x39, 0xe8, 0x43, 0x00, 0x39, // 1620
	0xe2, 0x4f, 0x00, 0x39, 0x9f, 0xff, 0xff, 0x17, 0x1f, 0x03, 0x1d, 0xeb, 0x40, 0x03, 0x5e, 0xfa, // 1630
	0xef, 0x17, 0x9f, 0x1a, 0xe8, 0x03, 0x19, 0xaa, 0xac, 0xfb, 0xff, 0x17, 0x18, 0x01, 0x12, 0x8b, // 1640
	0xc4, 0xfd, 0xff, 0x17, 0xe8, 0x02, 0x18, 0x8b, 0xff, 0x05, 0x00, 0xf1, 0x8a, 0x0a, 0x00, 0x54, // 1650
	0x61, 0x00, 0x00, 0x14, 0xef, 0x03, 0x1f, 0xaa, 0xf7, 0xff, 0xff, 0x17, 0xef, 0x03, 0x1f, 0xaa, // 1660
	0xe8, 0x03, 0x19, 0xaa, 0xa3, 0xfb, 0xff, 0x17, 0xdf, 0x07, 0x00, 0xb1, 0xa1, 0x00, 0x00, 0x54, // 1670
	0x44, 0x00, 0xc0, 0xda, 0xc5, 0x00, 0x17, 0xcb, 0x84, 0x10, 0xc0, 0xda, 0xbe, 0x00, 0x04, 0x8b, // 1680
	0x44, 0x00, 0x2f, 0x0a, 0x85, 0x78, 0x1f, 0x53, 0x8f, 0x78, 0x1f, 0x33, 0x42, 0x00, 0x25, 0x0a, // 1690
	0x42, 0xf0, 0x01, 0x12, 0x42, 0x00, 0x04, 0x2b, 0x42, 0x78, 0x1f, 0x53, 0x42, 0xf0, 0x00, 0x52, // 16a0
	0x4f, 0x00, 0x0f, 0x0a, 0xe2, 0x37, 0x9f, 0x1a, 0xef, 0x03, 0x2f, 0x2a, 0xe8, 0x01, 0x08, 0x8a, // 16b0
	0xef, 0x03, 0x02, 0xaa, 0x28, 0xc1, 0xff, 0xb5, 0xc6, 0x80, 0x00, 0x91, 0xe8, 0x03, 0x1d, 0xaa, // 16c0
	0x8f, 0x03, 0x00, 0xb5, 0xe8, 0x02, 0x00, 0xb4, 0xef, 0x03, 0x37, 0xaa, 0xfd, 0x03, 0x06, 0xaa, // 16d0
	0xa2, 0x17, 0x40, 0x38, 0x5f, 0x88, 0x00, 0x71, 0x60, 0x02, 0x00, 0x54, 0x5f, 0x70, 0x01, 0x71, // 16e0
	0x04, 0x05, 0x00, 0xd1, 0xa0, 0x00, 0x00, 0x54, 0xe6, 0x03, 0x1d, 0xaa, 0xe8, 0x03, 0x04, 0xaa, // 16f0
	0xe4, 0xfe, 0xff, 0xb5, 0x09, 0x00, 0x00, 0x14, 0xc4, 0x8a, 0x01, 0xb4, 0xa4, 0x03, 0x0f, 0x8b, // 1700
	0xdf, 0x07, 0x00, 0xb1, 0xc6, 0x08, 0x00, 0x91, 0x9e, 0x00, 0x9e, 0x9a, 0x04, 0x09, 0x00, 0xd1, // 1710
	0xe8, 0x03, 0x04, 0xaa, 0xc4, 0xfd, 0xff, 0xb5, 0x5f, 0x88, 0x00, 0x71, 0xa1, 0x89, 0x01, 0x54, // 1720
	0xfd, 0x03, 0x06, 0xaa, 0xa8, 0x03, 0x17, 0xcb, 0x08, 0x6a, 0xff, 0xb6, 0x49, 0x0c, 0x00, 0x14, // 1730
	0x08, 0x89, 0x01, 0xb4, 0xef, 0x03, 0x37, 0xaa, 0xdf, 0x07, 0x00, 0xb1, 0x08, 0x05, 0x00, 0xd1, // 1740
	0xcf, 0x00, 0x0f, 0x8b, 0xc6, 0x04, 0x00, 0x91, 0xfe, 0x01, 0x9e, 0x9a, 0xe8, 0xfb, 0xff, 0xb5, // 1750
	0xf4, 0xff, 0xff, 0x17, 0x18, 0x04, 0x40, 0xf9, 0x1e, 0x00, 0x00, 0x14, 0x42, 0x06, 0x00, 0xd1, // 1760
	0x5f, 0x00, 0x0f, 0xeb, 0x80, 0x03, 0x00, 0x54, 0xe8, 0x02, 0x08, 0x8b, 0x08, 0x01, 0x0f, 0x8b, // 1770
	0x4f, 0x02, 0x0f, 0xcb, 0x08, 0x09, 0x00, 0x91, 0xef, 0x09, 0x00, 0xd1, 0xff, 0x05, 0x00, 0xf1, // 1780
	0xea, 0x00, 0x00, 0x54, 0x14, 0x00, 0x00, 0x14, 0x32, 0x00, 0x80, 0x92, 0x42, 0x00, 0x80, 0x52, // 1790
	0xef, 0x01, 0x12, 0xab, 0x08, 0x01, 0x02, 0x8b, 0xed, 0x01, 0x00, 0x54, 0x12, 0x01, 0x40, 0x39, // 17a0
	0x5f, 0x72, 0x01, 0x71, 0x20, 0xff, 0xff, 0x54, 0x5f, 0x8a, 0x00, 0x71, 0xe0, 0x00, 0x00, 0x54, // 17b0
	0x12, 0x00, 0x80, 0x92, 0x22, 0x00, 0x80, 0x52, 0xef, 0x01, 0x12, 0xab, 0x08, 0x01, 0x02, 0x8b, // 17c0
	0xec, 0xfe, 0xff, 0x54, 0x04, 0x00, 0x00, 0x14, 0x08, 0x01, 0x17, 0xcb, 0x18, 0x05, 0x00, 0x91, // 17d0
	0x38, 0x00, 0x00, 0xf9, 0x28, 0x50, 0x3f, 0x04, 0xed, 0x07, 0x40, 0xf9, 0x0a, 0x45, 0x40, 0xf9, // 17e0
	0x5c, 0xfd, 0xff, 0x17, 0x1f, 0x6d, 0x01, 0x71, 0xa1, 0x3e, 0x01, 0x54, 0x28, 0x05, 0x40, 0xf9, // 17f0
	0x08, 0x01, 0x40, 0xf9, 0x68, 0x28, 0xf9, 0xb7, 0x0f, 0x04, 0x40, 0xf9, 0x5f, 0x03, 0x0f, 0xeb, // 1800
	0x62, 0x01, 0x00, 0x54, 0xf2, 0x6a, 0x7a, 0x38, 0x5f, 0x36, 0x00, 0x71, 0x00, 0x01, 0x00, 0x54, // 1810
	0x5f, 0x82, 0x00, 0x71, 0xc0, 0x00, 0x00, 0x54, 0x52, 0x2e, 0x00, 0x51, 0x5f, 0x0a, 0x00, 0x31, // 1820
	0x62, 0x00, 0x00, 0x54, 0xf9, 0x03, 0x1a, 0xaa, 0x33, 0x00, 0x00, 0x14, 0x59, 0x07, 0x00, 0x91, // 1830
	0x3f, 0x03, 0x0f, 0xeb, 0x22, 0x01, 0x00, 0x54, 0xf2, 0x6a, 0x79, 0x38, 0x5f, 0x36, 0x00, 0x71, // 1840
	0xc0, 0x00, 0x00, 0x54, 0x5f, 0x82, 0x00, 0x71, 0x80, 0x00, 0x00, 0x54, 0x52, 0x2e, 0x00, 0x51, // 1850
	0x5f, 0x0a, 0x00, 0x31, 0x03, 0x05, 0x00, 0x54, 0x59, 0x0b, 0x00, 0x91, 0x3f, 0x03, 0x0f, 0xeb, // 1860
	0x22, 0x01, 0x00, 0x54, 0xf2, 0x6a, 0x79, 0x38, 0x5f, 0x36, 0x00, 0x71, 0xc0, 0x00, 0x00, 0x54, // 1870
	0x5f, 0x82, 0x00, 0x71, 0x80, 0x00, 0x00, 0x54, 0x52, 0x2e, 0x00, 0x51, 0x5f, 0x0a, 0x00, 0x31, // 1880
	0xa3, 0x03, 0x00, 0x54, 0x59, 0x0f, 0x00, 0x91, 0x3f, 0x03, 0x0f, 0xeb, 0x22, 0x01, 0x00, 0x54, // 1890
	0xf2, 0x6a, 0x79, 0x38, 0x5f, 0x36, 0x00, 0x71, 0xc0, 0x00, 0x00, 0x54, 0x5f, 0x82, 0x00, 0x71, // 18a0
	0x80, 0x00, 0x00, 0x54, 0x52, 0x2e, 0x00, 0x51, 0x5f, 0x0a, 0x00, 0x31, 0x43, 0x02, 0x00, 0x54, // 18b0
	0x59, 0x13, 0x00, 0x91, 0x3f, 0x03, 0x0f, 0xeb, 0x62, 0x01, 0x00, 0x54, 0xf2, 0x6a, 0x79, 0x38, // 18c0
	0x62, 0x21, 0xd2, 0x9a, 0x5f, 0x82, 0x00, 0x71, 0x52, 0x00, 0x0c, 0x8a, 0x44, 0x9a, 0x40, 0xfa, // 18d0
	0xe0, 0x00, 0x00, 0x54, 0x39, 0x07, 0x00, 0x91, 0xff, 0x01, 0x19, 0xeb, 0x01, 0xff, 0xff, 0x54, // 18e0
	0x0a, 0x00, 0x00, 0x14, 0xfa, 0x03, 0x19, 0xaa, 0x08, 0x00, 0x00, 0x14, 0x3f, 0x03, 0x0f, 0xeb, // 18f0
	0xc2, 0x00, 0x00, 0x54, 0x3a, 0x07, 0x00, 0x91, 0x3a, 0x00, 0x00, 0xf9, 0xef, 0x6a, 0x79, 0x38, // 1900
	0xff, 0x75, 0x01, 0x71, 0xe0, 0x20, 0x01, 0x54, 0x58, 0x07, 0x00, 0xd1, 0x38, 0x00, 0x00, 0xf9, // 1910
	0x08, 0x05, 0x00, 0xf1, 0x2b, 0x61, 0x00, 0x54, 0x0f, 0x04, 0x40, 0xf9, 0x1f, 0x03, 0x0f, 0xeb, // 1920
	0x62, 0x01, 0x00, 0x54, 0xf2, 0x6a, 0x78, 0x38, 0x5f, 0x36, 0x00, 0x71, 0x00, 0x01, 0x00, 0x54, // 1930
	0x5f, 0x82, 0x00, 0x71, 0xc0, 0x00, 0x00, 0x54, 0x52, 0x2e, 0x00, 0x51, 0x5f, 0x0a, 0x00, 0x31, // 1940
	0x62, 0x00, 0x00, 0x54, 0xf9, 0x03, 0x18, 0xaa, 0x31, 0x00, 0x00, 0x14, 0x19, 0x07, 0x00, 0x91, // 1950
	0x3f, 0x03, 0x0f, 0xeb, 0x22, 0x01, 0x00, 0x54, 0xf2, 0x6a, 0x79, 0x38, 0x5f, 0x36, 0x00, 0x71, // 1960
	0xc0, 0x00, 0x00, 0x54, 0x5f, 0x82, 0x00, 0x71, 0x80, 0x00, 0x00, 0x54, 0x52, 0x2e, 0x00, 0x51, // 1970
	0x5f, 0x0a, 0x00, 0x31, 0xc3, 0x04, 0x00, 0x54, 0x19, 0x0b, 0x00, 0x91, 0x3f, 0x03, 0x0f, 0xeb, // 1980
	0x22, 0x01, 0x00, 0x54, 0xf2, 0x6a, 0x79, 0x38, 0x5f, 0x36, 0x00, 0x71, 0xc0, 0x00, 0x00, 0x54, // 1990
	0x5f, 0x82, 0x00, 0x71, 0x80, 0x00, 0x00, 0x54, 0x52, 0x2e, 0x00, 0x51, 0x5f, 0x0a, 0x00, 0x31, // 19a0
	0x63, 0x03, 0x00, 0x54, 0x19, 0x0f, 0x00, 0x91, 0x3f, 0x03, 0x0f, 0xeb, 0x22, 0x01, 0x00, 0x54, // 19b0
	0xf2, 0x6a, 0x79, 0x38, 0x5f, 0x36, 0x00, 0x71, 0xc0, 0x00, 0x00, 0x54, 0x5f, 0x82, 0x00, 0x71, // 19c0
	0x80, 0x00, 0x00, 0x54, 0x52, 0x2e, 0x00, 0x51, 0x5f, 0x0a, 0x00, 0x31, 0x03, 0x02, 0x00, 0x54, // 19d0
	0x19, 0x13, 0x00, 0x91, 0x3f, 0x03, 0x0f, 0xeb, 0x42, 0x12, 0x00, 0x54, 0xf2, 0x6a, 0x79, 0x38, // 19e0
	0x62, 0x21, 0xd2, 0x9a, 0x5f, 0x82, 0x00, 0x71, 0x52, 0x00, 0x0c, 0x8a, 0x44, 0x9a, 0x40, 0xfa, // 19f0
	0xa0, 0x00, 0x00, 0x54, 0x39, 0x07, 0x00, 0x91, 0xff, 0x01, 0x19, 0xeb, 0x01, 0xff, 0xff, 0x54, // 1a00
	0x8a, 0x00, 0x00, 0x14, 0x3f, 0x03, 0x0f, 0xeb, 0x02, 0x11, 0x00, 0x54, 0x38, 0x07, 0x00, 0x91, // 1a10
	0x38, 0x00, 0x00, 0xf9, 0xef, 0x6a, 0x79, 0x38, 0xff, 0x69, 0x01, 0x71, 0x8c, 0x0c, 0x00, 0x54, // 1a20
	0xff, 0xbd, 0x00, 0x71, 0x4d, 0x0e, 0x00, 0x54, 0xef, 0xc1, 0x00, 0x51, 0xff, 0x29, 0x00, 0x71, // 1a30
	0x82, 0x0f, 0x00, 0x54, 0x0f, 0x04, 0x40, 0xf9, 0xef, 0x01, 0x18, 0xcb, 0xff, 0x81, 0x00, 0xf1, // 1a40
	0x03, 0x03, 0x00, 0x54, 0xf2, 0x03, 0x1f, 0xaa, 0xfe, 0x42, 0x18, 0xa4, 0xee, 0x43, 0x01, 0x91, // 1a50
	0xc2, 0xa3, 0x02, 0x24, 0xc3, 0xa3, 0x03, 0x24, 0xc4, 0xa3, 0x04, 0x24, 0xc2, 0x1d, 0x80, 0xe5, // 1a60
	0xc3, 0x19, 0x80, 0xe5, 0xc4, 0x15, 0x80, 0xe5, 0xee, 0x50, 0x7f, 0x04, 0xc2, 0x51, 0x40, 0xb9, // 1a70
	0xce, 0x50, 0x7f, 0x04, 0xc4, 0x51, 0x40, 0xb9, 0xae, 0x50, 0x7f, 0x04, 0xc5, 0x51, 0x40, 0xb9, // 1a80
	0x82, 0x00, 0x02, 0x2a, 0x42, 0x00, 0x05, 0x2a, 0x42, 0x06, 0x00, 0x35, 0xef, 0x81, 0x00, 0xd1, // 1a90
	0x18, 0x83, 0x00, 0x91, 0x52, 0x82, 0x00, 0x91, 0xff, 0x7d, 0x00, 0xf1, 0x68, 0xfd, 0xff, 0x54, // 1aa0
	0xf2, 0x02, 0x18, 0x8b, 0xff, 0x41, 0x00, 0xf1, 0x63, 0x02, 0x00, 0x54, 0xe2, 0x02, 0x12, 0xcb, // 1ab0
	0x59, 0x02, 0x17, 0xcb, 0x5e, 0x02, 0xc0, 0x3d, 0xdf, 0x1f, 0x26, 0x4e, 0xde, 0x8f, 0x25, 0x6e, // 1ac0
	0xff, 0x8f, 0x27, 0x6e, 0xfe, 0x1f, 0xbe, 0x4e, 0xde, 0x1f, 0x30, 0x4e, 0xde, 0x03, 0x11, 0x4e, // 1ad0
	0xde, 0xbb, 0x71, 0x4e, 0xc4, 0x03, 0x26, 0x1e, 0xe4, 0x4a, 0x00, 0x35, 0xef, 0x41, 0x00, 0xd1, // 1ae0
	0x52, 0x42, 0x00, 0x91, 0x42, 0x40, 0x00, 0xd1, 0xff, 0x3d, 0x00, 0xf1, 0x39, 0x43, 0x00, 0x91, // 1af0
	0x28, 0xfe, 0xff, 0x54, 0xe7, 0x03, 0x06, 0xaa, 0x8f, 0x02, 0x00, 0xb4, 0x06, 0xc0, 0x84, 0xd2, // 1b00
	0x42, 0x02, 0x0f, 0x8b, 0x58, 0x02, 0x17, 0xcb, 0x26, 0x00, 0xc2, 0xf2, 0x44, 0x02, 0x40, 0x39, // 1b10
	0x9f, 0xb0, 0x00, 0x71, 0x88, 0x00, 0x00, 0x54, 0x65, 0x21, 0xc4, 0x9a, 0xbf, 0x00, 0x06, 0xea, // 1b20
	0x41, 0x48, 0x00, 0x54, 0x9f, 0xf4, 0x01, 0x71, 0x00, 0x48, 0x00, 0x54, 0x9f, 0x74, 0x01, 0x71, // 1b30
	0xc0, 0x47, 0x00, 0x54, 0xef, 0x05, 0x00, 0xf1, 0x52, 0x06, 0x00, 0x91, 0x18, 0x07, 0x00, 0x91, // 1b40
	0x61, 0xfe, 0xff, 0x54, 0xf2, 0x03, 0x02, 0xaa, 0x58, 0x02, 0x17, 0xcb, 0x37, 0x02, 0x00, 0x14, // 1b50
	0x4f, 0x00, 0xc0, 0x5a, 0xef, 0x11, 0xc0, 0x5a, 0xf8, 0x01, 0x18, 0x8b, 0x1f, 0x07, 0x00, 0xf1, // 1b60
	0x38, 0x00, 0x00, 0xf9, 0x2b, 0x06, 0x00, 0x54, 0xef, 0x01, 0x12, 0x8b, 0xf2, 0x02, 0x19, 0x8b, // 1b70
	0x42, 0x6a, 0x6f, 0x38, 0x64, 0x21, 0xc2, 0x9a, 0x5f, 0x80, 0x00, 0x71, 0x82, 0x00, 0x0c, 0x8a, // 1b80
	0x44, 0x98, 0x40, 0xfa, 0xe0, 0x24, 0x00, 0x54, 0x24, 0x03, 0x0f, 0x8b, 0xef, 0x05, 0x00, 0xd1, // 1b90
	0x22, 0x03, 0x0f, 0x8b, 0x24, 0x00, 0x00, 0xf9, 0x45, 0x08, 0x00, 0x91, 0xbf, 0x04, 0x00, 0xf1, // 1ba0
	0x8c, 0xfe, 0xff, 0x54, 0x58, 0x04, 0x00, 0x91, 0x20, 0x00, 0x00, 0x14, 0xff, 0xb5, 0x01, 0x71, // 1bb0
	0xad, 0x02, 0x00, 0x54, 0xff, 0xb9, 0x01, 0x71, 0x60, 0x22, 0x00, 0x54, 0xff, 0xd1, 0x01, 0x71, // 1bc0
	0x20, 0x22, 0x00, 0x54, 0xff, 0xed, 0x01, 0x71, 0xc1, 0x02, 0x00, 0x54, 0x0f, 0x04, 0x40, 0xf9, // 1bd0
	0xfe, 0x03, 0x1f, 0xaa, 0xfb, 0x03, 0x1f, 0xaa, 0xf9, 0x03, 0x1f, 0xaa, 0xfa, 0x03, 0x1f, 0xaa, // 1be0
	0xfd, 0x01, 0x18, 0xcb, 0xf8, 0x02, 0x18, 0x8b, 0x5b, 0x00, 0x00, 0x14, 0xef, 0x01, 0x00, 0x34, // 1bf0
	0xff, 0x89, 0x00, 0x71, 0xc0, 0x21, 0x00, 0x54, 0xff, 0xb5, 0x00, 0x71, 0xc0, 0xf1, 0xff, 0x54, // 1c00
	0x08, 0x00, 0x00, 0x14, 0xff, 0x6d, 0x01, 0x71, 0x60, 0x27, 0x00, 0x54, 0xff, 0x99, 0x01, 0x71, // 1c10
	0x81, 0x00, 0x00, 0x54, 0x12, 0x04, 0x40, 0xf9, 0x2f, 0x17, 0x00, 0x91, 0xfc, 0x00, 0x00, 0x14, // 1c20
	0x39, 0x00, 0x00, 0xf9, 0xf8, 0x03, 0x19, 0xaa, 0x17, 0x3c, 0x40, 0xa9, 0x1f, 0x03, 0x0f, 0xeb, // 1c30
	0x62, 0x01, 0x00, 0x54, 0xf2, 0x6a, 0x78, 0x38, 0x5f, 0x36, 0x00, 0x71, 0x00, 0x01, 0x00, 0x54, // 1c40
	0x5f, 0x82, 0x00, 0x71, 0xc0, 0x00, 0x00, 0x54, 0x52, 0x2e, 0x00, 0x51, 0x5f, 0x0a, 0x00, 0x31, // 1c50
	0x62, 0x00, 0x00, 0x54, 0xf9, 0x03, 0x18, 0xaa, 0x31, 0x00, 0x00, 0x14, 0x19, 0x07, 0x00, 0x91, // 1c60
	0x3f, 0x03, 0x0f, 0xeb, 0x22, 0x01, 0x00, 0x54, 0xf2, 0x6a, 0x79, 0x38, 0x5f, 0x36, 0x00, 0x71, // 1c70
	0xc0, 0x00, 0x00, 0x54, 0x5f, 0x82, 0x00, 0x71, 0x80, 0x00, 0x00, 0x54, 0x52, 0x2e, 0x00, 0x51, // 1c80
	0x5f, 0x0a, 0x00, 0x31, 0xc3, 0x04, 0x00, 0x54, 0x19, 0x0b, 0x00, 0x91, 0x3f, 0x03, 0x0f, 0xeb, // 1c90
	0x22, 0x01, 0x00, 0x54, 0xf2, 0x6a, 0x79, 0x38, 0x5f, 0x36, 0x00, 0x71, 0xc0, 0x00, 0x00, 0x54, // 1ca0
	0x5f, 0x82, 0x00, 0x71, 0x80, 0x00, 0x00, 0x54, 0x52, 0x2e, 0x00, 0x51, 0x5f, 0x0a, 0x00, 0x31, // 1cb0
	0x63, 0x03, 0x00, 0x54, 0x19, 0x0f, 0x00, 0x91, 0x3f, 0x03, 0x0f, 0xeb, 0x22, 0x01, 0x00, 0x54, // 1cc0
	0xf2, 0x6a, 0x79, 0x38, 0x5f, 0x36, 0x00, 0x71, 0xc0, 0x00, 0x00, 0x54, 0x5f, 0x82, 0x00, 0x71, // 1cd0
	0x80, 0x00, 0x00, 0x54, 0x52, 0x2e, 0x00, 0x51, 0x5f, 0x0a, 0x00, 0x31, 0x03, 0x02, 0x00, 0x54, // 1ce0
	0x19, 0x13, 0x00, 0x91, 0x3f, 0x03, 0x0f, 0xeb, 0x42, 0x01, 0x01, 0x54, 0xf2, 0x6a, 0x79, 0x38, // 1cf0
	0x62, 0x21, 0xd2, 0x9a, 0x5f, 0x82, 0x00, 0x71, 0x52, 0x00, 0x0c, 0x8a, 0x44, 0x9a, 0x40, 0xfa, // 1d00
	0xa0, 0x00, 0x00, 0x54, 0x39, 0x07, 0x00, 0x91, 0xff, 0x01, 0x19, 0xeb, 0x01, 0xff, 0xff, 0x54, // 1d10
	0xab, 0x08, 0x00, 0x14, 0x3f, 0x03, 0x0f, 0xeb, 0x22, 0x15, 0x01, 0x54, 0x38, 0x07, 0x00, 0x91, // 1d20
	0x38, 0x00, 0x00, 0xf9, 0xef, 0x6a, 0x79, 0x38, 0xff, 0xb1, 0x00, 0x71, 0x20, 0xdf, 0xff, 0x54, // 1d30
	0xfa, 0x07, 0x00, 0x14, 0x5e, 0x00, 0x67, 0x9e, 0x5e, 0xfe, 0x7f, 0x93, 0xf8, 0x81, 0x00, 0x91, // 1d40
	0xfd, 0x03, 0x17, 0xaa, 0xde, 0x5b, 0x20, 0x0e, 0xde, 0x3b, 0x30, 0x2e, 0xc2, 0x03, 0x26, 0x1e, // 1d50
	0x59, 0x00, 0x19, 0x8b, 0xb7, 0x03, 0x01, 0xf1, 0x8b, 0x0e, 0x00, 0x54, 0x1e, 0xa3, 0x00, 0xa4, // 1d60
	0x1f, 0x43, 0x10, 0xa4, 0xee, 0x43, 0x01, 0x91, 0xc2, 0xa3, 0x00, 0x24, 0xe3, 0xa3, 0x00, 0x24, // 1d70
	0xc2, 0x1d, 0x80, 0xe5, 0xc3, 0x19, 0x80, 0xe5, 0xee, 0x50, 0x7f, 0x04, 0x1e, 0xa3, 0x00, 0xa4, // 1d80
	0x1f, 0x43, 0x10, 0xa4, 0xcf, 0x51, 0x40, 0xb9, 0xee, 0x43, 0x01, 0x91, 0xc2, 0xa3, 0x01, 0x24, // 1d90
	0xe3, 0xa3, 0x01, 0x24, 0xc2, 0x1d, 0x80, 0xe5, 0xce, 0x50, 0x7f, 0x04, 0xd2, 0x51, 0x40, 0xb9, // 1da0
	0xee, 0x43, 0x01, 0x91, 0xc3, 0x19, 0x80, 0xe5, 0xce, 0x50, 0x7f, 0x04, 0xc2, 0x51, 0x40, 0xb9, // 1db0
	0xee, 0x50, 0x7f, 0x04, 0xc4, 0x51, 0x40, 0xb9, 0x82, 0x80, 0x02, 0xaa, 0x44, 0x00, 0x1b, 0xaa, // 1dc0
	0x84, 0x00, 0x00, 0xb5, 0xfb, 0x03, 0x1f, 0xaa, 0xe2, 0x03, 0x1f, 0xaa, 0x0a, 0x00, 0x00, 0x14, // 1dd0
	0x44, 0x00, 0x3b, 0x8a, 0x65, 0x07, 0x04, 0xaa, 0x42, 0x00, 0x25, 0x8a, 0x42, 0xf0, 0x01, 0x92, // 1de0
	0x42, 0x00, 0x04, 0xab, 0x42, 0xf8, 0x7f, 0xd3, 0xfb, 0x37, 0x9f, 0x1a, 0x42, 0xf0, 0x00, 0xd2, // 1df0
	0x42, 0x00, 0x05, 0x8a, 0xef, 0x81, 0x12, 0xaa, 0xee, 0x43, 0x01, 0x91, 0xef, 0x01, 0x22, 0x8a, // 1e00
	0xfe, 0x0d, 0x08, 0x4e, 0xf2, 0xe1, 0x02, 0x92, 0xef, 0xe1, 0x01, 0x92, 0x5f, 0x0e, 0x08, 0x4e, // 1e10
	0xea, 0x0d, 0x08, 0x4e, 0xeb, 0xbf, 0x20, 0x04, 0x4b, 0x06, 0xd0, 0x04, 0x4d, 0xbd, 0x20, 0x04, // 1e20
	0x0d, 0x07, 0xd0, 0x04, 0x0f, 0x83, 0x00, 0x91, 0xde, 0x1f, 0x32, 0x4e, 0xcc, 0xbf, 0x20, 0x04, // 1e30
	0xac, 0x06, 0xd0, 0x04, 0x8b, 0x1d, 0x2b, 0x6e, 0xff, 0x06, 0xd0, 0x04, 0x2a, 0x07, 0xd0, 0x04, // 1e40
	0xc8, 0x07, 0x08, 0x4e, 0xc9, 0x07, 0x18, 0x4e, 0xde, 0x43, 0x1e, 0x6e, 0xff, 0x1f, 0x2a, 0x6e, // 1e50
	0x0a, 0xa3, 0x00, 0xa4, 0x88, 0x06, 0xd0, 0x04, 0xc9, 0x06, 0xd0, 0x04, 0x7e, 0x06, 0xd0, 0x04, // 1e60
	0x42, 0xa1, 0x1d, 0x24, 0x08, 0x1d, 0x29, 0x6e, 0x69, 0x1d, 0x2d, 0x6e, 0xeb, 0xa1, 0x00, 0xa4, // 1e70
	0xc2, 0x1d, 0x80, 0xe5, 0x1f, 0x1d, 0x3f, 0x6e, 0xde, 0x1f, 0x29, 0x6e, 0x63, 0xa1, 0x1d, 0x24, // 1e80
	0xde, 0x1f, 0x3a, 0x4e, 0xff, 0x1f, 0x34, 0x4e, 0xc3, 0x19, 0x80, 0xe5, 0xe8, 0xa1, 0x00, 0xa4, // 1e90
	0xee, 0x50, 0x7f, 0x04, 0xc2, 0x51, 0x40, 0xb9, 0xee, 0x43, 0x01, 0x91, 0xfe, 0x1f, 0xbe, 0x4e, // 1ea0
	0x1f, 0xa3, 0x00, 0xa4, 0x03, 0xa1, 0x02, 0x24, 0xe2, 0xa3, 0x02, 0x24, 0xc9, 0x43, 0x1e, 0x6e, // 1eb0
	0xc2, 0x1d, 0x80, 0xe5, 0xce, 0x50, 0x7f, 0x04, 0xc4, 0x51, 0x40, 0xb9, 0xee, 0x43, 0x01, 0x91, // 1ec0
	0xde, 0x1f, 0xa9, 0x0e, 0xc3, 0x19, 0x80, 0xe5, 0xce, 0x50, 0x7f, 0x04, 0xd2, 0x51, 0x40, 0xb9, // 1ed0
	0xee, 0x50, 0x7f, 0x04, 0x42, 0x80, 0x04, 0xaa, 0xc5, 0x51, 0x40, 0xb9, 0xa5, 0x80, 0x12, 0xaa, // 1ee0
	0xd2, 0x03, 0x66, 0x9e, 0x52, 0x02, 0x1e, 0xca, 0xb8, 0x00, 0x32, 0xea, 0x42, 0x00, 0x32, 0x8a, // 1ef0
	0x20, 0xf2, 0xff, 0x54, 0x04, 0x07, 0x00, 0xd1, 0x85, 0x00, 0x02, 0x8a, 0xbe, 0x00, 0x67, 0x9e, // 1f00
	0xde, 0x5b, 0x20, 0x0e, 0xde, 0x3b, 0x30, 0x2e, 0xc5, 0x03, 0x26, 0x1e, 0xa5, 0x00, 0x19, 0x8b, // 1f10
	0xbf, 0x00, 0x1a, 0xeb, 0x89, 0x26, 0x00, 0x54, 0x98, 0x00, 0x18, 0xea, 0x5a, 0x07, 0x00, 0x91, // 1f20
	0xa1, 0xfe, 0xff, 0x54, 0x84, 0xff, 0xff, 0x17, 0xee, 0x03, 0x0d, 0xaa, 0xed, 0x03, 0x0a, 0xaa, // 1f30
	0xea, 0x43, 0x00, 0x91, 0xbf, 0x03, 0x00, 0xf1, 0x0d, 0x2e, 0x00, 0x54, 0x0f, 0x2f, 0x40, 0x92, // 1f40
	0xfc, 0xf3, 0x00, 0xad, 0xff, 0x05, 0x3f, 0xf1, 0xfc, 0xf3, 0x01, 0xad, 0x63, 0x05, 0x00, 0x54, // 1f50
	0xb2, 0x83, 0x00, 0xf1, 0xc3, 0x00, 0x00, 0x54, 0x1e, 0xa3, 0x00, 0xa4, 0x18, 0x83, 0x00, 0x91, // 1f60
	0xef, 0x03, 0x0d, 0xaa, 0x5e, 0xe1, 0x00, 0xe4, 0x03, 0x00, 0x00, 0x14, 0xef, 0x43, 0x00, 0x91, // 1f70
	0xf2, 0x03, 0x1d, 0xaa, 0x42, 0x42, 0x00, 0xf1, 0x43, 0x02, 0x00, 0x54, 0x1e, 0x07, 0xc1, 0x3c, // 1f80
	0xf2, 0x03, 0x02, 0xaa, 0xfe, 0x05, 0x81, 0x3c, 0x42, 0x20, 0x00, 0xf1, 0xe2, 0x01, 0x00, 0x54, // 1f90
	0x42, 0x12, 0x00, 0xf1, 0x43, 0x02, 0x00, 0x54, 0x12, 0x47, 0x40, 0xb8, 0xf2, 0x45, 0x00, 0xb8, // 1fa0
	0xf2, 0x03, 0x02, 0xaa, 0x42, 0x08, 0x00, 0xf1, 0xe2, 0x01, 0x00, 0x54, 0x52, 0x02, 0x00, 0xb4, // 1fb0
	0x12, 0x03, 0x40, 0x39, 0xf8, 0x43, 0x00, 0x91, 0xf2, 0x01, 0x00, 0x39, 0x0f, 0x00, 0x00, 0x14, // 1fc0
	0x42, 0x22, 0x00, 0xf1, 0x63, 0xfe, 0xff, 0x54, 0x12, 0x87, 0x40, 0xf8, 0xf2, 0x85, 0x00, 0xf8, // 1fd0
	0xf2, 0x03, 0x02, 0xaa, 0x42, 0x10, 0x00, 0xf1, 0x02, 0xfe, 0xff, 0x54, 0x42, 0x0a, 0x00, 0xf1, // 1fe0
	0x63, 0xfe, 0xff, 0x54, 0x12, 0x27, 0x40, 0x78, 0xf2, 0x25, 0x00, 0x78, 0xf2, 0x03, 0x02, 0xaa, // 1ff0
	0x02, 0xfe, 0xff, 0xb5, 0xf8, 0x43, 0x00, 0x91, 0xea, 0x03, 0x0d, 0xaa, 0xed, 0x03, 0x0e, 0xaa, // 2000
	0x57, 0xff, 0xff, 0x17, 0x12, 0x04, 0x40, 0xf9, 0x2f, 0x13, 0x00, 0x91, 0xff, 0x01, 0x12, 0xeb, // 2010
	0xc8, 0xe0, 0xff, 0x54, 0x2f, 0x00, 0x00, 0xf9, 0xf8, 0x03, 0x0f, 0xaa, 0x03, 0xff, 0xff, 0x17, // 2020
	0x2f, 0x03, 0x0f, 0x8b, 0xf8, 0x05, 0x00, 0x91, 0x00, 0xff, 0xff, 0x17, 0x12, 0x04, 0x40, 0xf9, // 2030
	0x4f, 0x02, 0x18, 0xcb, 0xff, 0x81, 0x00, 0xf1, 0x0b, 0x23, 0x00, 0x54, 0xe7, 0x03, 0x06, 0xaa, // 2040
	0xef, 0x03, 0x1f, 0xaa, 0xfd, 0x03, 0x1f, 0xaa, 0xfa, 0x02, 0x19, 0x8b, 0x52, 0x02, 0x19, 0xcb, // 2050
	0xfb, 0x03, 0x80, 0x52, 0x42, 0x03, 0x0f, 0x8b, 0xee, 0x43, 0x01, 0x91, 0x5e, 0x40, 0x0b, 0xa4, // 2060
	0xc2, 0xa3, 0x00, 0x24, 0xc2, 0x1d, 0x80, 0xe5, 0xee, 0x50, 0x7f, 0x04, 0x5e, 0x40, 0x0b, 0xa4, // 2070
	0xc2, 0x51, 0x40, 0xb9, 0xee, 0x43, 0x01, 0x91, 0xc2, 0xa3, 0x01, 0x24, 0xc2, 0x1d, 0x80, 0xe5, // 2080
	0xee, 0x50, 0x7f, 0x04, 0xc4, 0x51, 0x40, 0xb9, 0x44, 0x00, 0x00, 0x35, 0x9d, 0x01, 0x00, 0xb4, // 2090
	0x85, 0x00, 0x3d, 0x0a, 0xa6, 0x07, 0x05, 0x2a, 0x84, 0x00, 0x26, 0x0a, 0x84, 0xf0, 0x01, 0x12, // 20a0
	0x84, 0x00, 0x05, 0x2b, 0x84, 0x78, 0x1f, 0x53, 0xfd, 0x37, 0x9f, 0x1a, 0x84, 0xf0, 0x00, 0x52, // 20b0
	0x84, 0x00, 0x06, 0x0a, 0xe4, 0x03, 0x24, 0x2a, 0x82, 0x00, 0x02, 0x8a, 0xc2, 0x1a, 0x00, 0xb5, // 20c0
	0x7b, 0x83, 0x00, 0xd1, 0xef, 0x81, 0x00, 0x91, 0x42, 0x02, 0x1b, 0x8b, 0x5f, 0xfc, 0x00, 0xf1, // 20d0
	0x2c, 0xfc, 0xff, 0x54, 0xdd, 0x21, 0x00, 0xb5, 0xe2, 0x02, 0x19, 0x8b, 0x42, 0x00, 0x0f, 0x8b, // 20e0
	0xef, 0x03, 0x2f, 0xaa, 0x59, 0x04, 0x00, 0x91, 0xef, 0x01, 0x12, 0x8b, 0xe6, 0x03, 0x07, 0xaa, // 20f0
	0xeb, 0x00, 0x00, 0x14, 0x0f, 0x04, 0x40, 0xf9, 0xfe, 0x03, 0x1f, 0xaa, 0xfb, 0x03, 0x1f, 0xaa, // 2100
	0xf9, 0x03, 0x1f, 0xaa, 0xfa, 0x03, 0x1f, 0xaa, 0xfd, 0x01, 0x18, 0xcb, 0xf8, 0x02, 0x18, 0x8b, // 2110
	0x09, 0x00, 0x00, 0x14, 0x5e, 0x00, 0x67, 0x9e, 0x5e, 0xfe, 0x7f, 0x93, 0xf8, 0x81, 0x00, 0x91, // 2120
	0xfd, 0x03, 0x17, 0xaa, 0xde, 0x5b, 0x20, 0x0e, 0xde, 0x3b, 0x30, 0x2e, 0xc2, 0x03, 0x26, 0x1e, // 2130
	0x59, 0x00, 0x19, 0x8b, 0xb7, 0x03, 0x01, 0xf1, 0x8b, 0x0e, 0x00, 0x54, 0x1e, 0xa3, 0x00, 0xa4, // 2140
	0x1f, 0x43, 0x10, 0xa4, 0xee, 0x43, 0x01, 0x91, 0xc2, 0xa3, 0x00, 0x24, 0xe3, 0xa3, 0x00, 0x24, // 2150
	0xc2, 0x1d, 0x80, 0xe5, 0xc3, 0x19, 0x80, 0xe5, 0xee, 0x50, 0x7f, 0x04, 0x1e, 0xa3, 0x00, 0xa4, // 2160
	0x1f, 0x43, 0x10, 0xa4, 0xcf, 0x51, 0x40, 0xb9, 0xee, 0x43, 0x01, 0x91, 0xc2, 0xa3, 0x01, 0x24, // 2170
	0xe3, 0xa3, 0x01, 0x24, 0xc2, 0x1d, 0x80, 0xe5, 0xce, 0x50, 0x7f, 0x04, 0xd2, 0x51, 0x40, 0xb9, // 2180
	0xee, 0x43, 0x01, 0x91, 0xc3, 0x19, 0x80, 0xe5, 0xce, 0x50, 0x7f, 0x04, 0xc2, 0x51, 0x40, 0xb9, // 2190
	0xee, 0x50, 0x7f, 0x04, 0xc4, 0x51, 0x40, 0xb9, 0x82, 0x80, 0x02, 0xaa, 0x44, 0x00, 0x1b, 0xaa, // 21a0
	0x84, 0x00, 0x00, 0xb5, 0xfb, 0x03, 0x1f, 0xaa, 0xe2, 0x03, 0x1f, 0xaa, 0x0a, 0x00, 0x00, 0x14, // 21b0
	0x44, 0x00, 0x3b, 0x8a, 0x65, 0x07, 0x04, 0xaa, 0x42, 0x00, 0x25, 0x8a, 0x42, 0xf0, 0x01, 0x92, // 21c0
	0x42, 0x00, 0x04, 0xab, 0x42, 0xf8, 0x7f, 0xd3, 0xfb, 0x37, 0x9f, 0x1a, 0x42, 0xf0, 0x00, 0xd2, // 21d0
	0x42, 0x00, 0x05, 0x8a, 0xef, 0x81, 0x12, 0xaa, 0xee, 0x43, 0x01, 0x91, 0xef, 0x01, 0x22, 0x8a, // 21e0
	0xfe, 0x0d, 0x08, 0x4e, 0xf2, 0xe1, 0x02, 0x92, 0xef, 0xe1, 0x01, 0x92, 0x5f, 0x0e, 0x08, 0x4e, // 21f0
	0xea, 0x0d, 0x08, 0x4e, 0xeb, 0xbf, 0x20, 0x04, 0x4b, 0x06, 0xd0, 0x04, 0x4d, 0xbd, 0x20, 0x04, // 2200
	0x0d, 0x07, 0xd0, 0x04, 0x0f, 0x83, 0x00, 0x91, 0xde, 0x1f, 0x32, 0x4e, 0xcc, 0xbf, 0x20, 0x04, // 2210
	0xac, 0x06, 0xd0, 0x04, 0x8b, 0x1d, 0x2b, 0x6e, 0xff, 0x06, 0xd0, 0x04, 0x2a, 0x07, 0xd0, 0x04, // 2220
	0xc8, 0x07, 0x08, 0x4e, 0xc9, 0x07, 0x18, 0x4e, 0xde, 0x43, 0x1e, 0x6e, 0xff, 0x1f, 0x2a, 0x6e, // 2230
	0x0a, 0xa3, 0x00, 0xa4, 0x88, 0x06, 0xd0, 0x04, 0xc9, 0x06, 0xd0, 0x04, 0x7e, 0x06, 0xd0, 0x04, // 2240
	0x42, 0xa1, 0x1b, 0x24, 0x08, 0x1d, 0x29, 0x6e, 0x69, 0x1d, 0x2d, 0x6e, 0xeb, 0xa1, 0x00, 0xa4, // 2250
	0xc2, 0x1d, 0x80, 0xe5, 0x1f, 0x1d, 0x3f, 0x6e, 0xde, 0x1f, 0x29, 0x6e, 0x63, 0xa1, 0x1b, 0x24, // 2260
	0xde, 0x1f, 0x3a, 0x4e, 0xff, 0x1f, 0x34, 0x4e, 0xc3, 0x19, 0x80, 0xe5, 0xe8, 0xa1, 0x00, 0xa4, // 2270
	0xee, 0x50, 0x7f, 0x04, 0xc2, 0x51, 0x40, 0xb9, 0xee, 0x43, 0x01, 0x91, 0xfe, 0x1f, 0xbe, 0x4e, // 2280
	0x1f, 0xa3, 0x00, 0xa4, 0x03, 0xa1, 0x03, 0x24, 0xe2, 0xa3, 0x03, 0x24, 0xc9, 0x43, 0x1e, 0x6e, // 2290
	0xc2, 0x1d, 0x80, 0xe5, 0xce, 0x50, 0x7f, 0x04, 0xc4, 0x51, 0x40, 0xb9, 0xee, 0x43, 0x01, 0x91, // 22a0
	0xde, 0x1f, 0xa9, 0x0e, 0xc3, 0x19, 0x80, 0xe5, 0xce, 0x50, 0x7f, 0x04, 0xd2, 0x51, 0x40, 0xb9, // 22b0
	0xee, 0x50, 0x7f, 0x04, 0x42, 0x80, 0x04, 0xaa, 0xc5, 0x51, 0x40, 0xb9, 0xa5, 0x80, 0x12, 0xaa, // 22c0
	0xd2, 0x03, 0x66, 0x9e, 0x52, 0x02, 0x1e, 0xca, 0xb8, 0x00, 0x32, 0xea, 0x42, 0x00, 0x32, 0x8a, // 22d0
	0x20, 0xf2, 0xff, 0x54, 0x04, 0x07, 0x00, 0xd1, 0x85, 0x00, 0x02, 0x8a, 0xbe, 0x00, 0x67, 0x9e, // 22e0
	0xde, 0x5b, 0x20, 0x0e, 0xde, 0x3b, 0x30, 0x2e, 0xc5, 0x03, 0x26, 0x1e, 0xa5, 0x00, 0x19, 0x8b, // 22f0
	0xbf, 0x00, 0x1a, 0xeb, 0x89, 0x07, 0x00, 0x54, 0x98, 0x00, 0x18, 0xea, 0x5a, 0x07, 0x00, 0x91, // 2300
	0xa1, 0xfe, 0xff, 0x54, 0x84, 0xff, 0xff, 0x17, 0xee, 0x03, 0x0d, 0xaa, 0xed, 0x03, 0x0a, 0xaa, // 2310
	0xea, 0x43, 0x00, 0x91, 0xbf, 0x03, 0x00, 0xf1, 0x0d, 0x0f, 0x00, 0x54, 0x0f, 0x2f, 0x40, 0x92, // 2320
	0xfc, 0xf3, 0x00, 0xad, 0xff, 0x05, 0x3f, 0xf1, 0xfc, 0xf3, 0x01, 0xad, 0x63, 0x05, 0x00, 0x54, // 2330
	0xb2, 0x83, 0x00, 0xf1, 0xc3, 0x00, 0x00, 0x54, 0x1e, 0xa3, 0x00, 0xa4, 0x18, 0x83, 0x00, 0x91, // 2340
	0xef, 0x03, 0x0d, 0xaa, 0x5e, 0xe1, 0x00, 0xe4, 0x03, 0x00, 0x00, 0x14, 0xef, 0x43, 0x00, 0x91, // 2350
	0xf2, 0x03, 0x1d, 0xaa, 0x42, 0x42, 0x00, 0xf1, 0x43, 0x02, 0x00, 0x54, 0x1e, 0x07, 0xc1, 0x3c, // 2360
	0xf2, 0x03, 0x02, 0xaa, 0xfe, 0x05, 0x81, 0x3c, 0x42, 0x20, 0x00, 0xf1, 0xe2, 0x01, 0x00, 0x54, // 2370
	0x42, 0x12, 0x00, 0xf1, 0x43, 0x02, 0x00, 0x54, 0x12, 0x47, 0x40, 0xb8, 0xf2, 0x45, 0x00, 0xb8, // 2380
	0xf2, 0x03, 0x02, 0xaa, 0x42, 0x08, 0x00, 0xf1, 0xe2, 0x01, 0x00, 0x54, 0x52, 0x02, 0x00, 0xb4, // 2390
	0x12, 0x03, 0x40, 0x39, 0xf8, 0x43, 0x00, 0x91, 0xf2, 0x01, 0x00, 0x39, 0x0f, 0x00, 0x00, 0x14, // 23a0
	0x42, 0x22, 0x00, 0xf1, 0x63, 0xfe, 0xff, 0x54, 0x12, 0x87, 0x40, 0xf8, 0xf2, 0x85, 0x00, 0xf8, // 23b0
	0xf2, 0x03, 0x02, 0xaa, 0x42, 0x10, 0x00, 0xf1, 0x02, 0xfe, 0xff, 0x54, 0x42, 0x0a, 0x00, 0xf1, // 23c0
	0x63, 0xfe, 0xff, 0x54, 0x12, 0x27, 0x40, 0x78, 0xf2, 0x25, 0x00, 0x78, 0xf2, 0x03, 0x02, 0xaa, // 23d0
	0x02, 0xfe, 0xff, 0xb5, 0xf8, 0x43, 0x00, 0x91, 0xea, 0x03, 0x0d, 0xaa, 0xed, 0x03, 0x0e, 0xaa, // 23e0
	0x57, 0xff, 0xff, 0x17, 0x0f, 0x03, 0xc0, 0xda, 0x12, 0x04, 0x40, 0xf9, 0xef, 0x11, 0xc0, 0xda, // 23f0
	0xef, 0x01, 0x1d, 0xcb, 0xef, 0x01, 0x12, 0x8b, 0xf2, 0x05, 0x00, 0x91, 0x32, 0x00, 0x00, 0xf9, // 2400
	0x02, 0x04, 0x40, 0xf9, 0x5f, 0x02, 0x02, 0xeb, 0x58, 0x24, 0x8f, 0x9a, 0x38, 0x00, 0x00, 0xf9, // 2410
	0x06, 0xfe, 0xff, 0x17, 0x52, 0x00, 0xc0, 0xda, 0x2f, 0x03, 0x0f, 0x8b, 0x52, 0x12, 0xc0, 0xda, // 2420
	0x4f, 0x02, 0x0f, 0x8b, 0xf8, 0x09, 0x00, 0x91, 0x38, 0x00, 0x00, 0xf9, 0xe6, 0x03, 0x07, 0xaa, // 2430
	0xfe, 0xfd, 0xff, 0x17, 0x8f, 0x00, 0xc0, 0x5a, 0xef, 0x11, 0xc0, 0x5a, 0xf8, 0x01, 0x02, 0xcb, // 2440
	0x1f, 0x07, 0x00, 0xf1, 0x38, 0x00, 0x00, 0xf9, 0x0b, 0xbf, 0xff, 0x54, 0xf2, 0x02, 0x0f, 0x8b, // 2450
	0x52, 0x06, 0x00, 0xd1, 0x42, 0x6a, 0x79, 0x38, 0x64, 0x21, 0xc2, 0x9a, 0x5f, 0x80, 0x00, 0x71, // 2460
	0x82, 0x00, 0x0c, 0x8a, 0x44, 0x98, 0x40, 0xfa, 0x40, 0x01, 0x00, 0x54, 0xe2, 0x01, 0x19, 0x8b, // 2470
	0x39, 0x07, 0x00, 0xd1, 0xf8, 0x01, 0x19, 0x8b, 0x42, 0x04, 0x00, 0xd1, 0x04, 0x07, 0x00, 0x91, // 2480
	0x22, 0x00, 0x00, 0xf9, 0x9f, 0x04, 0x00, 0xf1, 0x6c, 0xfe, 0xff, 0x54, 0xe7, 0xfd, 0xff, 0x17, // 2490
	0xf8, 0x01, 0x19, 0x8b, 0xe5, 0xfd, 0xff, 0x17, 0xf9, 0x02, 0x18, 0x8b, 0xff, 0x05, 0x00, 0xf1, // 24a0
	0xea, 0x00, 0x00, 0x54, 0xe1, 0xfd, 0xff, 0x17, 0x32, 0x00, 0x80, 0x92, 0x42, 0x00, 0x80, 0x52, // 24b0
	0xef, 0x01, 0x12, 0xab, 0x39, 0x03, 0x02, 0x8b, 0x8d, 0xbb, 0xff, 0x54, 0x32, 0x03, 0x40, 0x39, // 24c0
	0x5f, 0x72, 0x01, 0x71, 0x20, 0xff, 0xff, 0x54, 0x5f, 0x8a, 0x00, 0x71, 0xe0, 0x00, 0x00, 0x54, // 24d0
	0x12, 0x00, 0x80, 0x92, 0x22, 0x00, 0x80, 0x52, 0xef, 0x01, 0x12, 0xab, 0x39, 0x03, 0x02, 0x8b, // 24e0
	0xec, 0xfe, 0xff, 0x54, 0xd1, 0xfd, 0xff, 0x17, 0x2f, 0x03, 0x17, 0xcb, 0xf8, 0x05, 0x00, 0x91, // 24f0
	0x38, 0x00, 0x00, 0xf9, 0xcd, 0xfd, 0xff, 0x17, 0x18, 0x04, 0x40, 0xf9, 0xea, 0x03, 0x0d, 0xaa, // 2500
	0xed, 0x03, 0x0e, 0xaa, 0x38, 0x00, 0x00, 0xf9, 0xc8, 0xfd, 0xff, 0x17, 0x42, 0x06, 0x00, 0xd1, // 2510
	0x5f, 0x00, 0x0f, 0xeb, 0x61, 0x00, 0x00, 0x54, 0xe6, 0x03, 0x07, 0xaa, 0xc3, 0xfd, 0xff, 0x17, // 2520
	0xe2, 0x02, 0x19, 0x8b, 0x42, 0x00, 0x0f, 0x8b, 0x4f, 0x02, 0x0f, 0xcb, 0x59, 0x08, 0x00, 0x91, // 2530
	0xef, 0x09, 0x00, 0xd1, 0xee, 0xfe, 0xff, 0x17, 0x29, 0x41, 0x00, 0x91, 0x3f, 0x01, 0x0d, 0xeb, // 2540
	0x81, 0xdd, 0xfe, 0x54, 0xa3, 0xb5, 0x00, 0xb4, 0x08, 0x00, 0x00, 0xd0, 0x12, 0x00, 0x00, 0xd0, // 2550
	0xe9, 0x03, 0x03, 0xaa, 0x00, 0xb1, 0xc2, 0x3d, 0x08, 0x00, 0x00, 0xd0, 0x0c, 0xc0, 0x84, 0xd2, // 2560
	0xe6, 0x03, 0x09, 0xb2, 0x18, 0xc5, 0xc2, 0x3d, 0x59, 0xce, 0xc2, 0x3d, 0x3b, 0x8c, 0x8d, 0x52, // 2570
	0xda, 0xad, 0x8e, 0x52, 0x99, 0x4e, 0x8e, 0x52, 0x0a, 0x00, 0x80, 0x92, 0x2b, 0x00, 0x80, 0x52, // 2580
	0x2c, 0x00, 0xc0, 0xf2, 0x6d, 0x00, 0x80, 0x52, 0x8e, 0x00, 0x80, 0x52, 0xe0, 0xe3, 0x18, 0x25, // 2590
	0x0f, 0x04, 0x80, 0x52, 0x20, 0x85, 0x80, 0x3c, 0x40, 0xc4, 0x38, 0x25, 0x81, 0xcb, 0x38, 0x25, // 25a0
	0x26, 0x00, 0x80, 0xf2, 0xe2, 0xc5, 0x38, 0x25, 0x23, 0xc7, 0x38, 0x25, 0xc4, 0xc5, 0x38, 0x25, // 25b0
	0xa5, 0xcc, 0x38, 0x25, 0xa6, 0xc8, 0x38, 0x25, 0x67, 0xc5, 0x38, 0x25, 0xb0, 0xc5, 0x38, 0x25, // 25c0
	0xd1, 0xe5, 0x01, 0x4f, 0x72, 0xe5, 0x01, 0x4f, 0xb3, 0xe5, 0x01, 0x4f, 0x14, 0xe6, 0x06, 0x4f, // 25d0
	0x55, 0xe5, 0x00, 0x4f, 0xf6, 0xe7, 0x06, 0x4f, 0xb7, 0xe4, 0x02, 0x4f, 0x11, 0x00, 0x80, 0x12, // 25e0
	0xbd, 0x00, 0x80, 0x52, 0x7b, 0xae, 0xac, 0x72, 0x9a, 0x8d, 0xad, 0x72, 0xb9, 0xae, 0xac, 0x72, // 25f0
	0xde, 0x00, 0x80, 0x52, 0x47, 0x00, 0x80, 0x52, 0x13, 0x20, 0x40, 0xa9, 0x35, 0x00, 0x40, 0xf9, // 2600
	0xbf, 0x02, 0x08, 0xeb, 0x42, 0x01, 0x00, 0x54, 0x72, 0x6a, 0x75, 0x38, 0x5f, 0x36, 0x00, 0x71, // 2610
	0xe0, 0x00, 0x00, 0x54, 0x5f, 0x82, 0x00, 0x71, 0xa0, 0x00, 0x00, 0x54, 0x52, 0x2e, 0x00, 0x51, // 2620
	0xf4, 0x03, 0x15, 0xaa, 0x5f, 0x0a, 0x00, 0x31, 0x23, 0x06, 0x00, 0x54, 0xb4, 0x06, 0x00, 0x91, // 2630
	0x9f, 0x02, 0x08, 0xeb, 0x22, 0x01, 0x00, 0x54, 0x72, 0x6a, 0x74, 0x38, 0x5f, 0x36, 0x00, 0x71, // 2640
	0xc0, 0x00, 0x00, 0x54, 0x5f, 0x82, 0x00, 0x71, 0x80, 0x00, 0x00, 0x54, 0x52, 0x2e, 0x00, 0x51, // 2650
	0x5f, 0x0a, 0x00, 0x31, 0xc3, 0x04, 0x00, 0x54, 0xb4, 0x0a, 0x00, 0x91, 0x9f, 0x02, 0x08, 0xeb, // 2660
	0x22, 0x01, 0x00, 0x54, 0x72, 0x6a, 0x74, 0x38, 0x5f, 0x36, 0x00, 0x71, 0xc0, 0x00, 0x00, 0x54, // 2670
	0x5f, 0x82, 0x00, 0x71, 0x80, 0x00, 0x00, 0x54, 0x52, 0x2e, 0x00, 0x51, 0x5f, 0x0a, 0x00, 0x31, // 2680
	0x63, 0x03, 0x00, 0x54, 0xb4, 0x0e, 0x00, 0x91, 0x9f, 0x02, 0x08, 0xeb, 0x22, 0x01, 0x00, 0x54, // 2690
	0x72, 0x6a, 0x74, 0x38, 0x5f, 0x36, 0x00, 0x71, 0xc0, 0x00, 0x00, 0x54, 0x5f, 0x82, 0x00, 0x71, // 26a0
	0x80, 0x00, 0x00, 0x54, 0x52, 0x2e, 0x00, 0x51, 0x5f, 0x0a, 0x00, 0x31, 0x03, 0x02, 0x00, 0x54, // 26b0
	0xb4, 0x12, 0x00, 0x91, 0x9f, 0x02, 0x08, 0xeb, 0x42, 0xca, 0x00, 0x54, 0x72, 0x6a, 0x74, 0x38, // 26c0
	0x62, 0x21, 0xd2, 0x9a, 0x5f, 0x82, 0x00, 0x71, 0x52, 0x00, 0x0c, 0x8a, 0x44, 0x9a, 0x40, 0xfa, // 26d0
	0xa0, 0x00, 0x00, 0x54, 0x94, 0x06, 0x00, 0x91, 0x1f, 0x01, 0x14, 0xeb, 0x01, 0xff, 0xff, 0x54, // 26e0
	0x83, 0x05, 0x00, 0x14, 0x9f, 0x02, 0x08, 0xeb, 0x22, 0xb0, 0x00, 0x54, 0x88, 0x06, 0x00, 0x91, // 26f0
	0x28, 0x00, 0x00, 0xf9, 0x75, 0x6a, 0x74, 0x38, 0xb5, 0xaf, 0x00, 0x34, 0x68, 0x00, 0x40, 0xf9, // 2700
	0x5f, 0x05, 0x00, 0xb1, 0x8a, 0x02, 0x8a, 0x9a, 0x16, 0x05, 0x00, 0xd1, 0x32, 0x79, 0x76, 0xf8, // 2710
	0x5f, 0x0e, 0x00, 0x71, 0x4c, 0x09, 0x00, 0x54, 0x5f, 0x06, 0x00, 0x71, 0xe0, 0x12, 0x00, 0x54, // 2720
	0x5f, 0x0a, 0x00, 0x71, 0x00, 0x14, 0x00, 0x54, 0x5f, 0x0e, 0x00, 0x71, 0x81, 0x13, 0x00, 0x54, // 2730
	0xbf, 0x8a, 0x00, 0x71, 0xa1, 0xc4, 0x00, 0x54, 0x2e, 0x79, 0x36, 0xf8, 0x34, 0x00, 0x40, 0xf9, // 2740
	0x15, 0x04, 0x40, 0xf9, 0xa8, 0x02, 0x14, 0xeb, 0x00, 0x11, 0x01, 0x54, 0x1f, 0x01, 0x01, 0xf1, // 2750
	0x03, 0x72, 0x00, 0x54, 0xf8, 0x03, 0x1f, 0xaa, 0x16, 0x00, 0x80, 0x92, 0xf7, 0x03, 0x14, 0xaa, // 2760
	0x7a, 0x42, 0x17, 0xa4, 0x72, 0x02, 0x17, 0x8b, 0xf0, 0x43, 0x01, 0x91, 0x5b, 0x42, 0x0f, 0xa4, // 2770
	0x41, 0xa3, 0x00, 0x24, 0x42, 0xa3, 0x01, 0x24, 0x63, 0xa3, 0x01, 0x24, 0x01, 0x1e, 0x80, 0xe5, // 2780
	0x61, 0xa3, 0x00, 0x24, 0x02, 0x16, 0x80, 0xe5, 0x03, 0x12, 0x80, 0xe5, 0x01, 0x1a, 0x80, 0xe5, // 2790
	0x90, 0x50, 0x7f, 0x04, 0x12, 0x52, 0x40, 0xb9, 0xb0, 0x50, 0x7f, 0x04, 0x02, 0x52, 0x40, 0xb9, // 27a0
	0xd0, 0x50, 0x7f, 0x04, 0x04, 0x52, 0x40, 0xb9, 0xf0, 0x50, 0x7f, 0x04, 0x05, 0x52, 0x40, 0xb9, // 27b0
	0x42, 0x80, 0x12, 0xaa, 0xb2, 0x80, 0x04, 0xaa, 0x02, 0x01, 0x00, 0xb5, 0x98, 0x01, 0x00, 0xb5, // 27c0
	0xd2, 0x02, 0x00, 0xb5, 0x08, 0x01, 0x01, 0xd1, 0xf7, 0x02, 0x01, 0x91, 0x1f, 0xfd, 0x00, 0xf1, // 27d0
	0x88, 0xfc, 0xff, 0x54, 0x30, 0x03, 0x00, 0x14, 0xdf, 0x06, 0x00, 0xb1, 0x81, 0x00, 0x00, 0x54, // 27e0
	0x44, 0x00, 0xc0, 0xda, 0x84, 0x10, 0xc0, 0xda, 0x96, 0x00, 0x17, 0x8b, 0x44, 0x00, 0x38, 0x8a, // 27f0
	0x05, 0x07, 0x04, 0xaa, 0x42, 0x00, 0x25, 0x8a, 0x42, 0xf0, 0x01, 0x92, 0x42, 0x00, 0x04, 0xab, // 2800
	0x42, 0xf8, 0x7f, 0xd3, 0xf8, 0x37, 0x9f, 0x1a, 0x42, 0xf0, 0x00, 0xd2, 0x42, 0x00, 0x05, 0x8a, // 2810
	0x52, 0x02, 0x22, 0x8a, 0x92, 0xfd, 0xff, 0xb4, 0x48, 0x02, 0xc0, 0xda, 0x08, 0x11, 0xc0, 0xda, // 2820
	0x08, 0x01, 0x17, 0x8b, 0x08, 0x05, 0x00, 0x91, 0x48, 0xfb, 0xf8, 0xb7, 0x9f, 0x02, 0x00, 0xf1, // 2830
	0x28, 0x00, 0x00, 0xf9, 0xec, 0x38, 0x00, 0x54, 0xda, 0x07, 0x00, 0x14, 0x5f, 0x12, 0x00, 0x71, // 2840
	0x60, 0x0a, 0x00, 0x54, 0x5f, 0x16, 0x00, 0x71, 0x80, 0x0b, 0x00, 0x54, 0x5f, 0x1a, 0x00, 0x71, // 2850
	0x61, 0x0a, 0x00, 0x54, 0xbf, 0x8a, 0x00, 0x71, 0xa1, 0x0a, 0x00, 0x54, 0x27, 0x79, 0x36, 0xf8, // 2860
	0x34, 0x00, 0x40, 0xf9, 0x15, 0x04, 0x40, 0xf9, 0xa8, 0x02, 0x14, 0xeb, 0xe0, 0x07, 0x01, 0x54, // 2870
	0x1f, 0x01, 0x01, 0xf1, 0x03, 0x6e, 0x00, 0x54, 0xf8, 0x03, 0x1f, 0xaa, 0x16, 0x00, 0x80, 0x92, // 2880
	0xf7, 0x03, 0x14, 0xaa, 0x7a, 0x42, 0x17, 0xa4, 0x72, 0x02, 0x17, 0x8b, 0xf0, 0x43, 0x01, 0x91, // 2890
	0x5b, 0x42, 0x0f, 0xa4, 0x41, 0xa3, 0x00, 0x24, 0x42, 0xa3, 0x01, 0x24, 0x63, 0xa3, 0x01, 0x24, // 28a0
	0x01, 0x1e, 0x80, 0xe5, 0x61, 0xa3, 0x00, 0x24, 0x02, 0x16, 0x80, 0xe5, 0x03, 0x12, 0x80, 0xe5, // 28b0
	0x01, 0x1a, 0x80, 0xe5, 0x90, 0x50, 0x7f, 0x04, 0x12, 0x52, 0x40, 0xb9, 0xb0, 0x50, 0x7f, 0x04, // 28c0
	0x02, 0x52, 0x40, 0xb9, 0xd0, 0x50, 0x7f, 0x04, 0x04, 0x52, 0x40, 0xb9, 0xf0, 0x50, 0x7f, 0x04, // 28d0
	0x05, 0x52, 0x40, 0xb9, 0x42, 0x80, 0x12, 0xaa, 0xb2, 0x80, 0x04, 0xaa, 0x02, 0x01, 0x00, 0xb5, // 28e0
	0x98, 0x01, 0x00, 0xb5, 0xd2, 0x02, 0x00, 0xb5, 0x08, 0x01, 0x01, 0xd1, 0xf7, 0x02, 0x01, 0x91, // 28f0
	0x1f, 0xfd, 0x00, 0xf1, 0x88, 0xfc, 0xff, 0x54, 0x41, 0x03, 0x00, 0x14, 0xdf, 0x06, 0x00, 0xb1, // 2900
	0x81, 0x00, 0x00, 0x54, 0x44, 0x00, 0xc0, 0xda, 0x84, 0x10, 0xc0, 0xda, 0x96, 0x00, 0x17, 0x8b, // 2910
	0x44, 0x00, 0x38, 0x8a, 0x05, 0x07, 0x04, 0xaa, 0x42, 0x00, 0x25, 0x8a, 0x42, 0xf0, 0x01, 0x92, // 2920
	0x42, 0x00, 0x04, 0xab, 0x42, 0xf8, 0x7f, 0xd3, 0xf8, 0x37, 0x9f, 0x1a, 0x42, 0xf0, 0x00, 0xd2, // 2930
	0x42, 0x00, 0x05, 0x8a, 0x52, 0x02, 0x22, 0x8a, 0x92, 0xfd, 0xff, 0xb4, 0x48, 0x02, 0xc0, 0xda, // 2940
	0x08, 0x11, 0xc0, 0xda, 0x08, 0x01, 0x17, 0x8b, 0x08, 0x05, 0x00, 0x91, 0x28, 0xf2, 0xf8, 0xb7, // 2950
	0x28, 0x00, 0x00, 0xf9, 0x88, 0x06, 0x00, 0xf1, 0xab, 0xb3, 0x00, 0x54, 0x68, 0x00, 0x40, 0xf9, // 2960
	0x1f, 0xfd, 0x3f, 0xf1, 0x2c, 0xf1, 0x00, 0x54, 0x12, 0x05, 0x00, 0x91, 0x72, 0x00, 0x00, 0xf9, // 2970
	0x2e, 0x79, 0x28, 0xf8, 0x77, 0x01, 0x00, 0x14, 0xbf, 0xb2, 0x00, 0x71, 0x20, 0x05, 0x00, 0x54, // 2980
	0xbf, 0x76, 0x01, 0x71, 0xe0, 0x01, 0x00, 0x54, 0x90, 0x05, 0x00, 0x14, 0xbf, 0xea, 0x00, 0x71, // 2990
	0xc1, 0xb1, 0x00, 0x54, 0x3f, 0x79, 0x36, 0xf8, 0x6e, 0x01, 0x00, 0x14, 0x76, 0x00, 0x00, 0xf9, // 29a0
	0x0d, 0x00, 0x00, 0x14, 0xbf, 0xb2, 0x00, 0x71, 0x80, 0x04, 0x00, 0x54, 0xbf, 0xf6, 0x01, 0x71, // 29b0
	0x80, 0x00, 0x00, 0x54, 0x85, 0x05, 0x00, 0x14, 0xbf, 0x76, 0x01, 0x71, 0xa1, 0x00, 0x00, 0x54, // 29c0
	0xe8, 0x03, 0x0a, 0xaa, 0x76, 0x00, 0x00, 0xf9, 0x96, 0xe1, 0xff, 0xb5, 0x80, 0x05, 0x00, 0x14, // 29d0
	0x2b, 0x79, 0x36, 0xf8, 0xbf, 0x6a, 0x01, 0x71, 0x28, 0x00, 0x80, 0x92, 0xac, 0x03, 0x00, 0x54, // 29e0
	0xb2, 0xc2, 0x00, 0x51, 0x5f, 0x2a, 0x00, 0x71, 0x42, 0x21, 0x00, 0x54, 0x34, 0x00, 0x40, 0xf9, // 29f0
	0x12, 0x04, 0x40, 0xf9, 0x88, 0x06, 0x00, 0xd1, 0x59, 0x02, 0x08, 0xeb, 0x60, 0xed, 0x00, 0x54, // 2a00
	0x75, 0x02, 0x08, 0x8b, 0xb2, 0x02, 0x40, 0x39, 0x5f, 0xc2, 0x00, 0x71, 0x01, 0x05, 0x00, 0x54, // 2a10
	0x3f, 0x07, 0x00, 0xf1, 0xc1, 0x03, 0x00, 0x54, 0x3b, 0x00, 0x80, 0x52, 0x43, 0x01, 0x00, 0x14, // 2a20
	0x1f, 0xfd, 0x3f, 0xf1, 0x2c, 0xeb, 0x00, 0x54, 0x12, 0x05, 0x00, 0x91, 0x72, 0x00, 0x00, 0xf9, // 2a30
	0x3f, 0x79, 0x28, 0xf8, 0x47, 0x01, 0x00, 0x14, 0x1f, 0xfd, 0x3f, 0xf1, 0x6c, 0xea, 0x00, 0x54, // 2a40
	0x12, 0x05, 0x00, 0x91, 0x72, 0x00, 0x00, 0xf9, 0x2d, 0x79, 0x28, 0xf8, 0x41, 0x01, 0x00, 0x14, // 2a50
	0xbf, 0xb6, 0x01, 0x71, 0x6d, 0x20, 0x00, 0x54, 0xbf, 0xba, 0x01, 0x71, 0xe0, 0x29, 0x00, 0x54, // 2a60
	0xbf, 0xd2, 0x01, 0x71, 0xe0, 0x27, 0x00, 0x54, 0xbf, 0xee, 0x01, 0x71, 0x01, 0xab, 0x00, 0x54, // 2a70
	0x68, 0x00, 0x40, 0xf9, 0x1f, 0xfd, 0x3f, 0xf1, 0x8c, 0xe8, 0x00, 0x54, 0x10, 0x05, 0x00, 0x91, // 2a80
	0x70, 0x00, 0x00, 0xf9, 0x3e, 0x79, 0x28, 0xf8, 0x32, 0x01, 0x00, 0x14, 0x72, 0x6a, 0x74, 0x38, // 2a90
	0x52, 0xba, 0x00, 0x51, 0x5f, 0xde, 0x00, 0x71, 0x08, 0xfc, 0xff, 0x54, 0x72, 0x21, 0xd2, 0x9a, // 2aa0
	0x3b, 0x00, 0x80, 0x52, 0x5f, 0x02, 0x06, 0xea, 0x00, 0x24, 0x00, 0x54, 0x3f, 0x83, 0x00, 0xf1, // 2ab0
	0x03, 0x68, 0x00, 0x54, 0xfa, 0x03, 0x1f, 0xaa, 0x18, 0x00, 0x80, 0x92, 0x16, 0x00, 0x80, 0x92, // 2ac0
	0x17, 0x00, 0x80, 0x92, 0xba, 0x42, 0x1a, 0xa4, 0xf0, 0x43, 0x01, 0x91, 0x51, 0x83, 0x02, 0x24, // 2ad0
	0x52, 0x83, 0x03, 0x24, 0x43, 0xa3, 0x04, 0x24, 0x01, 0x1e, 0x80, 0xe5, 0x41, 0xa3, 0x05, 0x24, // 2ae0
	0x02, 0x1a, 0x80, 0xe5, 0x42, 0xa3, 0x06, 0x24, 0x03, 0x16, 0x80, 0xe5, 0x43, 0xa3, 0x07, 0x24, // 2af0
	0x01, 0x12, 0x80, 0xe5, 0x41, 0xa3, 0x10, 0x24, 0x02, 0x0e, 0x80, 0xe5, 0x03, 0x0a, 0x80, 0xe5, // 2b00
	0x01, 0x06, 0x80, 0xe5, 0xd0, 0x50, 0x7f, 0x04, 0x12, 0x52, 0x40, 0xb9, 0xf0, 0x50, 0x7f, 0x04, // 2b10
	0x02, 0x52, 0x40, 0xb9, 0x90, 0x50, 0x7f, 0x04, 0x04, 0x52, 0x40, 0xb9, 0x70, 0x50, 0x7f, 0x04, // 2b20
	0x05, 0x52, 0x40, 0xb9, 0x50, 0x50, 0x7f, 0x04, 0x42, 0x00, 0x32, 0x0a, 0x1b, 0x52, 0x40, 0xb9, // 2b30
	0x30, 0x50, 0x7f, 0x04, 0x1d, 0x52, 0x40, 0xb9, 0xb0, 0x50, 0x7f, 0x04, 0xb2, 0x00, 0x04, 0x2a, // 2b40
	0x1e, 0x52, 0x40, 0xb9, 0x42, 0x02, 0x02, 0x2a, 0xbd, 0x03, 0x1b, 0x2a, 0xa4, 0x03, 0x1e, 0x2a, // 2b50
	0x42, 0x00, 0x04, 0x2a, 0xe2, 0x03, 0x22, 0xaa, 0x42, 0x00, 0xc0, 0xda, 0x5b, 0x10, 0xc0, 0xda, // 2b60
	0x7f, 0x83, 0x00, 0x71, 0xa0, 0x00, 0x00, 0x54, 0x22, 0x22, 0xdb, 0x1a, 0xde, 0x03, 0x22, 0x0a, // 2b70
	0x52, 0x02, 0x22, 0x0a, 0xbd, 0x03, 0x22, 0x0a, 0xc2, 0x07, 0x00, 0x51, 0x42, 0x00, 0x1e, 0x6a, // 2b80
	0xa1, 0x4e, 0x00, 0x54, 0x42, 0x06, 0x00, 0x51, 0x42, 0x00, 0x12, 0x6a, 0x41, 0x4e, 0x00, 0x54, // 2b90
	0xa2, 0x07, 0x00, 0x51, 0x42, 0x00, 0x1d, 0x6a, 0xe1, 0x4d, 0x00, 0x54, 0xde, 0x00, 0x00, 0x34, // 2ba0
	0xff, 0x06, 0x00, 0xb1, 0xa1, 0x4d, 0x00, 0x54, 0xc2, 0x03, 0xc0, 0x5a, 0x42, 0x10, 0xc0, 0x5a, // 2bb0
	0x57, 0x03, 0x02, 0x8b, 0xd2, 0x00, 0x00, 0x34, 0xdf, 0x06, 0x00, 0xb1, 0x21, 0x57, 0x00, 0x54, // 2bc0
	0x52, 0x02, 0xc0, 0x5a, 0x52, 0x12, 0xc0, 0x5a, 0x56, 0x03, 0x12, 0x8b, 0xdd, 0x00, 0x00, 0x34, // 2bd0
	0x1f, 0x07, 0x00, 0xb1, 0xa1, 0x56, 0x00, 0x54, 0xb2, 0x03, 0xc0, 0x5a, 0x52, 0x12, 0xc0, 0x5a, // 2be0
	0x58, 0x03, 0x12, 0x8b, 0x7f, 0x83, 0x00, 0x71, 0x21, 0x10, 0x00, 0x54, 0x39, 0x83, 0x00, 0xd1, // 2bf0
	0x5a, 0x83, 0x00, 0x91, 0x3f, 0x7f, 0x00, 0xf1, 0x68, 0xf6, 0xff, 0x54, 0xba, 0x02, 0x1a, 0x8b, // 2c00
	0x3f, 0x43, 0x00, 0xf1, 0x43, 0x0a, 0x00, 0x54, 0x52, 0x03, 0x14, 0xcb, 0xfb, 0x03, 0x1f, 0xaa, // 2c10
	0x52, 0x02, 0x13, 0xcb, 0x5d, 0x06, 0x00, 0x91, 0x5a, 0x6b, 0xfb, 0x3c, 0x5b, 0x87, 0x34, 0x4e, // 2c20
	0x5c, 0x8f, 0x32, 0x6e, 0x5d, 0x8f, 0x33, 0x6e, 0x5e, 0x1f, 0x36, 0x4e, 0x5a, 0x8f, 0x31, 0x6e, // 2c30
	0x9c, 0x1f, 0xbd, 0x4e, 0xbb, 0x36, 0x3b, 0x6e, 0xde, 0x8f, 0x37, 0x6e, 0x7b, 0x1f, 0xba, 0x4e, // 2c40
	0xdd, 0x1f, 0xbc, 0x4e, 0x5a, 0x1f, 0x38, 0x4e, 0x9c, 0x1f, 0x38, 0x4e, 0x7b, 0x1f, 0xbd, 0x4e, // 2c50
	0xdd, 0x1f, 0x38, 0x4e, 0x5a, 0x03, 0x19, 0x4e, 0x9c, 0x03, 0x19, 0x4e, 0x7b, 0x1f, 0x38, 0x4e, // 2c60
	0x5a, 0xbb, 0x71, 0x4e, 0x9c, 0xbb, 0x71, 0x4e, 0x7b, 0x03, 0x19, 0x4e, 0x42, 0x03, 0x26, 0x1e, // 2c70
	0x86, 0x03, 0x26, 0x1e, 0x7b, 0xbb, 0x71, 0x4e, 0x72, 0x03, 0x26, 0x1e, 0xbb, 0x03, 0x19, 0x4e, // 2c80
	0xf2, 0x03, 0x32, 0x2a, 0x52, 0x3e, 0x10, 0x32, 0x7b, 0xbb, 0x71, 0x4e, 0x52, 0x02, 0xc0, 0x5a, // 2c90
	0x5e, 0x12, 0xc0, 0x5a, 0x32, 0x22, 0xde, 0x1a, 0x65, 0x03, 0x26, 0x1e, 0xdf, 0x43, 0x00, 0x71, // 2ca0
	0x44, 0x00, 0x32, 0x0a, 0x44, 0x00, 0x84, 0x1a, 0xa2, 0x00, 0x32, 0x0a, 0xd2, 0x00, 0x32, 0x0a, // 2cb0
	0x90, 0x04, 0x00, 0x51, 0xa2, 0x00, 0x82, 0x1a, 0xd2, 0x00, 0x92, 0x1a, 0x05, 0x02, 0x04, 0x6a, // 2cc0
	0x21, 0x4a, 0x00, 0x54, 0x50, 0x04, 0x00, 0x51, 0x05, 0x02, 0x02, 0x6a, 0xc1, 0x49, 0x00, 0x54, // 2cd0
	0x50, 0x06, 0x00, 0x51, 0x05, 0x02, 0x12, 0x6a, 0x61, 0x49, 0x00, 0x54, 0xe4, 0x00, 0x00, 0x34, // 2ce0
	0x90, 0x00, 0xc0, 0x5a, 0xff, 0x06, 0x00, 0xb1, 0x04, 0x12, 0xc0, 0x5a, 0x21, 0x4f, 0x00, 0x54, // 2cf0
	0xb0, 0x03, 0x1b, 0x8b, 0x17, 0x02, 0x04, 0x8b, 0xe2, 0x00, 0x00, 0x34, 0x50, 0x00, 0xc0, 0x5a, // 2d00
	0xdf, 0x06, 0x00, 0xb1, 0x02, 0x12, 0xc0, 0x5a, 0xc1, 0x4e, 0x00, 0x54, 0xb0, 0x03, 0x1b, 0x8b, // 2d10
	0x16, 0x02, 0x02, 0x8b, 0xf2, 0x00, 0x00, 0x34, 0x50, 0x02, 0xc0, 0x5a, 0x1f, 0x07, 0x00, 0xb1, // 2d20
	0x12, 0x12, 0xc0, 0x5a, 0x61, 0x4e, 0x00, 0x54, 0xb0, 0x03, 0x1b, 0x8b, 0x18, 0x02, 0x12, 0x8b, // 2d30
	0xdf, 0x43, 0x00, 0x71, 0x21, 0x0b, 0x00, 0x54, 0x39, 0x43, 0x00, 0xd1, 0x7b, 0x43, 0x00, 0x91, // 2d40
	0x3f, 0x3f, 0x00, 0xf1, 0xa8, 0xf6, 0xff, 0x54, 0x5a, 0x03, 0x1b, 0x8b, 0xde, 0x00, 0x80, 0x52, // 2d50
	0xb9, 0x0a, 0x00, 0xb4, 0x50, 0x03, 0x14, 0xcb, 0x5b, 0x03, 0x19, 0x8b, 0xfd, 0x03, 0x1a, 0xaa, // 2d60
	0x10, 0x02, 0x13, 0xcb, 0x13, 0x0a, 0x00, 0x91, 0x08, 0x00, 0x00, 0x14, 0x1f, 0x07, 0x00, 0xb1, // 2d70
	0x61, 0x40, 0x00, 0x54, 0x78, 0x06, 0x00, 0xd1, 0x39, 0x07, 0x00, 0xd1, 0x73, 0x06, 0x00, 0x91, // 2d80
	0xfa, 0x03, 0x1d, 0xaa, 0x39, 0x1c, 0x00, 0xb4, 0xb2, 0x17, 0x40, 0x38, 0x50, 0xc2, 0x00, 0x51, // 2d90
	0x1f, 0x2a, 0x00, 0x71, 0x23, 0xff, 0xff, 0x54, 0x5f, 0xb6, 0x00, 0x71, 0x6d, 0x01, 0x00, 0x54, // 2da0
	0x5f, 0x96, 0x01, 0x71, 0xc0, 0x01, 0x00, 0x54, 0x5f, 0x16, 0x01, 0x71, 0x80, 0x01, 0x00, 0x54, // 2db0
	0x5f, 0xba, 0x00, 0x71, 0x81, 0x07, 0x00, 0x54, 0xff, 0x06, 0x00, 0xb1, 0x01, 0x3e, 0x00, 0x54, // 2dc0
	0x77, 0x06, 0x00, 0xd1, 0xed, 0xff, 0xff, 0x17, 0x5f, 0xae, 0x00, 0x71, 0x00, 0xfd, 0xff, 0x54, // 2dd0
	0x5f, 0xb6, 0x00, 0x71, 0xc0, 0xfc, 0xff, 0x54, 0x33, 0x00, 0x00, 0x14, 0xdf, 0x06, 0x00, 0xb1, // 2de0
	0xe1, 0x3c, 0x00, 0x54, 0x76, 0x06, 0x00, 0xd1, 0xe4, 0xff, 0xff, 0x17, 0x72, 0x03, 0x1a, 0x8b, // 2df0
	0xde, 0x00, 0x80, 0x52, 0xba, 0x02, 0x12, 0x8b, 0xe6, 0x03, 0x09, 0xb2, 0x1b, 0x00, 0x80, 0x92, // 2e00
	0xbd, 0x00, 0x80, 0x52, 0x26, 0x00, 0x80, 0xf2, 0x97, 0x05, 0x00, 0xb5, 0x8a, 0x06, 0x00, 0x14, // 2e10
	0xbf, 0x8a, 0x00, 0x71, 0xc0, 0x0e, 0x00, 0x54, 0xbf, 0xb6, 0x00, 0x71, 0x81, 0x8d, 0x00, 0x54, // 2e20
	0x28, 0x00, 0x40, 0xf9, 0x12, 0x04, 0x40, 0xf9, 0x58, 0x02, 0x08, 0xcb, 0x1f, 0x03, 0x00, 0xf1, // 2e30
	0xed, 0xdb, 0x00, 0x54, 0x74, 0x02, 0x08, 0x8b, 0x92, 0x02, 0x40, 0x39, 0x50, 0xea, 0x00, 0x51, // 2e40
	0x1f, 0x2a, 0x00, 0x31, 0x23, 0x8c, 0x00, 0x54, 0x5f, 0xc2, 0x00, 0x71, 0xc1, 0x17, 0x00, 0x54, // 2e50
	0x1f, 0x07, 0x00, 0xf1, 0x81, 0x16, 0x00, 0x54, 0x3a, 0x00, 0x80, 0x52, 0xb5, 0x01, 0x00, 0x14, // 2e60
	0xbf, 0x6e, 0x01, 0x71, 0x60, 0x0b, 0x00, 0x54, 0xbf, 0x9a, 0x01, 0x71, 0x01, 0x8b, 0x00, 0x54, // 2e70
	0x12, 0x04, 0x40, 0xf9, 0x28, 0x00, 0x40, 0xf9, 0x50, 0x12, 0x00, 0xd1, 0x1f, 0x01, 0x10, 0xeb, // 2e80
	0x88, 0xce, 0x00, 0x54, 0x70, 0x6a, 0x68, 0xb8, 0x1f, 0x02, 0x1b, 0x6b, 0x01, 0xd1, 0x00, 0x54, // 2e90
	0x10, 0x11, 0x00, 0x91, 0x3d, 0x00, 0x00, 0x14, 0x50, 0x43, 0x3e, 0x8b, 0xde, 0x00, 0x80, 0x52, // 2ea0
	0x1a, 0x02, 0x1b, 0x8b, 0xe6, 0x03, 0x09, 0xb2, 0x1b, 0x00, 0x80, 0x92, 0xbd, 0x00, 0x80, 0x52, // 2eb0
	0x26, 0x00, 0x80, 0xf2, 0x17, 0xcc, 0x00, 0xb4, 0xf8, 0xcb, 0x00, 0xb4, 0xd6, 0xcb, 0x00, 0xb4, // 2ec0
	0x52, 0x03, 0x15, 0xcb, 0x42, 0x06, 0x00, 0xd1, 0xff, 0x02, 0x02, 0xeb, 0xa0, 0x02, 0x00, 0x54, // 2ed0
	0x1f, 0x03, 0x02, 0xeb, 0x60, 0x02, 0x00, 0x54, 0xdf, 0x02, 0x02, 0xeb, 0x20, 0x02, 0x00, 0x54, // 2ee0
	0x02, 0x07, 0x00, 0xf1, 0x6b, 0x00, 0x00, 0x54, 0xdf, 0x02, 0x02, 0xeb, 0xe1, 0xc9, 0x00, 0x54, // 2ef0
	0xe2, 0x02, 0x16, 0xaa, 0x62, 0x00, 0xf8, 0xb7, 0xff, 0x02, 0x16, 0xeb, 0xaa, 0xc9, 0x00, 0x54, // 2f00
	0x50, 0xfc, 0x7f, 0xd3, 0xc2, 0x06, 0x00, 0xd1, 0xff, 0x02, 0x02, 0xeb, 0x10, 0x02, 0x00, 0x52, // 2f10
	0xe2, 0x17, 0x9f, 0x1a, 0x1f, 0x02, 0x02, 0x6a, 0x5b, 0x02, 0x96, 0xda, 0x02, 0x00, 0x00, 0x14, // 2f20
	0xfb, 0x03, 0x12, 0xcb, 0x9b, 0xc8, 0xf8, 0xb7, 0x10, 0x01, 0x1b, 0x8b, 0x3b, 0x8c, 0x8d, 0x52, // 2f30
	0xda, 0xad, 0x8e, 0x52, 0x99, 0x4e, 0x8e, 0x52, 0x9f, 0x02, 0x00, 0xf1, 0x7b, 0xae, 0xac, 0x72, // 2f40
	0x9a, 0x8d, 0xad, 0x72, 0xb9, 0xae, 0xac, 0x72, 0x30, 0x00, 0x00, 0xf9, 0x0d, 0x84, 0x00, 0x54, // 2f50
	0x72, 0x00, 0x40, 0xf9, 0xe8, 0x03, 0x0a, 0xaa, 0x12, 0xb5, 0xff, 0xb5, 0x1c, 0x04, 0x00, 0x14, // 2f60
	0x12, 0x04, 0x40, 0xf9, 0x28, 0x00, 0x40, 0xf9, 0x50, 0x0e, 0x00, 0xd1, 0x1f, 0x01, 0x10, 0xeb, // 2f70
	0x08, 0xc7, 0x00, 0x54, 0x70, 0x02, 0x08, 0x8b, 0x10, 0xf2, 0x5f, 0xb8, 0x1f, 0x02, 0x19, 0x6b, // 2f80
	0xe1, 0xcb, 0x00, 0x54, 0x10, 0x0d, 0x00, 0x91, 0x1f, 0x01, 0x00, 0xf1, 0x30, 0x00, 0x00, 0xf9, // 2f90
	0x0c, 0xfe, 0xff, 0x54, 0x23, 0x06, 0x00, 0x14, 0x12, 0x04, 0x40, 0xf9, 0x28, 0x00, 0x40, 0xf9, // 2fa0
	0x50, 0x0e, 0x00, 0xd1, 0x1f, 0x01, 0x10, 0xeb, 0x48, 0xc5, 0x00, 0x54, 0x70, 0x02, 0x08, 0x8b, // 2fb0
	0x10, 0xf2, 0x5f, 0xb8, 0x1f, 0x02, 0x1a, 0x6b, 0x21, 0xc5, 0x00, 0x54, 0x10, 0x0d, 0x00, 0x91, // 2fc0
	0x1f, 0x01, 0x00, 0xf1, 0x30, 0x00, 0x00, 0xf9, 0x4c, 0xfc, 0xff, 0x54, 0x15, 0x06, 0x00, 0x14, // 2fd0
	0x68, 0x00, 0x40, 0xf9, 0x1f, 0xfd, 0x3f, 0xf1, 0x8c, 0xbd, 0x00, 0x54, 0x10, 0x05, 0x00, 0x91, // 2fe0
	0x70, 0x00, 0x00, 0xf9, 0x3d, 0x79, 0x28, 0xf8, 0xda, 0xff, 0xff, 0x17, 0x34, 0x00, 0x40, 0xf9, // 2ff0
	0x15, 0x04, 0x40, 0xf9, 0xa8, 0x02, 0x14, 0xeb, 0x80, 0xcb, 0x00, 0x54, 0x1f, 0x01, 0x01, 0xf1, // 3000
	0x43, 0x38, 0x00, 0x54, 0xf8, 0x03, 0x1f, 0xaa, 0x16, 0x00, 0x80, 0x92, 0xf7, 0x03, 0x14, 0xaa, // 3010
	0x7a, 0x42, 0x17, 0xa4, 0x70, 0x02, 0x17, 0x8b, 0xc2, 0x50, 0x7f, 0x04, 0x1b, 0x42, 0x0f, 0xa4, // 3020
	0xf0, 0x43, 0x01, 0x91, 0xb2, 0x50, 0x7f, 0x04, 0x41, 0xa3, 0x00, 0x24, 0x42, 0xa3, 0x01, 0x24, // 3030
	0x63, 0xa3, 0x01, 0x24, 0x01, 0x1e, 0x80, 0xe5, 0x61, 0xa3, 0x00, 0x24, 0x02, 0x16, 0x80, 0xe5, // 3040
	0x03, 0x12, 0x80, 0xe5, 0x52, 0x52, 0x40, 0xb9, 0x01, 0x1a, 0x80, 0xe5, 0x90, 0x50, 0x7f, 0x04, // 3050
	0x44, 0x50, 0x40, 0xb9, 0xe2, 0x50, 0x7f, 0x04, 0x10, 0x52, 0x40, 0xb9, 0x45, 0x50, 0x40, 0xb9, // 3060
	0x42, 0x82, 0x10, 0xaa, 0xb2, 0x80, 0x04, 0xaa, 0x02, 0x01, 0x00, 0xb5, 0x98, 0x01, 0x00, 0xb5, // 3070
	0x12, 0x04, 0x00, 0xb5, 0x08, 0x01, 0x01, 0xd1, 0xf7, 0x02, 0x01, 0x91, 0x1f, 0xfd, 0x00, 0xf1, // 3080
	0x88, 0xfc, 0xff, 0x54, 0x9f, 0x01, 0x00, 0x14, 0xdf, 0x06, 0x00, 0xb1, 0x81, 0x00, 0x00, 0x54, // 3090
	0x50, 0x00, 0xc0, 0xda, 0x10, 0x12, 0xc0, 0xda, 0x16, 0x02, 0x17, 0x8b, 0x50, 0x00, 0x38, 0x8a, // 30a0
	0xe6, 0x03, 0x09, 0xb2, 0x3b, 0x8c, 0x8d, 0x52, 0x04, 0x07, 0x10, 0xaa, 0xda, 0xad, 0x8e, 0x52, // 30b0
	0x99, 0x4e, 0x8e, 0x52, 0x26, 0x00, 0x80, 0xf2, 0xbd, 0x00, 0x80, 0x52, 0x7b, 0xae, 0xac, 0x72, // 30c0
	0x42, 0x00, 0x24, 0x8a, 0x9a, 0x8d, 0xad, 0x72, 0xb9, 0xae, 0xac, 0x72, 0x42, 0xf0, 0x01, 0x92, // 30d0
	0xde, 0x00, 0x80, 0x52, 0x50, 0x00, 0x10, 0xab, 0x10, 0xfa, 0x7f, 0xd3, 0xf8, 0x37, 0x9f, 0x1a, // 30e0
	0x10, 0xf2, 0x00, 0xd2, 0x10, 0x02, 0x04, 0x8a, 0x52, 0x02, 0x30, 0x8a, 0x52, 0xfc, 0xff, 0xb4, // 30f0
	0x48, 0x02, 0xc0, 0xda, 0x08, 0x11, 0xc0, 0xda, 0x08, 0x01, 0x17, 0x8b, 0x08, 0x05, 0x00, 0x91, // 3100
	0x68, 0xb9, 0xff, 0xb6, 0xa3, 0x05, 0x00, 0x14, 0xfa, 0x03, 0x1b, 0xaa, 0xe6, 0x03, 0x09, 0xb2, // 3110
	0x1b, 0x00, 0x80, 0x92, 0xbd, 0x00, 0x80, 0x52, 0x26, 0x00, 0x80, 0xf2, 0xf7, 0xec, 0xff, 0xb5, // 3120
	0xc5, 0x05, 0x00, 0x14, 0x90, 0x06, 0x40, 0x39, 0x12, 0xba, 0x00, 0x51, 0x5f, 0xde, 0x00, 0x71, // 3130
	0x48, 0xe9, 0xff, 0x54, 0x70, 0x21, 0xd2, 0x9a, 0x3a, 0x00, 0x80, 0x52, 0x1f, 0x02, 0x06, 0xea, // 3140
	0x80, 0x1f, 0x00, 0x54, 0x1f, 0x83, 0x00, 0xf1, 0xc3, 0x36, 0x00, 0x54, 0xf9, 0x03, 0x1f, 0xaa, // 3150
	0x15, 0x00, 0x80, 0x92, 0x16, 0x00, 0x80, 0x92, 0x17, 0x00, 0x80, 0x92, 0x9a, 0x42, 0x19, 0xa4, // 3160
	0xf0, 0x43, 0x01, 0x91, 0xf2, 0x50, 0x7f, 0x04, 0x51, 0x83, 0x02, 0x24, 0x52, 0x83, 0x03, 0x24, // 3170
	0x43, 0xa3, 0x04, 0x24, 0x01, 0x1e, 0x80, 0xe5, 0x41, 0xa3, 0x05, 0x24, 0x02, 0x1a, 0x80, 0xe5, // 3180
	0x42, 0xa3, 0x06, 0x24, 0x42, 0x52, 0x40, 0xb9, 0x03, 0x16, 0x80, 0xe5, 0x43, 0xa3, 0x07, 0x24, // 3190
	0x92, 0x50, 0x7f, 0x04, 0x01, 0x12, 0x80, 0xe5, 0x41, 0xa3, 0x10, 0x24, 0x02, 0x0e, 0x80, 0xe5, // 31a0
	0x44, 0x52, 0x40, 0xb9, 0x72, 0x50, 0x7f, 0x04, 0x03, 0x0a, 0x80, 0xe5, 0x45, 0x52, 0x40, 0xb9, // 31b0
	0x52, 0x50, 0x7f, 0x04, 0x01, 0x06, 0x80, 0xe5, 0xd0, 0x50, 0x7f, 0x04, 0x46, 0x52, 0x40, 0xb9, // 31c0
	0x32, 0x50, 0x7f, 0x04, 0x10, 0x52, 0x40, 0xb9, 0xbd, 0x00, 0x04, 0x2a, 0x5a, 0x52, 0x40, 0xb9, // 31d0
	0xb2, 0x50, 0x7f, 0x04, 0x52, 0x52, 0x40, 0xb9, 0x50, 0x00, 0x30, 0x0a, 0x5b, 0x03, 0x06, 0x2a, // 31e0
	0xb0, 0x03, 0x10, 0x2a, 0x62, 0x03, 0x12, 0x2a, 0x10, 0x02, 0x02, 0x2a, 0xf0, 0x03, 0x30, 0xaa, // 31f0
	0x10, 0x02, 0xc0, 0xda, 0x1a, 0x12, 0xc0, 0xda, 0x5f, 0x83, 0x00, 0x71, 0xa0, 0x00, 0x00, 0x54, // 3200
	0x30, 0x22, 0xda, 0x1a, 0x52, 0x02, 0x30, 0x0a, 0xbd, 0x03, 0x30, 0x0a, 0x7b, 0x03, 0x30, 0x0a, // 3210
	0x50, 0x06, 0x00, 0x51, 0x02, 0x02, 0x12, 0x6a, 0x01, 0x25, 0x00, 0x54, 0xb0, 0x07, 0x00, 0x51, // 3220
	0x02, 0x02, 0x1d, 0x6a, 0xa1, 0x24, 0x00, 0x54, 0x70, 0x07, 0x00, 0x51, 0x02, 0x02, 0x1b, 0x6a, // 3230
	0x41, 0x24, 0x00, 0x54, 0xd2, 0x00, 0x00, 0x34, 0xff, 0x06, 0x00, 0xb1, 0x01, 0x24, 0x00, 0x54, // 3240
	0x50, 0x02, 0xc0, 0x5a, 0x10, 0x12, 0xc0, 0x5a, 0x37, 0x03, 0x10, 0x8b, 0xdd, 0x00, 0x00, 0x34, // 3250
	0xdf, 0x06, 0x00, 0xb1, 0x61, 0x2a, 0x00, 0x54, 0xb0, 0x03, 0xc0, 0x5a, 0x10, 0x12, 0xc0, 0x5a, // 3260
	0x36, 0x03, 0x10, 0x8b, 0xdb, 0x00, 0x00, 0x34, 0xbf, 0x06, 0x00, 0xb1, 0xe1, 0x29, 0x00, 0x54, // 3270
	0x70, 0x03, 0xc0, 0x5a, 0x10, 0x12, 0xc0, 0x5a, 0x35, 0x03, 0x10, 0x8b, 0x5f, 0x83, 0x00, 0x71, // 3280
	0x41, 0x10, 0x00, 0x54, 0x18, 0x83, 0x00, 0xd1, 0x39, 0x83, 0x00, 0x91, 0x1f, 0x7f, 0x00, 0xf1, // 3290
	0x68, 0xf6, 0xff, 0x54, 0x99, 0x02, 0x19, 0x8b, 0x1f, 0x43, 0x00, 0xf1, 0x63, 0x0a, 0x00, 0x54, // 32a0
	0xfa, 0x03, 0x1f, 0xaa, 0x3b, 0x03, 0x14, 0xcb, 0x3a, 0x6b, 0xfa, 0x3c, 0x5b, 0x87, 0x34, 0x4e, // 32b0
	0x5c, 0x8f, 0x32, 0x6e, 0x5d, 0x8f, 0x33, 0x6e, 0x5e, 0x1f, 0x36, 0x4e, 0x5a, 0x8f, 0x31, 0x6e, // 32c0
	0x9c, 0x1f, 0xbd, 0x4e, 0xbb, 0x36, 0x3b, 0x6e, 0xde, 0x8f, 0x37, 0x6e, 0x7b, 0x1f, 0xba, 0x4e, // 32d0
	0xdd, 0x1f, 0xbc, 0x4e, 0x5a, 0x1f, 0x38, 0x4e, 0x9c, 0x1f, 0x38, 0x4e, 0x7b, 0x1f, 0xbd, 0x4e, // 32e0
	0xdd, 0x1f, 0x38, 0x4e, 0x5a, 0x03, 0x19, 0x4e, 0x9c, 0x03, 0x19, 0x4e, 0x7b, 0x1f, 0x38, 0x4e, // 32f0
	0x5a, 0xbb, 0x71, 0x4e, 0x9c, 0xbb, 0x71, 0x4e, 0x7b, 0x03, 0x19, 0x4e, 0x52, 0x03, 0x26, 0x1e, // 3300
	0x86, 0x03, 0x26, 0x1e, 0x7b, 0xbb, 0x71, 0x4e, 0x70, 0x03, 0x26, 0x1e, 0xbb, 0x03, 0x19, 0x4e, // 3310
	0xf0, 0x03, 0x30, 0x2a, 0x10, 0x3e, 0x10, 0x32, 0x7b, 0xbb, 0x71, 0x4e, 0x10, 0x02, 0xc0, 0x5a, // 3320
	0x1d, 0x12, 0xc0, 0x5a, 0x30, 0x22, 0xdd, 0x1a, 0x65, 0x03, 0x26, 0x1e, 0xbf, 0x43, 0x00, 0x71, // 3330
	0x42, 0x02, 0x30, 0x0a, 0x44, 0x02, 0x82, 0x1a, 0xb2, 0x00, 0x30, 0x0a, 0xd0, 0x00, 0x30, 0x0a, // 3340
	0x9e, 0x04, 0x00, 0x51, 0xa2, 0x00, 0x92, 0x1a, 0xd2, 0x00, 0x90, 0x1a, 0xde, 0x03, 0x04, 0x6a, // 3350
	0xc1, 0x20, 0x00, 0x54, 0x50, 0x04, 0x00, 0x51, 0x1e, 0x02, 0x02, 0x6a, 0x61, 0x20, 0x00, 0x54, // 3360
	0x50, 0x06, 0x00, 0x51, 0x1e, 0x02, 0x12, 0x6a, 0x01, 0x20, 0x00, 0x54, 0x24, 0x01, 0x00, 0x34, // 3370
	0x90, 0x00, 0xc0, 0x5a, 0xff, 0x06, 0x00, 0xb1, 0xde, 0x00, 0x80, 0x52, 0x04, 0x12, 0xc0, 0x5a, // 3380
	0x61, 0x22, 0x00, 0x54, 0x70, 0x03, 0x1a, 0x8b, 0x17, 0x02, 0x04, 0x8b, 0x02, 0x00, 0x00, 0x14, // 3390
	0xde, 0x00, 0x80, 0x52, 0xe2, 0x00, 0x00, 0x34, 0x50, 0x00, 0xc0, 0x5a, 0xdf, 0x06, 0x00, 0xb1, // 33a0
	0x02, 0x12, 0xc0, 0x5a, 0xe1, 0x21, 0x00, 0x54, 0x70, 0x03, 0x1a, 0x8b, 0x16, 0x02, 0x02, 0x8b, // 33b0
	0xf2, 0x00, 0x00, 0x34, 0x50, 0x02, 0xc0, 0x5a, 0xbf, 0x06, 0x00, 0xb1, 0x12, 0x12, 0xc0, 0x5a, // 33c0
	0xa1, 0x21, 0x00, 0x54, 0x70, 0x03, 0x1a, 0x8b, 0x15, 0x02, 0x12, 0x8b, 0xbf, 0x43, 0x00, 0x71, // 33d0
	0x61, 0x06, 0x00, 0x54, 0x18, 0x43, 0x00, 0xd1, 0x5a, 0x43, 0x00, 0x91, 0x1f, 0x3f, 0x00, 0xf1, // 33e0
	0x48, 0xf6, 0xff, 0x54, 0x39, 0x03, 0x1a, 0x8b, 0xf8, 0x05, 0x00, 0xb4, 0x10, 0x01, 0x13, 0x8b, // 33f0
	0xf2, 0x03, 0x39, 0xaa, 0x3b, 0x03, 0x18, 0x8b, 0x5a, 0x02, 0x10, 0x8b, 0x33, 0x03, 0x14, 0xcb, // 3400
	0xfd, 0x03, 0x19, 0xaa, 0x09, 0x00, 0x00, 0x14, 0xdf, 0x06, 0x00, 0xb1, 0xf6, 0x03, 0x13, 0xaa, // 3410
	0xc1, 0x1f, 0x00, 0x54, 0x18, 0x07, 0x00, 0xd1, 0x5a, 0x07, 0x00, 0xd1, 0x73, 0x06, 0x00, 0x91, // 3420
	0xf9, 0x03, 0x1d, 0xaa, 0x78, 0x14, 0x00, 0xb4, 0xb2, 0x17, 0x40, 0x38, 0x50, 0xc2, 0x00, 0x51, // 3430
	0x1f, 0x2a, 0x00, 0x71, 0x03, 0xff, 0xff, 0x54, 0x5f, 0xb6, 0x00, 0x71, 0x6d, 0x01, 0x00, 0x54, // 3440
	0x5f, 0x96, 0x01, 0x71, 0x20, 0xfe, 0xff, 0x54, 0x5f, 0x16, 0x01, 0x71, 0xe0, 0xfd, 0xff, 0x54, // 3450
	0x5f, 0xba, 0x00, 0x71, 0x81, 0x02, 0x00, 0x54, 0xff, 0x06, 0x00, 0xb1, 0xf7, 0x03, 0x13, 0xaa, // 3460
	0xa0, 0xfd, 0xff, 0x54, 0xe9, 0x00, 0x00, 0x14, 0x5f, 0xae, 0x00, 0x71, 0x60, 0x00, 0x00, 0x54, // 3470
	0x5f, 0xb6, 0x00, 0x71, 0x81, 0x01, 0x00, 0x54, 0xbf, 0x06, 0x00, 0xb1, 0xf5, 0x03, 0x13, 0xaa, // 3480
	0xa0, 0xfc, 0xff, 0x54, 0xe1, 0x00, 0x00, 0x14, 0x50, 0x03, 0x19, 0x8b, 0x99, 0x02, 0x10, 0x8b, // 3490
	0x05, 0x00, 0x00, 0x14, 0x77, 0x02, 0x17, 0x8b, 0x41, 0x00, 0x00, 0x14, 0x30, 0x43, 0x3d, 0x8b, // 34a0
	0x19, 0x02, 0x1a, 0x8b, 0xe6, 0x03, 0x09, 0xb2, 0x3b, 0x8c, 0x8d, 0x52, 0x1a, 0x00, 0x80, 0x92, // 34b0
	0x26, 0x00, 0x80, 0xf2, 0xbd, 0x00, 0x80, 0x52, 0x7b, 0xae, 0xac, 0x72, 0x37, 0x9c, 0x00, 0xb4, // 34c0
	0x15, 0x9c, 0x00, 0xb4, 0xf6, 0x9b, 0x00, 0xb4, 0x32, 0x03, 0x14, 0xcb, 0x42, 0x06, 0x00, 0xd1, // 34d0
	0xff, 0x02, 0x02, 0xeb, 0xa0, 0x02, 0x00, 0x54, 0xbf, 0x02, 0x02, 0xeb, 0x60, 0x02, 0x00, 0x54, // 34e0
	0xdf, 0x02, 0x02, 0xeb, 0x20, 0x02, 0x00, 0x54, 0xa2, 0x06, 0x00, 0xf1, 0x6b, 0x00, 0x00, 0x54, // 34f0
	0xdf, 0x02, 0x02, 0xeb, 0x81, 0x9a, 0x00, 0x54, 0xe2, 0x02, 0x16, 0xaa, 0x62, 0x00, 0xf8, 0xb7, // 3500
	0xff, 0x02, 0x16, 0xeb, 0xea, 0xa2, 0x00, 0x54, 0x50, 0xfc, 0x7f, 0xd3, 0xc2, 0x06, 0x00, 0xd1, // 3510
	0xff, 0x02, 0x02, 0xeb, 0x10, 0x02, 0x00, 0x52, 0xe2, 0x17, 0x9f, 0x1a, 0x1f, 0x02, 0x02, 0x6a, // 3520
	0x5a, 0x02, 0x96, 0xda, 0x02, 0x00, 0x00, 0x14, 0xfa, 0x03, 0x12, 0xcb, 0xba, 0x98, 0xf8, 0xb7, // 3530
	0x50, 0x03, 0x08, 0x8b, 0xda, 0xad, 0x8e, 0x52, 0x99, 0x4e, 0x8e, 0x52, 0x1f, 0x01, 0x00, 0xf1, // 3540
	0x9a, 0x8d, 0xad, 0x72, 0xb9, 0xae, 0xac, 0x72, 0x30, 0x00, 0x00, 0xf9, 0x2c, 0xd0, 0xff, 0x54, // 3550
	0xb4, 0x04, 0x00, 0x14, 0xfe, 0x03, 0x02, 0x2a, 0xd2, 0x03, 0xc0, 0x5a, 0xe6, 0x03, 0x09, 0xb2, // 3560
	0xe2, 0x03, 0x3a, 0xaa, 0x26, 0x00, 0x80, 0xf2, 0xbd, 0x00, 0x80, 0x52, 0xde, 0x00, 0x80, 0x52, // 3570
	0x52, 0x12, 0xc0, 0x5a, 0x5b, 0x00, 0x12, 0xcb, 0x6b, 0xfe, 0xff, 0x17, 0xe6, 0x03, 0x09, 0xb2, // 3580
	0xfb, 0x03, 0x13, 0xcb, 0xbd, 0x00, 0x80, 0x52, 0x26, 0x00, 0x80, 0xf2, 0x66, 0xfe, 0xff, 0x17, // 3590
	0xf8, 0x03, 0x1f, 0xaa, 0x77, 0x02, 0x14, 0x8b, 0x16, 0x00, 0x80, 0x92, 0x19, 0x81, 0x00, 0xf1, // 35a0
	0x83, 0x18, 0x00, 0x54, 0xfa, 0xa2, 0x00, 0xa4, 0xe8, 0x43, 0x01, 0x91, 0x41, 0xa3, 0x01, 0x24, // 35b0
	0x42, 0xa3, 0x00, 0x24, 0x01, 0x19, 0x80, 0xe5, 0x02, 0x1d, 0x80, 0xe5, 0xc8, 0x50, 0x7f, 0x04, // 35c0
	0x12, 0x51, 0x40, 0xb9, 0xe8, 0x50, 0x7f, 0x04, 0x08, 0x51, 0x40, 0xb9, 0x92, 0x13, 0x00, 0x35, // 35d0
	0x38, 0x14, 0x00, 0xb5, 0xa8, 0x16, 0x00, 0xb4, 0x08, 0x01, 0xc0, 0xda, 0xf2, 0x02, 0x13, 0xcb, // 35e0
	0x99, 0x4e, 0x8e, 0x52, 0xb9, 0xae, 0xac, 0x72, 0x08, 0x11, 0xc0, 0xda, 0x48, 0x02, 0x08, 0x8b, // 35f0
	0x08, 0x05, 0x00, 0x91, 0xc8, 0x91, 0xff, 0xb6, 0x66, 0x04, 0x00, 0x14, 0x77, 0x02, 0x17, 0x8b, // 3600
	0x10, 0x00, 0x00, 0x14, 0xb0, 0x00, 0xc0, 0x5a, 0x92, 0x02, 0x13, 0x8b, 0x52, 0x02, 0x1a, 0xcb, // 3610
	0x10, 0x12, 0xc0, 0x5a, 0x50, 0x02, 0x10, 0xcb, 0x10, 0x02, 0x1b, 0xcb, 0xe6, 0x03, 0x09, 0xb2, // 3620
	0xbd, 0x00, 0x80, 0x52, 0x1b, 0x0a, 0x00, 0xd1, 0x26, 0x00, 0x80, 0xf2, 0xde, 0x00, 0x80, 0x52, // 3630
	0x3d, 0xfe, 0xff, 0x17, 0xf8, 0x03, 0x1f, 0xaa, 0x77, 0x02, 0x14, 0x8b, 0x16, 0x00, 0x80, 0x92, // 3640
	0x19, 0x81, 0x00, 0xf1, 0x23, 0x1d, 0x00, 0x54, 0xfa, 0xa2, 0x00, 0xa4, 0xe8, 0x43, 0x01, 0x91, // 3650
	0x41, 0xa3, 0x01, 0x24, 0x42, 0xa3, 0x00, 0x24, 0x01, 0x19, 0x80, 0xe5, 0x02, 0x1d, 0x80, 0xe5, // 3660
	0xc8, 0x50, 0x7f, 0x04, 0x12, 0x51, 0x40, 0xb9, 0xe8, 0x50, 0x7f, 0x04, 0x08, 0x51, 0x40, 0xb9, // 3670
	0x32, 0x18, 0x00, 0x35, 0xd8, 0x18, 0x00, 0xb5, 0x48, 0x1b, 0x00, 0xb4, 0x08, 0x01, 0xc0, 0xda, // 3680
	0xf2, 0x02, 0x13, 0xcb, 0x99, 0x4e, 0x8e, 0x52, 0xb9, 0xae, 0xac, 0x72, 0x08, 0x11, 0xc0, 0xda, // 3690
	0x48, 0x02, 0x08, 0x8b, 0x08, 0x05, 0x00, 0x91, 0xc8, 0x95, 0xff, 0xb6, 0x3d, 0x04, 0x00, 0x14, // 36a0
	0xfe, 0x03, 0x12, 0x2a, 0xad, 0xff, 0xff, 0x17, 0xfe, 0x03, 0x1d, 0x2a, 0xab, 0xff, 0xff, 0x17, // 36b0
	0xf9, 0x03, 0x1b, 0xaa, 0x7c, 0xff, 0xff, 0x17, 0xf2, 0x03, 0x02, 0x2a, 0x50, 0x02, 0xc0, 0x5a, // 36c0
	0xf2, 0x03, 0x39, 0xaa, 0x10, 0x12, 0xc0, 0x5a, 0x5a, 0x02, 0x10, 0xcb, 0x2e, 0x00, 0x00, 0x14, // 36d0
	0x90, 0x02, 0x13, 0x8b, 0x10, 0x02, 0x1a, 0xcb, 0x10, 0x42, 0x24, 0xcb, 0xcf, 0xff, 0xff, 0x17, // 36e0
	0x90, 0x02, 0x13, 0x8b, 0x10, 0x02, 0x1a, 0xcb, 0x10, 0x42, 0x22, 0xcb, 0xcb, 0xff, 0xff, 0x17, // 36f0
	0x90, 0x02, 0x13, 0x8b, 0x10, 0x02, 0x1a, 0xcb, 0x10, 0x42, 0x32, 0xcb, 0xc7, 0xff, 0xff, 0x17, // 3700
	0x77, 0x02, 0x17, 0x8b, 0x04, 0x00, 0x00, 0x14, 0xf8, 0x03, 0x1f, 0xaa, 0x77, 0x02, 0x14, 0x8b, // 3710
	0x16, 0x00, 0x80, 0x92, 0x19, 0x81, 0x00, 0xf1, 0x23, 0x21, 0x00, 0x54, 0xfa, 0xa2, 0x00, 0xa4, // 3720
	0xe8, 0x43, 0x01, 0x91, 0x41, 0xa3, 0x01, 0x24, 0x42, 0xa3, 0x00, 0x24, 0x01, 0x19, 0x80, 0xe5, // 3730
	0x02, 0x1d, 0x80, 0xe5, 0xc8, 0x50, 0x7f, 0x04, 0x12, 0x51, 0x40, 0xb9, 0xe8, 0x50, 0x7f, 0x04, // 3740
	0x08, 0x51, 0x40, 0xb9, 0x32, 0x1d, 0x00, 0x35, 0xd8, 0x1d, 0x00, 0xb5, 0x48, 0x1f, 0x00, 0xb4, // 3750
	0x08, 0x01, 0xc0, 0xda, 0xf0, 0x02, 0x13, 0xcb, 0x08, 0x11, 0xc0, 0xda, 0x08, 0x02, 0x08, 0x8b, // 3760
	0x08, 0x05, 0x00, 0x91, 0x10, 0x01, 0x00, 0x14, 0xd0, 0x03, 0xc0, 0x5a, 0x12, 0x01, 0x13, 0x8b, // 3770
	0xe2, 0x03, 0x39, 0xaa, 0x52, 0x00, 0x12, 0x8b, 0x10, 0x12, 0xc0, 0x5a, 0x50, 0x02, 0x10, 0xcb, // 3780
	0x1a, 0x02, 0x1a, 0xcb, 0xe6, 0x03, 0x09, 0xb2, 0x3b, 0x8c, 0x8d, 0x52, 0xbd, 0x00, 0x80, 0x52, // 3790
	0x26, 0x00, 0x80, 0xf2, 0x7b, 0xae, 0xac, 0x72, 0xde, 0x00, 0x80, 0x52, 0x64, 0xff, 0xff, 0x17, // 37a0
	0xf2, 0x03, 0x1d, 0x2a, 0xc6, 0xff, 0xff, 0x17, 0xf2, 0x03, 0x1b, 0x2a, 0xc4, 0xff, 0xff, 0x17, // 37b0
	0x18, 0x00, 0x80, 0x92, 0x16, 0x00, 0x80, 0x92, 0x17, 0x00, 0x80, 0x92, 0xfa, 0x03, 0x15, 0xaa, // 37c0
	0x3f, 0x43, 0x00, 0xf1, 0x22, 0xa2, 0xff, 0x54, 0x61, 0xfd, 0xff, 0x17, 0x10, 0x01, 0x13, 0x8b, // 37d0
	0xf2, 0x03, 0x39, 0xaa, 0x50, 0x02, 0x10, 0x8b, 0x10, 0x42, 0x24, 0xcb, 0x0a, 0x00, 0x00, 0x14, // 37e0
	0x10, 0x01, 0x13, 0x8b, 0xf2, 0x03, 0x39, 0xaa, 0x50, 0x02, 0x10, 0x8b, 0x10, 0x42, 0x22, 0xcb, // 37f0
	0x05, 0x00, 0x00, 0x14, 0x10, 0x01, 0x13, 0x8b, 0xe2, 0x03, 0x39, 0xaa, 0x50, 0x00, 0x10, 0x8b, // 3800
	0x10, 0x42, 0x32, 0xcb, 0x1a, 0x02, 0x1a, 0xcb, 0xe6, 0x03, 0x09, 0xb2, 0x3b, 0x8c, 0x8d, 0x52, // 3810
	0xbd, 0x00, 0x80, 0x52, 0x26, 0x00, 0x80, 0xf2, 0x7b, 0xae, 0xac, 0x72, 0x44, 0xff, 0xff, 0x17, // 3820
	0x15, 0x00, 0x80, 0x92, 0x16, 0x00, 0x80, 0x92, 0x17, 0x00, 0x80, 0x92, 0xf9, 0x03, 0x14, 0xaa, // 3830
	0x1f, 0x43, 0x00, 0xf1, 0x62, 0xd3, 0xff, 0x54, 0xec, 0xfe, 0xff, 0x17, 0xdf, 0x06, 0x00, 0xb1, // 3840
	0xa1, 0x00, 0x00, 0x54, 0x42, 0x02, 0xc0, 0xda, 0xe4, 0x02, 0x13, 0xcb, 0x42, 0x10, 0xc0, 0xda, // 3850
	0x96, 0x00, 0x02, 0x8b, 0x42, 0x02, 0x38, 0x0a, 0xe6, 0x03, 0x09, 0xb2, 0x3b, 0x8c, 0x8d, 0x52, // 3860
	0x44, 0x78, 0x1f, 0x53, 0x58, 0x78, 0x1f, 0x33, 0xda, 0xad, 0x8e, 0x52, 0x26, 0x00, 0x80, 0xf2, // 3870
	0xbd, 0x00, 0x80, 0x52, 0x7b, 0xae, 0xac, 0x72, 0x52, 0x02, 0x24, 0x0a, 0x9a, 0x8d, 0xad, 0x72, // 3880
	0xde, 0x00, 0x80, 0x52, 0x52, 0xf2, 0x01, 0x12, 0x52, 0x02, 0x02, 0x2b, 0x52, 0x7a, 0x1f, 0x53, // 3890
	0x52, 0xf2, 0x00, 0x52, 0x52, 0x02, 0x18, 0x0a, 0xf8, 0x37, 0x9f, 0x1a, 0xf2, 0x03, 0x32, 0x2a, // 38a0
	0x48, 0x02, 0x08, 0x8a, 0xa8, 0xe9, 0xff, 0xb5, 0xf7, 0x82, 0x00, 0x91, 0xe8, 0x03, 0x19, 0xaa, // 38b0
	0x98, 0x0e, 0x00, 0xb5, 0xe8, 0x03, 0x00, 0xb4, 0xf2, 0x03, 0x33, 0xaa, 0xe2, 0x03, 0x17, 0xaa, // 38c0
	0x58, 0x14, 0x40, 0x38, 0x1f, 0x8b, 0x00, 0x71, 0xc0, 0x03, 0x00, 0x54, 0x1f, 0x73, 0x01, 0x71, // 38d0
	0x04, 0x05, 0x00, 0xd1, 0xa0, 0x00, 0x00, 0x54, 0xf7, 0x03, 0x02, 0xaa, 0xe8, 0x03, 0x04, 0xaa, // 38e0
	0xe4, 0xfe, 0xff, 0xb5, 0x09, 0x00, 0x00, 0x14, 0xe4, 0x86, 0x00, 0xb4, 0x42, 0x00, 0x12, 0x8b, // 38f0
	0xdf, 0x06, 0x00, 0xb1, 0xf7, 0x0a, 0x00, 0x91, 0x56, 0x00, 0x96, 0x9a, 0x04, 0x09, 0x00, 0xd1, // 3900
	0xe8, 0x03, 0x04, 0xaa, 0xc4, 0xfd, 0xff, 0xb5, 0xe6, 0x03, 0x09, 0xb2, 0x3b, 0x8c, 0x8d, 0x52, // 3910
	0xda, 0xad, 0x8e, 0x52, 0x1f, 0x8b, 0x00, 0x71, 0x26, 0x00, 0x80, 0xf2, 0xbd, 0x00, 0x80, 0x52, // 3920
	0x7b, 0xae, 0xac, 0x72, 0x9a, 0x8d, 0xad, 0x72, 0xde, 0x00, 0x80, 0x52, 0xc1, 0x84, 0x00, 0x54, // 3930
	0x99, 0x4e, 0x8e, 0x52, 0xe2, 0x03, 0x17, 0xaa, 0xb9, 0xae, 0xac, 0x72, 0x0b, 0x00, 0x00, 0x14, // 3940
	0xe6, 0x03, 0x09, 0xb2, 0x3b, 0x8c, 0x8d, 0x52, 0xda, 0xad, 0x8e, 0x52, 0x99, 0x4e, 0x8e, 0x52, // 3950
	0x26, 0x00, 0x80, 0xf2, 0xbd, 0x00, 0x80, 0x52, 0x7b, 0xae, 0xac, 0x72, 0x9a, 0x8d, 0xad, 0x72, // 3960
	0xb9, 0xae, 0xac, 0x72, 0xde, 0x00, 0x80, 0x52, 0x48, 0x00, 0x13, 0xcb, 0x08, 0x76, 0xff, 0xb6, // 3970
	0x88, 0x03, 0x00, 0x14, 0xdf, 0x06, 0x00, 0xb1, 0xa1, 0x00, 0x00, 0x54, 0x42, 0x02, 0xc0, 0xda, // 3980
	0xe4, 0x02, 0x13, 0xcb, 0x42, 0x10, 0xc0, 0xda, 0x96, 0x00, 0x02, 0x8b, 0x42, 0x02, 0x38, 0x0a, // 3990
	0xe6, 0x03, 0x09, 0xb2, 0x3b, 0x8c, 0x8d, 0x52, 0x44, 0x78, 0x1f, 0x53, 0x58, 0x78, 0x1f, 0x33, // 39a0
	0xda, 0xad, 0x8e, 0x52, 0x26, 0x00, 0x80, 0xf2, 0xbd, 0x00, 0x80, 0x52, 0x7b, 0xae, 0xac, 0x72, // 39b0
	0x52, 0x02, 0x24, 0x0a, 0x9a, 0x8d, 0xad, 0x72, 0xde, 0x00, 0x80, 0x52, 0x52, 0xf2, 0x01, 0x12, // 39c0
	0x52, 0x02, 0x02, 0x2b, 0x52, 0x7a, 0x1f, 0x53, 0x52, 0xf2, 0x00, 0x52, 0x52, 0x02, 0x18, 0x0a, // 39d0
	0xf8, 0x37, 0x9f, 0x1a, 0xf2, 0x03, 0x32, 0x2a, 0x48, 0x02, 0x08, 0x8a, 0x08, 0xe5, 0xff, 0xb5, // 39e0
	0xf7, 0x82, 0x00, 0x91, 0xe8, 0x03, 0x19, 0xaa, 0xf8, 0x06, 0x00, 0xb5, 0xe8, 0x02, 0x00, 0xb4, // 39f0
	0xf2, 0x03, 0x33, 0xaa, 0xe2, 0x03, 0x17, 0xaa, 0x58, 0x14, 0x40, 0x38, 0x1f, 0x8b, 0x00, 0x71, // 3a00
	0x60, 0x02, 0x00, 0x54, 0x1f, 0x73, 0x01, 0x71, 0x04, 0x05, 0x00, 0xd1, 0xa0, 0x00, 0x00, 0x54, // 3a10
	0xf7, 0x03, 0x02, 0xaa, 0xe8, 0x03, 0x04, 0xaa, 0xe4, 0xfe, 0xff, 0xb5, 0x09, 0x00, 0x00, 0x14, // 3a20
	0x24, 0x7d, 0x00, 0xb4, 0x42, 0x00, 0x12, 0x8b, 0xdf, 0x06, 0x00, 0xb1, 0xf7, 0x0a, 0x00, 0x91, // 3a30
	0x56, 0x00, 0x96, 0x9a, 0x04, 0x09, 0x00, 0xd1, 0xe8, 0x03, 0x04, 0xaa, 0xc4, 0xfd, 0xff, 0xb5, // 3a40
	0x1f, 0x8b, 0x00, 0x71, 0x01, 0x7c, 0x00, 0x54, 0xe2, 0x03, 0x17, 0xaa, 0xe6, 0x03, 0x09, 0xb2, // 3a50
	0x3b, 0x8c, 0x8d, 0x52, 0xda, 0xad, 0x8e, 0x52, 0x99, 0x4e, 0x8e, 0x52, 0x48, 0x00, 0x13, 0xcb, // 3a60
	0x26, 0x00, 0x80, 0xf2, 0xbd, 0x00, 0x80, 0x52, 0x7b, 0xae, 0xac, 0x72, 0x9a, 0x8d, 0xad, 0x72, // 3a70
	0xb9, 0xae, 0xac, 0x72, 0xde, 0x00, 0x80, 0x52, 0xc8, 0x76, 0xff, 0xb6, 0x45, 0x03, 0x00, 0x14, // 3a80
	0x28, 0x7a, 0x00, 0xb4, 0xf2, 0x03, 0x33, 0xaa, 0xdf, 0x06, 0x00, 0xb1, 0xe6, 0x03, 0x09, 0xb2, // 3a90
	0xf2, 0x02, 0x12, 0x8b, 0x3b, 0x8c, 0x8d, 0x52, 0xda, 0xad, 0x8e, 0x52, 0x56, 0x02, 0x96, 0x9a, // 3aa0
	0xf7, 0x06, 0x00, 0x91, 0x08, 0x05, 0x00, 0xd1, 0x26, 0x00, 0x80, 0xf2, 0xbd, 0x00, 0x80, 0x52, // 3ab0
	0x7b, 0xae, 0xac, 0x72, 0x9a, 0x8d, 0xad, 0x72, 0xde, 0x00, 0x80, 0x52, 0xe8, 0xef, 0xff, 0xb5, // 3ac0
	0x9c, 0xff, 0xff, 0x17, 0x08, 0x78, 0x00, 0xb4, 0xf2, 0x03, 0x33, 0xaa, 0xdf, 0x06, 0x00, 0xb1, // 3ad0
	0x08, 0x05, 0x00, 0xd1, 0xf2, 0x02, 0x12, 0x8b, 0xf7, 0x06, 0x00, 0x91, 0x56, 0x02, 0x96, 0x9a, // 3ae0
	0x88, 0xf8, 0xff, 0xb5, 0xd9, 0xff, 0xff, 0x17, 0xdf, 0x06, 0x00, 0xb1, 0xa1, 0x00, 0x00, 0x54, // 3af0
	0x50, 0x02, 0xc0, 0xda, 0xe2, 0x02, 0x13, 0xcb, 0x10, 0x12, 0xc0, 0xda, 0x56, 0x00, 0x10, 0x8b, // 3b00
	0x50, 0x02, 0x38, 0x0a, 0x02, 0x7a, 0x1f, 0x53, 0x18, 0x7a, 0x1f, 0x33, 0x52, 0x02, 0x22, 0x0a, // 3b10
	0x52, 0xf2, 0x01, 0x12, 0x52, 0x02, 0x10, 0x2b, 0x52, 0x7a, 0x1f, 0x53, 0x50, 0xf2, 0x00, 0x52, // 3b20
	0x10, 0x02, 0x18, 0x0a, 0xf8, 0x37, 0x9f, 0x1a, 0xf0, 0x03, 0x30, 0x2a, 0x08, 0x02, 0x08, 0x8a, // 3b30
	0x08, 0xe1, 0xff, 0xb5, 0xf7, 0x82, 0x00, 0x91, 0xe8, 0x03, 0x19, 0xaa, 0xd8, 0x04, 0x00, 0xb5, // 3b40
	0xe8, 0x02, 0x00, 0xb4, 0xf2, 0x03, 0x33, 0xaa, 0xe2, 0x03, 0x17, 0xaa, 0x58, 0x14, 0x40, 0x38, // 3b50
	0x1f, 0x8b, 0x00, 0x71, 0x60, 0x02, 0x00, 0x54, 0x1f, 0x73, 0x01, 0x71, 0x04, 0x05, 0x00, 0xd1, // 3b60
	0xa0, 0x00, 0x00, 0x54, 0xf7, 0x03, 0x02, 0xaa, 0xe8, 0x03, 0x04, 0xaa, 0xe4, 0xfe, 0xff, 0xb5, // 3b70
	0x09, 0x00, 0x00, 0x14, 0x84, 0x72, 0x00, 0xb4, 0x50, 0x00, 0x12, 0x8b, 0xdf, 0x06, 0x00, 0xb1, // 3b80
	0xf7, 0x0a, 0x00, 0x91, 0x16, 0x02, 0x96, 0x9a, 0x04, 0x09, 0x00, 0xd1, 0xe8, 0x03, 0x04, 0xaa, // 3b90
	0xc4, 0xfd, 0xff, 0xb5, 0x1f, 0x8b, 0x00, 0x71, 0x61, 0x71, 0x00, 0x54, 0xe2, 0x03, 0x17, 0xaa, // 3ba0
	0x48, 0x00, 0x13, 0xcb, 0xe6, 0x03, 0x09, 0xb2, 0x3b, 0x8c, 0x8d, 0x52, 0xda, 0xad, 0x8e, 0x52, // 3bb0
	0x99, 0x4e, 0x8e, 0x52, 0x26, 0x00, 0x80, 0xf2, 0xbd, 0x00, 0x80, 0x52, 0x7b, 0xae, 0xac, 0x72, // 3bc0
	0x9a, 0x8d, 0xad, 0x72, 0xb9, 0xae, 0xac, 0x72, 0xde, 0x00, 0x80, 0x52, 0x08, 0x63, 0xff, 0xb6, // 3bd0
	0xf0, 0x02, 0x00, 0x14, 0x88, 0x6f, 0x00, 0xb4, 0xf0, 0x03, 0x33, 0xaa, 0xdf, 0x06, 0x00, 0xb1, // 3be0
	0x08, 0x05, 0x00, 0xd1, 0xf0, 0x02, 0x10, 0x8b, 0xf7, 0x06, 0x00, 0x91, 0x16, 0x02, 0x96, 0x9a, // 3bf0
	0xa8, 0xfa, 0xff, 0xb5, 0xea, 0xff, 0xff, 0x17, 0x0a, 0x20, 0x40, 0xa9, 0x2b, 0x00, 0x40, 0xf9, // 3c00
	0x7f, 0x01, 0x08, 0xeb, 0x42, 0x01, 0x00, 0x54, 0x49, 0x69, 0x6b, 0x38, 0x3f, 0x35, 0x00, 0x71, // 3c10
	0xe0, 0x00, 0x00, 0x54, 0x3f, 0x81, 0x00, 0x71, 0xa0, 0x00, 0x00, 0x54, 0x29, 0x2d, 0x00, 0x51, // 3c20
	0x3f, 0x09, 0x00, 0x31, 0xe9, 0x03, 0x0b, 0xaa, 0x63, 0x08, 0x00, 0x54, 0x69, 0x05, 0x00, 0x91, // 3c30
	0x3f, 0x01, 0x08, 0xeb, 0x22, 0x01, 0x00, 0x54, 0x4c, 0x69, 0x69, 0x38, 0x9f, 0x35, 0x00, 0x71, // 3c40
	0xc0, 0x00, 0x00, 0x54, 0x9f, 0x81, 0x00, 0x71, 0x80, 0x00, 0x00, 0x54, 0x8c, 0x2d, 0x00, 0x51, // 3c50
	0x9f, 0x09, 0x00, 0x31, 0x03, 0x07, 0x00, 0x54, 0x69, 0x09, 0x00, 0x91, 0x3f, 0x01, 0x08, 0xeb, // 3c60
	0x22, 0x01, 0x00, 0x54, 0x4c, 0x69, 0x69, 0x38, 0x9f, 0x35, 0x00, 0x71, 0xc0, 0x00, 0x00, 0x54, // 3c70
	0x9f, 0x81, 0x00, 0x71, 0x80, 0x00, 0x00, 0x54, 0x8c, 0x2d, 0x00, 0x51, 0x9f, 0x09, 0x00, 0x31, // 3c80
	0xa3, 0x05, 0x00, 0x54, 0x69, 0x0d, 0x00, 0x91, 0x3f, 0x01, 0x08, 0xeb, 0x22, 0x01, 0x00, 0x54, // 3c90
	0x4c, 0x69, 0x69, 0x38, 0x9f, 0x35, 0x00, 0x71, 0xc0, 0x00, 0x00, 0x54, 0x9f, 0x81, 0x00, 0x71, // 3ca0
	0x80, 0x00, 0x00, 0x54, 0x8c, 0x2d, 0x00, 0x51, 0x9f, 0x09, 0x00, 0x31, 0x43, 0x04, 0x00, 0x54, // 3cb0
	0x69, 0x11, 0x00, 0x91, 0x3f, 0x01, 0x08, 0xeb, 0xe2, 0x01, 0x00, 0x54, 0x0c, 0xc0, 0x84, 0xd2, // 3cc0
	0x2b, 0x00, 0x80, 0x52, 0x2c, 0x00, 0xc0, 0xf2, 0x4d, 0x69, 0x69, 0x38, 0x6e, 0x21, 0xcd, 0x9a, // 3cd0
	0xbf, 0x81, 0x00, 0x71, 0xcd, 0x01, 0x0c, 0x8a, 0xa4, 0x99, 0x40, 0xfa, 0x80, 0x02, 0x00, 0x54, // 3ce0
	0x29, 0x05, 0x00, 0x91, 0x1f, 0x01, 0x09, 0xeb, 0x01, 0xff, 0xff, 0x54, 0x08, 0x00, 0x80, 0x92, // 3cf0
	0xb7, 0x00, 0x00, 0x14, 0x29, 0x00, 0x00, 0xf9, 0x08, 0x00, 0x80, 0x92, 0xb4, 0x00, 0x00, 0x14, // 3d00
	0x48, 0x07, 0x00, 0xd1, 0x28, 0x00, 0x00, 0xf9, 0x28, 0x04, 0x80, 0x92, 0xb0, 0x00, 0x00, 0x14, // 3d10
	0x39, 0x00, 0x00, 0xf9, 0xaa, 0x00, 0x00, 0x14, 0xff, 0x75, 0x01, 0x71, 0x01, 0x15, 0x00, 0x54, // 3d20
	0x39, 0x00, 0x00, 0xf9, 0x08, 0x04, 0x80, 0x92, 0xa9, 0x00, 0x00, 0x14, 0x3f, 0x01, 0x08, 0xeb, // 3d30
	0xe2, 0xfd, 0xff, 0x54, 0x30, 0x05, 0x00, 0x91, 0x30, 0x00, 0x00, 0xf9, 0x48, 0x69, 0x69, 0x38, // 3d40
	0x1f, 0x69, 0x01, 0x71, 0x2c, 0x0e, 0x00, 0x54, 0x1f, 0xbd, 0x00, 0x71, 0x0d, 0x16, 0x00, 0x54, // 3d50
	0x08, 0xc1, 0x00, 0x51, 0x1f, 0x29, 0x00, 0x71, 0x42, 0x50, 0x00, 0x54, 0x08, 0x04, 0x40, 0xf9, // 3d60
	0x0b, 0x01, 0x10, 0xcb, 0x48, 0x01, 0x10, 0x8b, 0x7f, 0x81, 0x00, 0xf1, 0x83, 0x03, 0x00, 0x54, // 3d70
	0xe0, 0xe3, 0x18, 0x25, 0xa0, 0xcf, 0x38, 0x25, 0xa1, 0xcb, 0x38, 0x25, 0x82, 0xc5, 0x38, 0x25, // 3d80
	0xec, 0x03, 0x1f, 0xaa, 0x03, 0xa1, 0x00, 0xa4, 0xed, 0x43, 0x01, 0x91, 0xce, 0x50, 0x7f, 0x04, // 3d90
	0xaf, 0x50, 0x7f, 0x04, 0x61, 0xa0, 0x00, 0x24, 0x62, 0xa0, 0x01, 0x24, 0x63, 0xa0, 0x02, 0x24, // 3da0
	0xa1, 0x1d, 0x80, 0xe5, 0xa2, 0x19, 0x80, 0xe5, 0xa3, 0x15, 0x80, 0xe5, 0xed, 0x50, 0x7f, 0x04, // 3db0
	0xce, 0x51, 0x40, 0xb9, 0xad, 0x51, 0x40, 0xb9, 0xef, 0x51, 0x40, 0xb9, 0xcd, 0x01, 0x0d, 0x2a, // 3dc0
	0xad, 0x01, 0x0f, 0x2a, 0xcd, 0x06, 0x00, 0x35, 0x6b, 0x81, 0x00, 0xd1, 0x08, 0x81, 0x00, 0x91, // 3dd0
	0x8c, 0x81, 0x00, 0x91, 0x7f, 0x7d, 0x00, 0xf1, 0x68, 0xfd, 0xff, 0x54, 0x7f, 0x41, 0x00, 0xf1, // 3de0
	0x03, 0x03, 0x00, 0x54, 0x80, 0xe5, 0x01, 0x4f, 0xe1, 0xe7, 0x06, 0x4f, 0x0c, 0x00, 0x00, 0xb0, // 3df0
	0xa2, 0xe7, 0x02, 0x4f, 0x0d, 0x00, 0x00, 0xb0, 0x83, 0xc5, 0xc2, 0x3d, 0xa4, 0xcd, 0xc2, 0x3d, // 3e00
	0xec, 0x03, 0x1f, 0xaa, 0x05, 0x69, 0xec, 0x3c, 0xa6, 0x1c, 0x21, 0x4e, 0xa5, 0x8c, 0x20, 0x6e, // 3e10
	0xc6, 0x8c, 0x22, 0x6e, 0xc5, 0x1c, 0xa5, 0x4e, 0xa5, 0x1c, 0x23, 0x4e, 0xa5, 0x00, 0x04, 0x4e, // 3e20
	0xa5, 0xb8, 0x71, 0x4e, 0xad, 0x00, 0x26, 0x1e, 0x4d, 0x4c, 0x00, 0x35, 0x6b, 0x41, 0x00, 0xd1, // 3e30
	0x8c, 0x41, 0x00, 0x91, 0x7f, 0x3d, 0x00, 0xf1, 0x68, 0xfe, 0xff, 0x54, 0x08, 0x01, 0x0c, 0x8b, // 3e40
	0xab, 0x02, 0x00, 0xb4, 0x0f, 0xc0, 0x84, 0xd2, 0x0c, 0x01, 0x0b, 0x8b, 0x0d, 0x01, 0x0a, 0xcb, // 3e50
	0x2e, 0x00, 0x80, 0x52, 0x2f, 0x00, 0xc2, 0xf2, 0x10, 0x01, 0x40, 0x39, 0x1f, 0xb2, 0x00, 0x71, // 3e60
	0x88, 0x00, 0x00, 0x54, 0xd1, 0x21, 0xd0, 0x9a, 0x3f, 0x02, 0x0f, 0xea, 0x41, 0x58, 0x00, 0x54, // 3e70
	0x1f, 0xf6, 0x01, 0x71, 0x00, 0x58, 0x00, 0x54, 0x1f, 0x76, 0x01, 0x71, 0xc0, 0x57, 0x00, 0x54, // 3e80
	0x6b, 0x05, 0x00, 0xf1, 0x08, 0x05, 0x00, 0x91, 0xad, 0x05, 0x00, 0x91, 0x61, 0xfe, 0xff, 0x54, // 3e90
	0xe8, 0x03, 0x0c, 0xaa, 0x08, 0x01, 0x0a, 0xcb, 0x39, 0x02, 0x00, 0x14, 0xab, 0x01, 0xc0, 0x5a, // 3ea0
	0x0d, 0x01, 0x0a, 0xcb, 0x68, 0x11, 0xc0, 0x5a, 0xab, 0x01, 0x08, 0x8b, 0x7f, 0x05, 0x00, 0xf1, // 3eb0
	0x2b, 0x00, 0x00, 0xf9, 0x6b, 0x02, 0x00, 0x54, 0x08, 0x01, 0x0c, 0x8b, 0x0c, 0xc0, 0x84, 0xd2, // 3ec0
	0x4a, 0x01, 0x09, 0x8b, 0x2b, 0x00, 0x80, 0x52, 0x2c, 0x00, 0xc0, 0xf2, 0x4d, 0x69, 0x68, 0x38, // 3ed0
	0x6e, 0x21, 0xcd, 0x9a, 0xbf, 0x81, 0x00, 0x71, 0xcd, 0x01, 0x0c, 0x8a, 0xa4, 0x99, 0x40, 0xfa, // 3ee0
	0x00, 0x01, 0x00, 0x54, 0x2d, 0x01, 0x08, 0x8b, 0x08, 0x05, 0x00, 0xd1, 0x2e, 0x01, 0x08, 0x8b, // 3ef0
	0x2d, 0x00, 0x00, 0xf9, 0xce, 0x09, 0x00, 0x91, 0xdf, 0x05, 0x00, 0xf1, 0x8c, 0xfe, 0xff, 0x54, // 3f00
	0xe8, 0x03, 0x09, 0xaa, 0x32, 0x00, 0x00, 0x14, 0x1f, 0xb5, 0x01, 0x71, 0xcd, 0x08, 0x00, 0x54, // 3f10
	0x1f, 0xb9, 0x01, 0x71, 0x60, 0x1f, 0x00, 0x54, 0x1f, 0xd1, 0x01, 0x71, 0x20, 0x1f, 0x00, 0x54, // 3f20
	0x1f, 0xed, 0x01, 0x71, 0xe1, 0x41, 0x00, 0x54, 0x0f, 0x00, 0x00, 0xb0, 0xe0, 0xe3, 0x18, 0x25, // 3f30
	0x11, 0x00, 0x00, 0xb0, 0xe2, 0xb9, 0xc2, 0x3d, 0x0f, 0x00, 0x00, 0xb0, 0x41, 0xe0, 0xd8, 0x25, // 3f40
	0xe3, 0xa9, 0xc2, 0x3d, 0x0f, 0x00, 0x00, 0xb0, 0x24, 0xb6, 0xc2, 0x3d, 0x85, 0xe4, 0x02, 0x4f, // 3f50
	0x11, 0x00, 0x00, 0xb0, 0xe6, 0xad, 0xc2, 0x3d, 0x0f, 0x00, 0x00, 0xb0, 0x11, 0xe4, 0x00, 0x6f, // 3f60
	0x0d, 0x04, 0x40, 0xf9, 0x40, 0xc4, 0x38, 0x25, 0x81, 0xcb, 0x38, 0x25, 0x27, 0xc2, 0xc2, 0x3d, // 3f70
	0xf0, 0xbd, 0xc2, 0x3d, 0x0f, 0x00, 0x00, 0xb0, 0x11, 0x00, 0x00, 0xb0, 0x72, 0xcf, 0x38, 0x25, // 3f80
	0xb3, 0xcf, 0x38, 0x25, 0xf4, 0xc9, 0xc2, 0x3d, 0xef, 0x43, 0x00, 0x91, 0x35, 0xa6, 0xc2, 0x3d, // 3f90
	0xee, 0x03, 0x1f, 0xaa, 0xec, 0x03, 0x1f, 0xaa, 0xe8, 0x03, 0x1f, 0xaa, 0xeb, 0x03, 0x1f, 0xaa, // 3fa0
	0xad, 0x01, 0x10, 0xcb, 0x52, 0x01, 0x10, 0x8b, 0xea, 0x81, 0x00, 0x91, 0x10, 0x04, 0x80, 0x52, // 3fb0
	0x2e, 0x00, 0x00, 0x14, 0x1f, 0xf5, 0x01, 0x71, 0x40, 0xeb, 0xff, 0x54, 0x28, 0x00, 0x40, 0xf9, // 3fc0
	0x08, 0x05, 0x00, 0xd1, 0x28, 0x00, 0x00, 0xf9, 0x28, 0x00, 0x80, 0x92, 0xe0, 0x03, 0x08, 0xaa, // 3fd0
	0x3f, 0x50, 0x3f, 0x04, 0xff, 0x43, 0x01, 0x91, 0xf4, 0x4f, 0x48, 0xa9, 0xfd, 0x1b, 0x40, 0xf9, // 3fe0
	0xf6, 0x57, 0x47, 0xa9, 0xf8, 0x5f, 0x46, 0xa9, 0xfa, 0x67, 0x45, 0xa9, 0xfe, 0x6f, 0x44, 0xa9, // 3ff0
	0xe9, 0x23, 0x42, 0x6d, 0xeb, 0x2b, 0x41, 0x6d, 0xed, 0x33, 0xc9, 0x6c, 0xc0, 0x03, 0x5f, 0xd6, // 4000
	0x34, 0x00, 0x00, 0xf9, 0x08, 0x00, 0x80, 0x92, 0xf1, 0xff, 0xff, 0x17, 0x08, 0xe7, 0xff, 0x34, // 4010
	0x1f, 0x89, 0x00, 0x71, 0x00, 0x18, 0x00, 0x54, 0x1f, 0xb5, 0x00, 0x71, 0x00, 0xea, 0xff, 0x54, // 4020
	0xd0, 0x01, 0x00, 0x14, 0x1f, 0x6d, 0x01, 0x71, 0x00, 0x1e, 0x00, 0x54, 0x1f, 0x99, 0x01, 0x71, // 4030
	0x81, 0x39, 0x00, 0x54, 0x0a, 0x04, 0x40, 0xf9, 0x28, 0x15, 0x00, 0x91, 0x1f, 0x01, 0x0a, 0xeb, // 4040
	0x68, 0xe5, 0xff, 0x54, 0xce, 0x01, 0x00, 0x14, 0x56, 0x02, 0x67, 0x9e, 0xce, 0xfd, 0x7f, 0x93, // 4050
	0x52, 0x80, 0x00, 0x91, 0xd6, 0x5a, 0x20, 0x0e, 0xd6, 0x3a, 0x30, 0x2e, 0xcd, 0x02, 0x26, 0x1e, // 4060
	0xa8, 0x01, 0x08, 0x8b, 0xed, 0x03, 0x11, 0xaa, 0xb1, 0x01, 0x01, 0xf1, 0x6b, 0x0e, 0x00, 0x54, // 4070
	0x56, 0xa2, 0x00, 0xa4, 0x57, 0x42, 0x10, 0xa4, 0xf3, 0x43, 0x01, 0x91, 0xc2, 0xa2, 0x00, 0x24, // 4080
	0xe3, 0xa2, 0x00, 0x24, 0x62, 0x1e, 0x80, 0xe5, 0x63, 0x1a, 0x80, 0xe5, 0xf3, 0x50, 0x7f, 0x04, // 4090
	0x56, 0xa2, 0x00, 0xa4, 0x57, 0x42, 0x10, 0xa4, 0x62, 0x52, 0x40, 0xb9, 0xf3, 0x43, 0x01, 0x91, // 40a0
	0xc2, 0xa2, 0x01, 0x24, 0xe3, 0xa2, 0x01, 0x24, 0x62, 0x1e, 0x80, 0xe5, 0xd3, 0x50, 0x7f, 0x04, // 40b0
	0x63, 0x52, 0x40, 0xb9, 0xf3, 0x43, 0x01, 0x91, 0x63, 0x1a, 0x80, 0xe5, 0xd3, 0x50, 0x7f, 0x04, // 40c0
	0x64, 0x52, 0x40, 0xb9, 0xf3, 0x50, 0x7f, 0x04, 0x65, 0x52, 0x40, 0xb9, 0xa4, 0x80, 0x04, 0xaa, // 40d0
	0x85, 0x00, 0x0c, 0xaa, 0x85, 0x00, 0x00, 0xb5, 0xec, 0x03, 0x1f, 0xaa, 0xe4, 0x03, 0x1f, 0xaa, // 40e0
	0x0a, 0x00, 0x00, 0x14, 0x85, 0x00, 0x2c, 0x8a, 0x86, 0x05, 0x05, 0xaa, 0x8c, 0x00, 0x26, 0x8a, // 40f0
	0x8c, 0xf1, 0x01, 0x92, 0x8c, 0x01, 0x05, 0xab, 0x8c, 0xf9, 0x7f, 0xd3, 0x84, 0xf1, 0x00, 0xd2, // 4100
	0xec, 0x37, 0x9f, 0x1a, 0x84, 0x00, 0x06, 0x8a, 0x42, 0x80, 0x03, 0xaa, 0xf3, 0x43, 0x01, 0x91, // 4110
	0x42, 0x00, 0x24, 0x8a, 0x56, 0x0c, 0x08, 0x4e, 0x43, 0xe0, 0x02, 0x92, 0x42, 0xe0, 0x01, 0x92, // 4120
	0x77, 0x0c, 0x08, 0x4e, 0x5a, 0x0c, 0x08, 0x4e, 0xfb, 0xbe, 0x20, 0x04, 0x5b, 0x04, 0xd0, 0x04, // 4130
	0x5d, 0xbf, 0x20, 0x04, 0x1d, 0x06, 0xd0, 0x04, 0x42, 0x82, 0x00, 0x91, 0xd6, 0x1e, 0x22, 0x4e, // 4140
	0xdc, 0xbe, 0x20, 0x04, 0xbc, 0x04, 0xd0, 0x04, 0x9b, 0x1f, 0x3b, 0x6e, 0xf7, 0x04, 0xd0, 0x04, // 4150
	0x9a, 0x06, 0xd0, 0x04, 0xd8, 0x06, 0x08, 0x4e, 0xd9, 0x06, 0x18, 0x4e, 0xd6, 0x42, 0x16, 0x6e, // 4160
	0xf7, 0x1e, 0x3a, 0x6e, 0x5a, 0xa2, 0x00, 0xa4, 0x98, 0x04, 0xd0, 0x04, 0xd9, 0x04, 0xd0, 0x04, // 4170
	0x76, 0x04, 0xd0, 0x04, 0x42, 0xa3, 0x12, 0x24, 0x18, 0x1f, 0x39, 0x6e, 0x79, 0x1f, 0x3d, 0x6e, // 4180
	0x5b, 0xa0, 0x00, 0xa4, 0x62, 0x1e, 0x80, 0xe5, 0x17, 0x1f, 0x37, 0x6e, 0xd6, 0x1e, 0x39, 0x6e, // 4190
	0x63, 0xa3, 0x12, 0x24, 0xd6, 0x1e, 0x35, 0x4e, 0xf7, 0x1e, 0x24, 0x4e, 0x63, 0x1a, 0x80, 0xe5, // 41a0
	0x58, 0xa0, 0x00, 0xa4, 0xf6, 0x1e, 0xb6, 0x4e, 0x57, 0xa2, 0x00, 0xa4, 0xf2, 0x50, 0x7f, 0x04, // 41b0
	0x03, 0xa3, 0x13, 0x24, 0x52, 0x52, 0x40, 0xb9, 0xe2, 0xa2, 0x13, 0x24, 0xd9, 0x42, 0x16, 0x6e, // 41c0
	0x62, 0x1e, 0x80, 0xe5, 0xd3, 0x50, 0x7f, 0x04, 0x63, 0x52, 0x40, 0xb9, 0xf3, 0x43, 0x01, 0x91, // 41d0
	0xd6, 0x1e, 0xb9, 0x0e, 0x63, 0x1a, 0x80, 0xe5, 0xd3, 0x50, 0x7f, 0x04, 0x64, 0x52, 0x40, 0xb9, // 41e0
	0xf3, 0x50, 0x7f, 0x04, 0x52, 0x82, 0x03, 0xaa, 0x65, 0x52, 0x40, 0xb9, 0xa4, 0x80, 0x04, 0xaa, // 41f0
	0xc5, 0x02, 0x66, 0x9e, 0xae, 0x00, 0x0e, 0xca, 0x83, 0x00, 0x2e, 0xea, 0x52, 0x02, 0x2e, 0x8a, // 4200
	0x40, 0xf2, 0xff, 0x54, 0x64, 0x04, 0x00, 0xd1, 0x85, 0x00, 0x12, 0x8a, 0xb6, 0x00, 0x67, 0x9e, // 4210
	0xd6, 0x5a, 0x20, 0x0e, 0xd6, 0x3a, 0x30, 0x2e, 0xc5, 0x02, 0x26, 0x1e, 0xa5, 0x00, 0x08, 0x8b, // 4220
	0xbf, 0x00, 0x0b, 0xeb, 0x49, 0x28, 0x00, 0x54, 0x83, 0x00, 0x03, 0xea, 0x6b, 0x05, 0x00, 0x91, // 4230
	0xa1, 0xfe, 0xff, 0x54, 0x85, 0xff, 0xff, 0x17, 0xbf, 0x01, 0x00, 0xf1, 0xcd, 0x3b, 0x00, 0x54, // 4240
	0x42, 0x2e, 0x40, 0x92, 0xf1, 0xc7, 0x00, 0xad, 0x5f, 0x04, 0x3f, 0xf1, 0xf1, 0xc7, 0x01, 0xad, // 4250
	0x03, 0xf1, 0xff, 0x54, 0xa3, 0x81, 0x00, 0xf1, 0xc3, 0x00, 0x00, 0x54, 0x56, 0xa2, 0x00, 0xa4, // 4260
	0x52, 0x82, 0x00, 0x91, 0xe2, 0x03, 0x0a, 0xaa, 0xf6, 0xe1, 0x00, 0xe4, 0x03, 0x00, 0x00, 0x14, // 4270
	0xe2, 0x43, 0x00, 0x91, 0xe3, 0x03, 0x0d, 0xaa, 0x64, 0x40, 0x00, 0xf1, 0x43, 0x02, 0x00, 0x54, // 4280
	0x56, 0x06, 0xc1, 0x3c, 0xe3, 0x03, 0x04, 0xaa, 0x56, 0x04, 0x81, 0x3c, 0x84, 0x20, 0x00, 0xf1, // 4290
	0xe2, 0x01, 0x00, 0x54, 0x64, 0x10, 0x00, 0xf1, 0x43, 0x02, 0x00, 0x54, 0x43, 0x46, 0x40, 0xb8, // 42a0
	0x43, 0x44, 0x00, 0xb8, 0xe3, 0x03, 0x04, 0xaa, 0x84, 0x08, 0x00, 0xf1, 0xe2, 0x01, 0x00, 0x54, // 42b0
	0x43, 0x02, 0x00, 0xb4, 0x43, 0x02, 0x40, 0x39, 0xf2, 0x43, 0x00, 0x91, 0x43, 0x00, 0x00, 0x39, // 42c0
	0x6c, 0xff, 0xff, 0x17, 0x64, 0x20, 0x00, 0xf1, 0x63, 0xfe, 0xff, 0x54, 0x43, 0x86, 0x40, 0xf8, // 42d0
	0x43, 0x84, 0x00, 0xf8, 0xe3, 0x03, 0x04, 0xaa, 0x84, 0x10, 0x00, 0xf1, 0x02, 0xfe, 0xff, 0x54, // 42e0
	0x64, 0x08, 0x00, 0xf1, 0x63, 0xfe, 0xff, 0x54, 0x43, 0x26, 0x40, 0x78, 0x43, 0x24, 0x00, 0x78, // 42f0
	0xe3, 0x03, 0x04, 0xaa, 0x04, 0xfe, 0xff, 0xb5, 0xf2, 0x43, 0x00, 0x91, 0x5d, 0xff, 0xff, 0x17, // 4300
	0x0a, 0x04, 0x40, 0xf9, 0x28, 0x11, 0x00, 0x91, 0x1f, 0x01, 0x0a, 0xeb, 0x08, 0xcf, 0xff, 0x54, // 4310
	0x1b, 0x01, 0x00, 0x14, 0x0e, 0x04, 0x40, 0xf9, 0xcb, 0x01, 0x10, 0xcb, 0x7f, 0x81, 0x00, 0xf1, // 4320
	0x8b, 0x31, 0x00, 0x54, 0xe0, 0xe3, 0x18, 0x25, 0x40, 0xc4, 0x38, 0x25, 0x81, 0xcb, 0x38, 0x25, // 4330
	0xe8, 0x03, 0x1f, 0xaa, 0xed, 0x03, 0x1f, 0xaa, 0x4c, 0x01, 0x09, 0x8b, 0xcb, 0x01, 0x09, 0xcb, // 4340
	0xee, 0x03, 0x80, 0x52, 0x2f, 0x00, 0x80, 0x52, 0x90, 0x01, 0x08, 0x8b, 0xf1, 0x43, 0x01, 0x91, // 4350
	0x02, 0x42, 0x0f, 0xa4, 0xf0, 0x43, 0x01, 0x91, 0x41, 0xa0, 0x00, 0x24, 0x42, 0xa0, 0x01, 0x24, // 4360
	0x01, 0x1e, 0x80, 0xe5, 0xf0, 0x50, 0x7f, 0x04, 0x10, 0x52, 0x40, 0xb9, 0x22, 0x1e, 0x80, 0xe5, // 4370
	0xf1, 0x50, 0x7f, 0x04, 0x31, 0x52, 0x40, 0xb9, 0x51, 0x00, 0x00, 0x35, 0x8d, 0x01, 0x00, 0xb4, // 4380
	0x32, 0x02, 0x2d, 0x0a, 0xad, 0x05, 0x12, 0x2a, 0x31, 0x02, 0x2d, 0x0a, 0x31, 0xf2, 0x01, 0x12, // 4390
	0x31, 0x02, 0x12, 0x2b, 0x31, 0x7a, 0x1f, 0x53, 0x31, 0xf2, 0x00, 0x52, 0x2d, 0x02, 0x0d, 0x0a, // 43a0
	0xf1, 0x03, 0x2d, 0x2a, 0xed, 0x37, 0x9f, 0x1a, 0x30, 0x02, 0x10, 0x8a, 0xf0, 0x1d, 0x00, 0xb5, // 43b0
	0xce, 0x81, 0x00, 0xd1, 0x08, 0x81, 0x00, 0x91, 0x70, 0x01, 0x0e, 0x8b, 0x1f, 0xfe, 0x00, 0xf1, // 43c0
	0x4c, 0xfc, 0xff, 0x54, 0x8d, 0x30, 0x00, 0xb5, 0x4c, 0x01, 0x09, 0x8b, 0x8c, 0x01, 0x08, 0x8b, // 43d0
	0xe8, 0x03, 0x28, 0xaa, 0x8c, 0x05, 0x00, 0x91, 0x0b, 0x01, 0x0b, 0x8b, 0x7f, 0x05, 0x00, 0xf1, // 43e0
	0xca, 0x31, 0x00, 0x54, 0x42, 0xfe, 0xff, 0x17, 0x0f, 0x00, 0x00, 0x90, 0xe0, 0xe3, 0x18, 0x25, // 43f0
	0x11, 0x00, 0x00, 0x90, 0xe2, 0xb9, 0xc2, 0x3d, 0x0f, 0x00, 0x00, 0x90, 0x41, 0xe0, 0xd8, 0x25, // 4400
	0xe3, 0xa9, 0xc2, 0x3d, 0x0f, 0x00, 0x00, 0x90, 0x24, 0xb6, 0xc2, 0x3d, 0x85, 0xe4, 0x02, 0x4f, // 4410
	0x11, 0x00, 0x00, 0x90, 0xe6, 0xad, 0xc2, 0x3d, 0x0f, 0x00, 0x00, 0x90, 0x11, 0xe4, 0x00, 0x6f, // 4420
	0x0d, 0x04, 0x40, 0xf9, 0x40, 0xc4, 0x38, 0x25, 0x81, 0xcb, 0x38, 0x25, 0x27, 0xc2, 0xc2, 0x3d, // 4430
	0xf0, 0xbd, 0xc2, 0x3d, 0x0f, 0x00, 0x00, 0x90, 0x11, 0x00, 0x00, 0x90, 0x72, 0xcb, 0x38, 0x25, // 4440
	0xb3, 0xcb, 0x38, 0x25, 0xf4, 0xc9, 0xc2, 0x3d, 0xef, 0x43, 0x00, 0x91, 0x35, 0xa6, 0xc2, 0x3d, // 4450
	0xee, 0x03, 0x1f, 0xaa, 0xec, 0x03, 0x1f, 0xaa, 0xe8, 0x03, 0x1f, 0xaa, 0xeb, 0x03, 0x1f, 0xaa, // 4460
	0xad, 0x01, 0x10, 0xcb, 0x52, 0x01, 0x10, 0x8b, 0xea, 0x81, 0x00, 0x91, 0x10, 0x04, 0x80, 0x52, // 4470
	0x09, 0x00, 0x00, 0x14, 0x56, 0x02, 0x67, 0x9e, 0xce, 0xfd, 0x7f, 0x93, 0x52, 0x80, 0x00, 0x91, // 4480
	0xd6, 0x5a, 0x20, 0x0e, 0xd6, 0x3a, 0x30, 0x2e, 0xcd, 0x02, 0x26, 0x1e, 0xa8, 0x01, 0x08, 0x8b, // 4490
	0xed, 0x03, 0x11, 0xaa, 0xb1, 0x01, 0x01, 0xf1, 0x6b, 0x0e, 0x00, 0x54, 0x56, 0xa2, 0x00, 0xa4, // 44a0
	0x57, 0x42, 0x10, 0xa4, 0xf3, 0x43, 0x01, 0x91, 0xc2, 0xa2, 0x00, 0x24, 0xe3, 0xa2, 0x00, 0x24, // 44b0
	0x62, 0x1e, 0x80, 0xe5, 0x63, 0x1a, 0x80, 0xe5, 0xf3, 0x50, 0x7f, 0x04, 0x56, 0xa2, 0x00, 0xa4, // 44c0
	0x57, 0x42, 0x10, 0xa4, 0x62, 0x52, 0x40, 0xb9, 0xf3, 0x43, 0x01, 0x91, 0xc2, 0xa2, 0x01, 0x24, // 44d0
	0xe3, 0xa2, 0x01, 0x24, 0x62, 0x1e, 0x80, 0xe5, 0xd3, 0x50, 0x7f, 0x04, 0x63, 0x52, 0x40, 0xb9, // 44e0
	0xf3, 0x43, 0x01, 0x91, 0x63, 0x1a, 0x80, 0xe5, 0xd3, 0x50, 0x7f, 0x04, 0x64, 0x52, 0x40, 0xb9, // 44f0
	0xf3, 0x50, 0x7f, 0x04, 0x65, 0x52, 0x40, 0xb9, 0xa4, 0x80, 0x04, 0xaa, 0x85, 0x00, 0x0c, 0xaa, // 4500
	0x85, 0x00, 0x00, 0xb5, 0xec, 0x03, 0x1f, 0xaa, 0xe4, 0x03, 0x1f, 0xaa, 0x0a, 0x00, 0x00, 0x14, // 4510
	0x85, 0x00, 0x2c, 0x8a, 0x86, 0x05, 0x05, 0xaa, 0x8c, 0x00, 0x26, 0x8a, 0x8c, 0xf1, 0x01, 0x92, // 4520
	0x8c, 0x01, 0x05, 0xab, 0x8c, 0xf9, 0x7f, 0xd3, 0x84, 0xf1, 0x00, 0xd2, 0xec, 0x37, 0x9f, 0x1a, // 4530
	0x84, 0x00, 0x06, 0x8a, 0x42, 0x80, 0x03, 0xaa, 0xf3, 0x43, 0x01, 0x91, 0x42, 0x00, 0x24, 0x8a, // 4540
	0x56, 0x0c, 0x08, 0x4e, 0x43, 0xe0, 0x02, 0x92, 0x42, 0xe0, 0x01, 0x92, 0x77, 0x0c, 0x08, 0x4e, // 4550
	0x5a, 0x0c, 0x08, 0x4e, 0xfb, 0xbe, 0x20, 0x04, 0x5b, 0x04, 0xd0, 0x04, 0x5d, 0xbf, 0x20, 0x04, // 4560
	0x1d, 0x06, 0xd0, 0x04, 0x42, 0x82, 0x00, 0x91, 0xd6, 0x1e, 0x22, 0x4e, 0xdc, 0xbe, 0x20, 0x04, // 4570
	0xbc, 0x04, 0xd0, 0x04, 0x9b, 0x1f, 0x3b, 0x6e, 0xf7, 0x04, 0xd0, 0x04, 0x9a, 0x06, 0xd0, 0x04, // 4580
	0xd8, 0x06, 0x08, 0x4e, 0xd9, 0x06, 0x18, 0x4e, 0xd6, 0x42, 0x16, 0x6e, 0xf7, 0x1e, 0x3a, 0x6e, // 4590
	0x5a, 0xa2, 0x00, 0xa4, 0x98, 0x04, 0xd0, 0x04, 0xd9, 0x04, 0xd0, 0x04, 0x76, 0x04, 0xd0, 0x04, // 45a0
	0x42, 0xa3, 0x12, 0x24, 0x18, 0x1f, 0x39, 0x6e, 0x79, 0x1f, 0x3d, 0x6e, 0x5b, 0xa0, 0x00, 0xa4, // 45b0
	0x62, 0x1e, 0x80, 0xe5, 0x17, 0x1f, 0x37, 0x6e, 0xd6, 0x1e, 0x39, 0x6e, 0x63, 0xa3, 0x12, 0x24, // 45c0
	0xd6, 0x1e, 0x35, 0x4e, 0xf7, 0x1e, 0x24, 0x4e, 0x63, 0x1a, 0x80, 0xe5, 0x58, 0xa0, 0x00, 0xa4, // 45d0
	0xf6, 0x1e, 0xb6, 0x4e, 0x57, 0xa2, 0x00, 0xa4, 0xf2, 0x50, 0x7f, 0x04, 0x03, 0xa3, 0x13, 0x24, // 45e0
	0x52, 0x52, 0x40, 0xb9, 0xe2, 0xa2, 0x13, 0x24, 0xd9, 0x42, 0x16, 0x6e, 0x62, 0x1e, 0x80, 0xe5, // 45f0
	0xd3, 0x50, 0x7f, 0x04, 0x63, 0x52, 0x40, 0xb9, 0xf3, 0x43, 0x01, 0x91, 0xd6, 0x1e, 0xb9, 0x0e, // 4600
	0x63, 0x1a, 0x80, 0xe5, 0xd3, 0x50, 0x7f, 0x04, 0x64, 0x52, 0x40, 0xb9, 0xf3, 0x50, 0x7f, 0x04, // 4610
	0x52, 0x82, 0x03, 0xaa, 0x65, 0x52, 0x40, 0xb9, 0xa4, 0x80, 0x04, 0xaa, 0xc5, 0x02, 0x66, 0x9e, // 4620
	0xae, 0x00, 0x0e, 0xca, 0x83, 0x00, 0x2e, 0xea, 0x52, 0x02, 0x2e, 0x8a, 0x40, 0xf2, 0xff, 0x54, // 4630
	0x64, 0x04, 0x00, 0xd1, 0x85, 0x00, 0x12, 0x8a, 0xb6, 0x00, 0x67, 0x9e, 0xd6, 0x5a, 0x20, 0x0e, // 4640
	0xd6, 0x3a, 0x30, 0x2e, 0xc5, 0x02, 0x26, 0x1e, 0xa5, 0x00, 0x08, 0x8b, 0xbf, 0x00, 0x0b, 0xeb, // 4650
	0xe9, 0x06, 0x00, 0x54, 0x83, 0x00, 0x03, 0xea, 0x6b, 0x05, 0x00, 0x91, 0xa1, 0xfe, 0xff, 0x54, // 4660
	0x85, 0xff, 0xff, 0x17, 0xbf, 0x01, 0x00, 0xf1, 0x6d, 0x1a, 0x00, 0x54, 0x42, 0x2e, 0x40, 0x92, // 4670
	0xf1, 0xc7, 0x00, 0xad, 0x5f, 0x04, 0x3f, 0xf1, 0xf1, 0xc7, 0x01, 0xad, 0x03, 0xf1, 0xff, 0x54, // 4680
	0xa3, 0x81, 0x00, 0xf1, 0xc3, 0x00, 0x00, 0x54, 0x56, 0xa2, 0x00, 0xa4, 0x52, 0x82, 0x00, 0x91, // 4690
	0xe2, 0x03, 0x0a, 0xaa, 0xf6, 0xe1, 0x00, 0xe4, 0x03, 0x00, 0x00, 0x14, 0xe2, 0x43, 0x00, 0x91, // 46a0
	0xe3, 0x03, 0x0d, 0xaa, 0x64, 0x40, 0x00, 0xf1, 0x43, 0x02, 0x00, 0x54, 0x56, 0x06, 0xc1, 0x3c, // 46b0
	0xe3, 0x03, 0x04, 0xaa, 0x56, 0x04, 0x81, 0x3c, 0x84, 0x20, 0x00, 0xf1, 0xe2, 0x01, 0x00, 0x54, // 46c0
	0x64, 0x10, 0x00, 0xf1, 0x43, 0x02, 0x00, 0x54, 0x43, 0x46, 0x40, 0xb8, 0x43, 0x44, 0x00, 0xb8, // 46d0
	0xe3, 0x03, 0x04, 0xaa, 0x84, 0x08, 0x00, 0xf1, 0xe2, 0x01, 0x00, 0x54, 0x43, 0x02, 0x00, 0xb4, // 46e0
	0x43, 0x02, 0x40, 0x39, 0xf2, 0x43, 0x00, 0x91, 0x43, 0x00, 0x00, 0x39, 0x6c, 0xff, 0xff, 0x17, // 46f0
	0x64, 0x20, 0x00, 0xf1, 0x63, 0xfe, 0xff, 0x54, 0x43, 0x86, 0x40, 0xf8, 0x43, 0x84, 0x00, 0xf8, // 4700
	0xe3, 0x03, 0x04, 0xaa, 0x84, 0x10, 0x00, 0xf1, 0x02, 0xfe, 0xff, 0x54, 0x64, 0x08, 0x00, 0xf1, // 4710
	0x63, 0xfe, 0xff, 0x54, 0x43, 0x26, 0x40, 0x78, 0x43, 0x24, 0x00, 0x78, 0xe3, 0x03, 0x04, 0xaa, // 4720
	0x04, 0xfe, 0xff, 0xb5, 0xf2, 0x43, 0x00, 0x91, 0x5d, 0xff, 0xff, 0x17, 0x68, 0x00, 0xc0, 0xda, // 4730
	0x0a, 0x04, 0x40, 0xf9, 0x08, 0x11, 0xc0, 0xda, 0x08, 0x01, 0x0d, 0xcb, 0x08, 0x01, 0x0a, 0x8b, // 4740
	0x0a, 0x05, 0x00, 0x91, 0x2a, 0x00, 0x00, 0xf9, 0x0b, 0x04, 0x40, 0xf9, 0x5f, 0x01, 0x0b, 0xeb, // 4750
	0x68, 0x25, 0x88, 0x9a, 0x28, 0x00, 0x00, 0xf9, 0x28, 0x91, 0x9f, 0xda, 0x1c, 0xfe, 0xff, 0x17, // 4760
	0x29, 0x00, 0x00, 0xf9, 0x19, 0xfe, 0xff, 0x17, 0x0a, 0x02, 0xc0, 0xda, 0x28, 0x01, 0x08, 0x8b, // 4770
	0x4a, 0x11, 0xc0, 0xda, 0x48, 0x01, 0x08, 0x8b, 0x08, 0x09, 0x00, 0x91, 0x28, 0x00, 0x00, 0xf9, // 4780
	0xe8, 0x03, 0x09, 0xaa, 0x12, 0xfe, 0xff, 0x17, 0xc8, 0x00, 0x80, 0x92, 0x10, 0xfe, 0xff, 0x17, // 4790
	0x1f, 0x05, 0x00, 0xb1, 0xb4, 0x02, 0x96, 0x9a, 0x34, 0x00, 0x00, 0xf9, 0x0c, 0xfe, 0xff, 0x17, // 47a0
	0x88, 0x06, 0x00, 0xd1, 0x0a, 0xfe, 0xff, 0x17, 0x1b, 0x00, 0x80, 0x92, 0x22, 0x00, 0x00, 0x14, // 47b0
	0xab, 0x01, 0xc0, 0x5a, 0x0a, 0x01, 0x0a, 0xcb, 0x4d, 0x01, 0x0c, 0x8b, 0x6b, 0x11, 0xc0, 0x5a, // 47c0
	0x6d, 0x01, 0x0d, 0x8b, 0xbf, 0x05, 0x00, 0xf1, 0x2d, 0x00, 0x00, 0xf9, 0xab, 0xb9, 0xff, 0x54, // 47d0
	0x0d, 0xc0, 0x84, 0xd2, 0x6b, 0x01, 0x0c, 0x8b, 0x08, 0x05, 0x00, 0xd1, 0x2c, 0x00, 0x80, 0x52, // 47e0
	0x2d, 0x00, 0xc0, 0xf2, 0x0e, 0x69, 0x6b, 0x38, 0x8f, 0x21, 0xce, 0x9a, 0xdf, 0x81, 0x00, 0x71, // 47f0
	0xee, 0x01, 0x0d, 0x8a, 0xc4, 0x99, 0x40, 0xfa, 0x40, 0xb8, 0xff, 0x54, 0x4e, 0x01, 0x0b, 0x8b, // 4800
	0x6b, 0x05, 0x00, 0xd1, 0x4f, 0x01, 0x0b, 0x8b, 0xce, 0x05, 0x00, 0xd1, 0xef, 0x05, 0x00, 0x91, // 4810
	0x2e, 0x00, 0x00, 0xf9, 0xff, 0x05, 0x00, 0xf1, 0x6c, 0xfe, 0xff, 0x54, 0xb9, 0xfd, 0xff, 0x17, // 4820
	0x08, 0x05, 0x00, 0xd1, 0xea, 0xfd, 0xff, 0x17, 0xfb, 0x03, 0x38, 0xaa, 0x02, 0x00, 0x00, 0x14, // 4830
	0xfb, 0x03, 0x37, 0xaa, 0x88, 0x02, 0x1b, 0xcb, 0x08, 0x09, 0x00, 0xd1, 0xe2, 0xfd, 0xff, 0x17, // 4840
	0xf5, 0x03, 0x3a, 0xaa, 0x08, 0x01, 0x15, 0x8b, 0xdf, 0xfd, 0xff, 0x17, 0xf2, 0x03, 0x1d, 0xaa, // 4850
	0x32, 0x00, 0x00, 0xf9, 0x08, 0x00, 0x80, 0x92, 0xdd, 0xfd, 0xff, 0x17, 0x09, 0x05, 0x00, 0xd1, // 4860
	0x29, 0x00, 0x00, 0xf9, 0x69, 0x6a, 0x69, 0x38, 0x3f, 0xb9, 0x01, 0x71, 0xe1, 0xba, 0xff, 0x54, // 4870
	0x28, 0x00, 0x00, 0xf9, 0x69, 0x6a, 0x68, 0x38, 0x3f, 0xd5, 0x01, 0x71, 0x61, 0xba, 0xff, 0x54, // 4880
	0x09, 0x05, 0x00, 0x91, 0x29, 0x00, 0x00, 0xf9, 0x69, 0x6a, 0x69, 0x38, 0x3f, 0xb1, 0x01, 0x71, // 4890
	0xc1, 0xb9, 0xff, 0x54, 0x09, 0x09, 0x00, 0x91, 0x29, 0x00, 0x00, 0xf9, 0x69, 0x6a, 0x69, 0x38, // 48a0
	0x3f, 0xb1, 0x01, 0x71, 0x21, 0xb9, 0xff, 0x54, 0x28, 0x00, 0x00, 0x14, 0x69, 0x6a, 0x68, 0x38, // 48b0
	0x3f, 0x85, 0x01, 0x71, 0xa1, 0xb8, 0xff, 0x54, 0x09, 0x05, 0x00, 0x91, 0x29, 0x00, 0x00, 0xf9, // 48c0
	0x69, 0x6a, 0x69, 0x38, 0x3f, 0xb1, 0x01, 0x71, 0x01, 0xb8, 0xff, 0x54, 0x09, 0x09, 0x00, 0x91, // 48d0
	0x29, 0x00, 0x00, 0xf9, 0x69, 0x6a, 0x69, 0x38, 0x3f, 0xcd, 0x01, 0x71, 0x61, 0xb7, 0xff, 0x54, // 48e0
	0x09, 0x0d, 0x00, 0x91, 0x29, 0x00, 0x00, 0xf9, 0x69, 0x6a, 0x69, 0x38, 0x3f, 0x95, 0x01, 0x71, // 48f0
	0xc1, 0xb6, 0xff, 0x54, 0x08, 0x11, 0x00, 0x91, 0xb3, 0xfd, 0xff, 0x17, 0x09, 0x05, 0x00, 0xd1, // 4900
	0x29, 0x00, 0x00, 0xf9, 0x69, 0x6a, 0x69, 0x38, 0x3f, 0xd1, 0x01, 0x71, 0xe1, 0xb5, 0xff, 0x54, // 4910
	0x28, 0x00, 0x00, 0xf9, 0x69, 0x6a, 0x68, 0x38, 0x3f, 0xc9, 0x01, 0x71, 0x61, 0xb5, 0xff, 0x54, // 4920
	0x09, 0x05, 0x00, 0x91, 0x29, 0x00, 0x00, 0xf9, 0x69, 0x6a, 0x69, 0x38, 0x3f, 0xd5, 0x01, 0x71, // 4930
	0xc1, 0xb4, 0xff, 0x54, 0x09, 0x09, 0x00, 0x91, 0x29, 0x00, 0x00, 0xf9, 0x69, 0x6a, 0x69, 0x38, // 4940
	0x3f, 0x95, 0x01, 0x71, 0x21, 0xb4, 0xff, 0x54, 0x08, 0x0d, 0x00, 0x91, 0x9e, 0xfd, 0xff, 0x17, // 4950
	0x4c, 0x01, 0x10, 0x8b, 0x7f, 0x05, 0x00, 0xf1, 0x0a, 0x06, 0x00, 0x54, 0xe4, 0xfc, 0xff, 0x17, // 4960
	0xf5, 0x03, 0x17, 0xaa, 0xb8, 0xff, 0xff, 0x17, 0x08, 0x00, 0x80, 0x92, 0x34, 0x00, 0x00, 0xf9, // 4970
	0x97, 0xfd, 0xff, 0x17, 0x2d, 0x00, 0x00, 0xf9, 0xe8, 0x03, 0x09, 0xaa, 0x94, 0xfd, 0xff, 0x17, // 4980
	0x18, 0x0b, 0x00, 0x91, 0x28, 0x00, 0x80, 0x92, 0x06, 0x00, 0x00, 0x14, 0x18, 0x07, 0x00, 0x91, // 4990
	0x48, 0x00, 0x80, 0x92, 0x03, 0x00, 0x00, 0x14, 0x18, 0x07, 0x00, 0x91, 0x08, 0x00, 0x80, 0x92, // 49a0
	0x09, 0x03, 0x17, 0xcb, 0x29, 0x00, 0x00, 0xf9, 0x89, 0xfd, 0xff, 0x17, 0x32, 0x00, 0x00, 0xf9, // 49b0
	0x86, 0xfd, 0xff, 0x17, 0x08, 0x04, 0x40, 0xf9, 0x28, 0x00, 0x00, 0xf9, 0x08, 0x00, 0x80, 0x92, // 49c0
	0x83, 0xfd, 0xff, 0x17, 0x08, 0x00, 0x80, 0x92, 0xf4, 0x03, 0x15, 0xaa, 0x35, 0x00, 0x00, 0xf9, // 49d0
	0x7f, 0xfd, 0xff, 0x17, 0x6c, 0x05, 0x00, 0xd1, 0x9f, 0x01, 0x08, 0xeb, 0x80, 0x98, 0xff, 0x54, // 49e0
	0x4c, 0x01, 0x09, 0x8b, 0x8c, 0x01, 0x08, 0x8b, 0x68, 0x01, 0x08, 0xcb, 0x8c, 0x09, 0x00, 0x91, // 49f0
	0x0b, 0x09, 0x00, 0xd1, 0x7f, 0x05, 0x00, 0xf1, 0x0a, 0x01, 0x00, 0x54, 0xbc, 0xfc, 0xff, 0x17, // 4a00
	0x28, 0x00, 0x80, 0x92, 0x4d, 0x00, 0x80, 0x52, 0x6b, 0x01, 0x08, 0xab, 0x8c, 0x01, 0x0d, 0x8b, // 4a10
	0x08, 0x00, 0x80, 0x92, 0xcd, 0xad, 0xff, 0x54, 0x88, 0x01, 0x40, 0x39, 0x1f, 0x71, 0x01, 0x71, // 4a20
	0x00, 0xff, 0xff, 0x54, 0x1f, 0x89, 0x00, 0x71, 0x00, 0x01, 0x00, 0x54, 0x08, 0x00, 0x80, 0x92, // 4a30
	0x2d, 0x00, 0x80, 0x52, 0x6b, 0x01, 0x08, 0xab, 0x8c, 0x01, 0x0d, 0x8b, 0x08, 0x00, 0x80, 0x92, // 4a40
	0xcc, 0xfe, 0xff, 0x54, 0x62, 0xfd, 0xff, 0x17, 0x88, 0x01, 0x0a, 0xcb, 0x08, 0x05, 0x00, 0x91, // 4a50
	0x4b, 0xff, 0xff, 0x17, 0x18, 0x23, 0x00, 0x91, 0xcb, 0xff, 0xff, 0x17, 0x68, 0x00, 0x80, 0x92, // 4a60
	0xf8, 0x03, 0x12, 0xaa, 0xcf, 0xff, 0xff, 0x17, 0xf8, 0x03, 0x12, 0xaa, 0xcd, 0xff, 0xff, 0x17, // 4a70
	0x18, 0x23, 0x00, 0x91, 0x68, 0x00, 0x80, 0x92, 0xca, 0xff, 0xff, 0x17, 0x00, 0x00, 0x00, 0x00, // 4a80
	// Contents of section .rodata:
	0x44, 0x44, 0x44, 0x44, 0x44, 0x44, 0x44, 0x44, 0x88, 0x88, 0x88, 0x88, 0x88, 0x88, 0x88, 0x88, // 4a90
	0x22, 0x22, 0x22, 0x22, 0x22, 0x22, 0x22, 0x22, 0x88, 0x88, 0x88, 0x88, 0x88, 0x88, 0x88, 0x88, // 4aa0
	0x11, 0x11, 0x11, 0x11, 0x11, 0x11, 0x11, 0x11, 0x88, 0x88, 0x88, 0x88, 0x88, 0x88, 0x88, 0x08, // 4ab0
	0x01, 0x00, 0x00, 0x00, 0x00, 0x00, 0x00, 0x00, 0x00, 0x00, 0x00, 0x00, 0x00, 0x00, 0x00, 0x00, // 4ac0
	0x22, 0x22, 0x22, 0x22, 0x22, 0x22, 0x22, 0x22, 0x11, 0x11, 0x11, 0x11, 0x11, 0x11, 0x11, 0x11, // 4ad0
	0x11, 0x11, 0x11, 0x11, 0x11, 0x11, 0x11, 0x11, 0x22, 0x22, 0x22, 0x22, 0x22, 0x22, 0x22, 0x22, // 4ae0
	0x88, 0x88, 0x88, 0x88, 0x88, 0x88, 0x88, 0x08, 0x11, 0x11, 0x11, 0x11, 0x11, 0x11, 0x11, 0x11, // 4af0
	0x88, 0x88, 0x88, 0x88, 0x88, 0x88, 0x88, 0x08, 0x44, 0x44, 0x44, 0x44, 0x44, 0x44, 0x44, 0x04, // 4b00
	0x01, 0x02, 0x04, 0x08, 0x10, 0x20, 0x40, 0x80, 0x01, 0x02, 0x04, 0x08, 0x10, 0x20, 0x40, 0x80, // 4b10
	0x44, 0x44, 0x44, 0x44, 0x44, 0x44, 0x44, 0x04, 0x22, 0x22, 0x22, 0x22, 0x22, 0x22, 0x22, 0x02, // 4b20
	0x00, 0x08, 0x01, 0x09, 0x02, 0x0a, 0x03, 0x0b, 0x04, 0x0c, 0x05, 0x0d, 0x06, 0x0e, 0x07, 0x0f, // 4b30
	0x02, 0x00, 0x00, 0x00, 0x00, 0x00, 0x00, 0x00, 0x00, 0x00, 0x00, 0x00, 0x00, 0x00, 0x00, 0x00, // 4b40
	0x00, 0x00, 0x00, 0x00, 0x00, 0x00, 0x00, 0x00, 0x00, 0x00, 0x00, 0x00, 0x00, 0x00, 0x00, 0x00, // 4b50
	0x00, 0x00, 0x00, 0x00, 0x00, 0x00, 0x22, 0x00, 0x00, 0x00, 0x00, 0x00, 0x00, 0x00, 0x00, 0x00, // 4b60
	0x00, 0x00, 0x00, 0x2f, 0x00, 0x00, 0x00, 0x00, 0x00, 0x00, 0x00, 0x00, 0x00, 0x00, 0x00, 0x00, // 4b70
	0x00, 0x00, 0x00, 0x00, 0x00, 0x00, 0x00, 0x00, 0x00, 0x00, 0x00, 0x00, 0x00, 0x00, 0x00, 0x00, // 4b80
	0x00, 0x00, 0x00, 0x00, 0x00, 0x00, 0x00, 0x00, 0x00, 0x00, 0x00, 0x00, 0x00, 0x00, 0x00, 0x00, // 4b90
	0x5c, 0x00, 0x00, 0x00, 0x00, 0x00, 0x08, 0x00, 0x00, 0x00, 0x0c, 0x00, 0x00, 0x00, 0x00, 0x00, // 4ba0
	0x00, 0x00, 0x0a, 0x00, 0x00, 0x00, 0x0d, 0x00, 0x09, 0xff, 0x00, 0x00, 0x00, 0x00, 0x00, 0x00, // 4bb0
	0x00, 0x00, 0x00, 0x00, 0x00, 0x00, 0x00, 0x00, 0x00, 0x00, 0x00, 0x00, 0x00, 0x00, 0x00, 0x00, // 4bc0
	0x00, 0x00, 0x00, 0x00, 0x00, 0x00, 0x00, 0x00, 0x00, 0x00, 0x00, 0x00, 0x00, 0x00, 0x00, 0x00, // 4bd0
	0x00, 0x00, 0x00, 0x00, 0x00, 0x00, 0x00, 0x00, 0x00, 0x00, 0x00, 0x00, 0x00, 0x00, 0x00, 0x00, // 4be0
	0x00, 0x00, 0x00, 0x00, 0x00, 0x00, 0x00, 0x00, 0x00, 0x00, 0x00, 0x00, 0x00, 0x00, 0x00, 0x00, // 4bf0
	0x00, 0x00, 0x00, 0x00, 0x00, 0x00, 0x00, 0x00, 0x00, 0x00, 0x00, 0x00, 0x00, 0x00, 0x00, 0x00, // 4c00
	0x00, 0x00, 0x00, 0x00, 0x00, 0x00, 0x00, 0x00, 0x00, 0x00, 0x00, 0x00, 0x00, 0x00, 0x00, 0x00, // 4c10
	0x00, 0x00, 0x00, 0x00, 0x00, 0x00, 0x00, 0x00, 0x00, 0x00, 0x00, 0x00, 0x00, 0x00, 0x00, 0x00, // 4c20
	0x00, 0x00, 0x00, 0x00, 0x00, 0x00, 0x00, 0x00, 0x00, 0x00, 0x00, 0x00, 0x00, 0x00, 0x00, 0x00, // 4c30
	0x00, 0x00, 0x00, 0x00, // 4c40
}
