package sve_wrapgoc
var _text_parse_with_padding= []byte{
// Contents of section .text:
0xff,0x83,0x00,0xd1,0xfd,0xfb,0x00,0xa9,0xfd,0xfb,0x3f,0xa9,0x08,0x00,0x40,0xf9,  // 0000
0xfd,0x23,0x00,0xd1,0xfd,0xfb,0x40,0xa9,0x0a,0x05,0x00,0x91,0x0a,0x00,0x00,0xf9,  // 0010
0x00,0x01,0x40,0x39,0xff,0x83,0x00,0x91,0xc0,0x03,0x5f,0xd6,0xff,0x83,0x00,0xd1,  // 0020
0xfd,0xfb,0x00,0xa9,0xfd,0xfb,0x3f,0xa9,0xfd,0x23,0x00,0xd1,0x00,0x00,0x40,0xf9,  // 0030
0xfd,0xfb,0x40,0xa9,0xff,0x83,0x00,0x91,0xc0,0x03,0x5f,0xd6,0xff,0x83,0x00,0xd1,  // 0040
0xfd,0xfb,0x00,0xa9,0xfd,0xfb,0x3f,0xa9,0xfd,0x23,0x00,0xd1,0xfd,0xfb,0x40,0xa9,  // 0050
0xff,0x83,0x00,0x91,0xc0,0x03,0x5f,0xd6,0xff,0x83,0x00,0xd1,0xfd,0xfb,0x00,0xa9,  // 0060
0xfd,0xfb,0x3f,0xa9,0xfd,0x23,0x00,0xd1,0x08,0x08,0x40,0xf9,0x0a,0x00,0x40,0xf9,  // 0070
0xfd,0xfb,0x40,0xa9,0x00,0x01,0x0a,0xcb,0xff,0x83,0x00,0x91,0xc0,0x03,0x5f,0xd6,  // 0080
0xff,0x83,0x00,0xd1,0xfd,0xfb,0x00,0xa9,0xfd,0xfb,0x3f,0xa9,0xfd,0x23,0x00,0xd1,  // 0090
0x08,0x00,0x40,0xf9,0xfd,0xfb,0x40,0xa9,0x08,0x01,0x01,0x8b,0x08,0x00,0x00,0xf9,  // 00a0
0xff,0x83,0x00,0x91,0xc0,0x03,0x5f,0xd6,0xff,0x43,0x02,0xd1,0xfd,0xfb,0x02,0xa9,  // 00b0
0xe9,0xa3,0x00,0x91,0xfb,0x1f,0x00,0xf9,0xfa,0xe7,0x04,0xa9,0xf8,0xdf,0x05,0xa9,  // 00c0
0xf6,0xd7,0x06,0xa9,0xf4,0xcf,0x07,0xa9,0xff,0x57,0x3f,0x04,0xff,0x43,0x00,0xd1,  // 00d0
0xfd,0xfb,0x3f,0xa9,0xfd,0x23,0x00,0xd1,0x0b,0x54,0x40,0xf9,0x0c,0xc4,0x47,0xa9,  // 00e0
0x0a,0x44,0x40,0xf9,0xe8,0x03,0x00,0xaa,0x7f,0x05,0x00,0xb1,0x61,0x10,0x01,0x54,  // 00f0
0xeb,0x03,0x11,0xaa,0x2d,0x00,0x80,0x52,0x0f,0xc0,0x84,0xd2,0x6e,0x15,0x40,0x38,  // 0100
0x2f,0x00,0xc0,0xf2,0xad,0x21,0xce,0x9a,0xdf,0x81,0x00,0x71,0xad,0x01,0x0f,0x8a,  // 0110
0xa4,0x99,0x40,0xfa,0xa0,0x06,0x00,0x54,0x2e,0x06,0x40,0x39,0x2b,0x0a,0x00,0x91,  // 0120
0xdf,0x81,0x00,0x71,0x28,0x06,0x00,0x54,0x2d,0x00,0x80,0x52,0xad,0x21,0xce,0x9a,  // 0130
0xbf,0x01,0x0f,0xea,0xa0,0x05,0x00,0x54,0x0d,0x49,0x40,0xf9,0x6e,0x01,0x0d,0xcb,  // 0140
0xdf,0xfd,0x00,0xf1,0xe8,0x00,0x00,0x54,0x0b,0x00,0x80,0x92,0x0f,0x4d,0x40,0xf9,  // 0150
0x6b,0x21,0xce,0x9a,0xee,0x01,0x0b,0xea,0x01,0x04,0x00,0x54,0xab,0x01,0x01,0x91,  // 0160
0xe0,0xe3,0x18,0x25,0x1f,0x20,0x03,0xd5,0xed,0xfe,0x06,0x10,0x01,0xc0,0x38,0x25,  // 0170
0xa0,0xa1,0x00,0xa4,0x0d,0x04,0x80,0x52,0x62,0xa1,0x00,0xa4,0x63,0x41,0x0d,0xa4,  // 0180
0x2e,0x21,0x00,0xd1,0xaf,0x57,0x69,0x04,0x6b,0x01,0x01,0x91,0x44,0xc0,0x21,0x05,  // 0190
0x65,0xc0,0x21,0x05,0x84,0x06,0x80,0x05,0x85,0x06,0x80,0x05,0x04,0x30,0x24,0x05,  // 01a0
0x05,0x30,0x25,0x05,0x41,0xa0,0x04,0x24,0x62,0xa0,0x05,0x24,0xc1,0x19,0xbf,0xe5,  // 01b0
0xc2,0x15,0xbf,0xe5,0xce,0x57,0x69,0x04,0xce,0x81,0x5f,0xb8,0xef,0x81,0x5f,0xb8,  // 01c0
0xce,0x81,0x0f,0xaa,0xdf,0x05,0x00,0xb1,0x80,0xfd,0xff,0x54,0xee,0x03,0x2e,0xaa,  // 01d0
0x6d,0x01,0x01,0xd1,0x0d,0x39,0x09,0xa9,0xcb,0x01,0xc0,0xda,0x6b,0x11,0xc0,0xda,  // 01e0
0xab,0x01,0x0b,0x8b,0x6e,0x15,0x40,0x38,0xed,0x03,0x2c,0xaa,0xdf,0x69,0x01,0x71,  // 01f0
0xc3,0x00,0x80,0x52,0xad,0x01,0x0b,0x8b,0x0c,0x04,0x00,0x54,0xcc,0xc1,0x00,0x51,  // 0200
0x9f,0x29,0x00,0x71,0xe2,0x18,0x00,0x54,0xee,0x03,0x1f,0x2a,0x0f,0xc1,0x41,0x39,  // 0210
0xec,0x03,0x00,0x52,0x72,0x01,0x0c,0xcb,0x6f,0x19,0x08,0x37,0x4a,0x02,0x40,0x39,  // 0220
0x4b,0xc1,0x00,0x71,0x81,0x11,0x00,0x54,0xeb,0x03,0x12,0xaa,0x6c,0x1d,0x40,0x38,  // 0230
0x9f,0xb9,0x00,0x71,0x60,0x54,0x00,0x54,0xef,0x03,0x1f,0xaa,0x9f,0x15,0x01,0x71,  // 0240
0xf0,0x03,0x1f,0x2a,0x60,0x00,0x00,0x54,0x9f,0x95,0x01,0x71,0xc1,0x58,0x00,0x54,  // 0250
0xf1,0x03,0x10,0x2a,0xe0,0x03,0x0b,0xaa,0x0c,0x1c,0x40,0x38,0x9f,0xad,0x00,0x71,  // 0260
0xc0,0x4f,0x00,0x54,0x9f,0xb5,0x00,0x71,0xe1,0x4f,0x00,0x54,0x6b,0x09,0x00,0x91,  // 0270
0x0c,0x00,0x80,0x12,0x7e,0x02,0x00,0x14,0xdf,0xb5,0x01,0x71,0x60,0x05,0x00,0x91,  // 0280
0xcd,0x17,0x00,0x54,0xdf,0xb9,0x01,0x71,0xc0,0x1a,0x00,0x54,0xdf,0xd1,0x01,0x71,  // 0290
0x60,0x1c,0x00,0x54,0xdf,0xed,0x01,0x71,0xe1,0x9c,0x00,0x54,0xce,0x00,0x80,0x52,  // 02a0
0x0f,0x51,0x40,0xf9,0xe2,0x03,0x08,0xaa,0xcd,0x81,0x0d,0xaa,0x0e,0x00,0x80,0x92,  // 02b0
0xed,0x39,0x00,0xa9,0x4f,0xc4,0xcb,0xa9,0x0e,0x51,0x40,0xf9,0x41,0x80,0x5f,0xf8,  // 02c0
0xcd,0x01,0x0f,0xcb,0xd2,0x41,0x00,0x91,0xb0,0xfd,0x44,0x93,0xbf,0x41,0x00,0xb1,  // 02d0
0xcd,0x81,0x00,0x91,0xa2,0x11,0x51,0xfa,0x31,0x04,0x00,0x91,0x12,0x51,0x00,0xf9,  // 02e0
0xcd,0x91,0x9f,0x9a,0x50,0x44,0x3f,0xa9,0xad,0x92,0x03,0xb4,0x71,0x01,0x40,0x39,  // 02f0
0x3f,0x82,0x00,0x71,0xa8,0x07,0x00,0x54,0x32,0x00,0x80,0x52,0x01,0xc0,0x84,0xd2,  // 0300
0x52,0x22,0xd1,0x9a,0x21,0x00,0xc0,0xf2,0x5f,0x02,0x01,0xea,0xe0,0x06,0x00,0x54,  // 0310
0x71,0x05,0x40,0x39,0x00,0x04,0x00,0x91,0x3f,0x82,0x00,0x71,0xa8,0x8e,0x00,0x54,  // 0320
0x2b,0x00,0x80,0x52,0x12,0xc0,0x84,0xd2,0x6b,0x21,0xd1,0x9a,0x32,0x00,0xc0,0xf2,  // 0330
0x7f,0x01,0x12,0xea,0xe0,0x8d,0x00,0x54,0x0b,0x49,0x40,0xf9,0x11,0x00,0x0b,0xcb,  // 0340
0x3f,0xfe,0x00,0xf1,0xe8,0x00,0x00,0x54,0x12,0x00,0x80,0x92,0x00,0x4d,0x40,0xf9,  // 0350
0x51,0x22,0xd1,0x9a,0x11,0x00,0x11,0xea,0x01,0x04,0x00,0x54,0x60,0x01,0x01,0x91,  // 0360
0xe0,0xe3,0x18,0x25,0x1f,0x20,0x03,0xd5,0xeb,0xee,0x06,0x10,0x01,0xc0,0x38,0x25,  // 0370
0x60,0xa1,0x00,0xa4,0x0b,0x04,0x80,0x52,0x02,0xa0,0x00,0xa4,0x03,0x40,0x0b,0xa4,  // 0380
0x31,0x21,0x00,0xd1,0xb2,0x57,0x69,0x04,0x00,0x00,0x01,0x91,0x44,0xc0,0x21,0x05,  // 0390
0x65,0xc0,0x21,0x05,0x84,0x06,0x80,0x05,0x85,0x06,0x80,0x05,0x04,0x30,0x24,0x05,  // 03a0
0x05,0x30,0x25,0x05,0x41,0xa0,0x04,0x24,0x62,0xa0,0x05,0x24,0x21,0x1a,0xbf,0xe5,  // 03b0
0x22,0x16,0xbf,0xe5,0xd1,0x57,0x69,0x04,0x31,0x82,0x5f,0xb8,0x52,0x82,0x5f,0xb8,  // 03c0
0x31,0x82,0x12,0xaa,0x3f,0x06,0x00,0xb1,0x80,0xfd,0xff,0x54,0xf1,0x03,0x31,0xaa,  // 03d0
0x0b,0x00,0x01,0xd1,0x0b,0x45,0x09,0xa9,0x31,0x02,0xc0,0xda,0x31,0x12,0xc0,0xda,  // 03e0
0x60,0x01,0x11,0x8b,0x11,0x14,0x40,0x38,0x3f,0xf6,0x01,0x71,0x61,0x88,0x00,0x54,  // 03f0
0x0b,0xcd,0x40,0xb9,0xed,0x11,0x10,0x8b,0x6b,0x05,0x00,0x11,0x0b,0xcd,0x00,0xb9,  // 0400
0xab,0x05,0x40,0xf9,0x0b,0x55,0x00,0xf9,0x4b,0x00,0x00,0xb0,0x60,0x89,0x45,0xfd,  // 0410
0xcb,0x01,0x40,0xf9,0x6b,0x9d,0x60,0x92,0xc0,0x05,0x00,0xfd,0xcb,0x01,0x00,0xf9,  // 0420
0x0b,0x59,0x40,0xf9,0x0d,0xe5,0x40,0xb9,0x7f,0x01,0x0d,0xeb,0x09,0x17,0x01,0x54,  // 0430
0x7f,0x05,0x40,0xf1,0x0b,0xe5,0x00,0xb9,0xa9,0x16,0x01,0x54,0xfa,0x03,0x1f,0xaa,  // 0440
0xfb,0x03,0x1f,0xaa,0xfe,0x03,0x1f,0x2a,0xed,0x03,0x1f,0xaa,0xdf,0x3a,0x03,0xb5,  // 0450
0x19,0x1a,0x00,0x14,0x7f,0x25,0x00,0x71,0xe8,0x0b,0x00,0x54,0xef,0x03,0x1f,0xaa,  // 0460
0xec,0x03,0x1f,0xaa,0x4b,0x01,0x80,0x52,0xe0,0x03,0x0a,0x2a,0xef,0x7d,0x0b,0x9b,  // 0470
0x50,0x02,0x0c,0x8b,0x8c,0x05,0x00,0x91,0xef,0x41,0x20,0x8b,0x00,0x06,0x40,0x39,  // 0480
0x10,0xc0,0x00,0x51,0xef,0xc1,0x00,0xd1,0x1f,0x2a,0x00,0x71,0x03,0xff,0xff,0x54,  // 0490
0x8b,0x05,0x00,0xd1,0x7f,0x4d,0x00,0xf1,0x4b,0x02,0x0c,0x8b,0x62,0x47,0x01,0x54,  // 04a0
0xf0,0x03,0x1f,0x2a,0xf1,0x03,0x1f,0x2a,0x1f,0xb8,0x00,0x71,0x41,0x44,0x00,0x54,  // 04b0
0x60,0x1d,0x40,0x38,0x01,0xc0,0x00,0x51,0x3f,0x28,0x00,0x71,0x82,0x40,0x01,0x54,  // 04c0
0x21,0x02,0x80,0x52,0x23,0x00,0x0c,0xcb,0x7f,0x04,0x00,0xf1,0x0b,0x43,0x00,0x54,  // 04d0
0x40,0x02,0x80,0x52,0xe2,0x03,0x1f,0xaa,0x21,0x00,0x0c,0x4b,0x63,0x01,0x03,0x8b,  // 04e0
0x0c,0x00,0x0c,0xcb,0x44,0x01,0x80,0x52,0x60,0x01,0x40,0x39,0x05,0xc0,0x00,0x51,  // 04f0
0xbf,0x24,0x00,0x71,0x88,0x4d,0x00,0x54,0xef,0x01,0x04,0x9b,0x42,0x04,0x00,0xd1,  // 0500
0x6b,0x05,0x00,0x91,0x80,0x01,0x02,0x8b,0x1f,0x04,0x00,0xf1,0xef,0xc1,0x00,0xd1,  // 0510
0xcc,0xfe,0xff,0x54,0x60,0x00,0x40,0x39,0xeb,0x03,0x03,0xaa,0x63,0x02,0x00,0x14,  // 0520
0xdf,0x89,0x00,0x71,0xc0,0x17,0x00,0x54,0xdf,0xb5,0x00,0x71,0x41,0x88,0x00,0x54,  // 0530
0x2e,0x00,0x80,0x52,0x0f,0xc1,0x41,0x39,0xcc,0x01,0x00,0x52,0x72,0x01,0x0c,0xcb,  // 0540
0xef,0xe6,0x0f,0x36,0x91,0x01,0x40,0x93,0x4a,0x01,0x12,0xcb,0x50,0x01,0x11,0xeb,  // 0550
0xe0,0x03,0x00,0x54,0x4a,0x02,0x40,0x39,0x5f,0xc1,0x00,0x71,0xe1,0x1a,0x00,0x54,  // 0560
0x1f,0x06,0x00,0xf1,0x01,0x19,0x00,0x54,0xe3,0x03,0x1f,0x2a,0x21,0x00,0x80,0x52,  // 0570
0x2a,0x00,0x80,0x52,0x2b,0x03,0x00,0x14,0xdf,0x6d,0x01,0x71,0x60,0x07,0x00,0x54,  // 0580
0xdf,0x99,0x01,0x71,0x81,0x85,0x00,0x54,0xea,0x03,0x0b,0xaa,0x4c,0x15,0x40,0x38,  // 0590
0x9f,0x85,0x01,0x71,0xc1,0x48,0x01,0x54,0x6a,0x05,0x40,0x39,0x5f,0xb1,0x01,0x71,  // 05a0
0x61,0x49,0x01,0x54,0x6a,0x09,0x40,0x39,0xa3,0x01,0x80,0x52,0x5f,0xcd,0x01,0x71,  // 05b0
0x61,0x49,0x01,0x54,0x6a,0x0d,0x40,0x39,0x6b,0x11,0x00,0x91,0x4c,0x00,0x80,0x52,  // 05c0
0x5f,0x95,0x01,0x71,0xe3,0x03,0x83,0x1a,0x22,0x00,0x00,0x14,0x01,0x00,0x80,0x92,  // 05d0
0x11,0x03,0x00,0x14,0x63,0x00,0x80,0x52,0xeb,0x03,0x12,0xaa,0x16,0x04,0x00,0x14,  // 05e0
0xea,0x03,0x0b,0xaa,0x4c,0x15,0x40,0x38,0x9f,0xd5,0x01,0x71,0x41,0x45,0x01,0x54,  // 05f0
0x6a,0x05,0x40,0x39,0xa3,0x01,0x80,0x52,0x5f,0xb1,0x01,0x71,0x01,0x46,0x01,0x54,  // 0600
0x6a,0x09,0x40,0x39,0x6b,0x0d,0x00,0x91,0x5f,0xb1,0x01,0x71,0xe3,0x03,0x83,0x1a,  // 0610
0x0a,0x51,0x40,0xf9,0xac,0x7d,0x60,0xd3,0x10,0x00,0x00,0x14,0xea,0x03,0x0b,0xaa,  // 0620
0x4c,0x15,0x40,0x38,0x9f,0xc9,0x01,0x71,0xc1,0x43,0x01,0x54,0x6a,0x05,0x40,0x39,  // 0630
0xa3,0x01,0x80,0x52,0x5f,0xd5,0x01,0x71,0x61,0x44,0x01,0x54,0x6a,0x09,0x40,0x39,  // 0640
0x6b,0x0d,0x00,0x91,0x5f,0x95,0x01,0x71,0xe3,0x03,0x83,0x1a,0x4c,0x01,0x80,0x52,  // 0650
0x0a,0x51,0x40,0xf9,0x8c,0x81,0x0d,0xaa,0xed,0x03,0x0a,0xaa,0xac,0x05,0x01,0xf8,  // 0660
0x0d,0x51,0x00,0xf9,0xfb,0x02,0x00,0x14,0xee,0x00,0x80,0x52,0x0f,0x51,0x40,0xf9,  // 0670
0xe2,0x03,0x08,0xaa,0xcd,0x81,0x0d,0xaa,0x0e,0x00,0x80,0x92,0xed,0x39,0x00,0xa9,  // 0680
0x4f,0xc4,0xcb,0xa9,0x0e,0x51,0x40,0xf9,0x41,0x80,0x5f,0xf8,0xcd,0x01,0x0f,0xcb,  // 0690
0xd2,0x41,0x00,0x91,0xb0,0xfd,0x44,0x93,0xbf,0x41,0x00,0xb1,0xcd,0x81,0x00,0x91,  // 06a0
0xa2,0x11,0x51,0xfa,0x31,0x04,0x00,0x91,0x12,0x51,0x00,0xf9,0xcd,0x91,0x9f,0x9a,  // 06b0
0x50,0x44,0x3f,0xa9,0x4d,0x74,0x03,0xb4,0xf2,0x03,0x0b,0xaa,0x51,0x16,0x40,0x38,  // 06c0
0x3f,0x82,0x00,0x71,0xa8,0x07,0x00,0x54,0x21,0x00,0x80,0x52,0x03,0xc0,0x84,0xd2,  // 06d0
0x21,0x20,0xd1,0x9a,0x23,0x00,0xc0,0xf2,0x3f,0x00,0x03,0xea,0xe0,0x06,0x00,0x54,  // 06e0
0x71,0x05,0x40,0x39,0x12,0x04,0x00,0x91,0x3f,0x82,0x00,0x71,0x28,0x6f,0x00,0x54,  // 06f0
0x2b,0x00,0x80,0x52,0x00,0xc0,0x84,0xd2,0x6b,0x21,0xd1,0x9a,0x20,0x00,0xc0,0xf2,  // 0700
0x7f,0x01,0x00,0xea,0x60,0x6e,0x00,0x54,0x0b,0x49,0x40,0xf9,0x51,0x02,0x0b,0xcb,  // 0710
0x3f,0xfe,0x00,0xf1,0xe8,0x00,0x00,0x54,0x12,0x00,0x80,0x92,0x00,0x4d,0x40,0xf9,  // 0720
0x51,0x22,0xd1,0x9a,0x11,0x00,0x11,0xea,0x01,0x04,0x00,0x54,0x72,0x01,0x01,0x91,  // 0730
0xe0,0xe3,0x18,0x25,0x1f,0x20,0x03,0xd5,0x6b,0xd0,0x06,0x10,0x01,0xc0,0x38,0x25,  // 0740
0x60,0xa1,0x00,0xa4,0x0b,0x04,0x80,0x52,0x42,0xa2,0x00,0xa4,0x43,0x42,0x0b,0xa4,  // 0750
0x31,0x21,0x00,0xd1,0xb3,0x57,0x69,0x04,0x52,0x02,0x01,0x91,0x44,0xc0,0x21,0x05,  // 0760
0x65,0xc0,0x21,0x05,0x84,0x06,0x80,0x05,0x85,0x06,0x80,0x05,0x04,0x30,0x24,0x05,  // 0770
0x05,0x30,0x25,0x05,0x41,0xa0,0x04,0x24,0x62,0xa0,0x05,0x24,0x21,0x1a,0xbf,0xe5,  // 0780
0x22,0x16,0xbf,0xe5,0xd1,0x57,0x69,0x04,0x31,0x82,0x5f,0xb8,0x60,0x82,0x5f,0xb8,  // 0790
0x31,0x82,0x00,0xaa,0x3f,0x06,0x00,0xb1,0x80,0xfd,0xff,0x54,0xf1,0x03,0x31,0xaa,  // 07a0
0x4b,0x02,0x01,0xd1,0x0b,0x45,0x09,0xa9,0x31,0x02,0xc0,0xda,0x31,0x12,0xc0,0xda,  // 07b0
0x72,0x01,0x11,0x8b,0x51,0x16,0x40,0x38,0x3f,0x76,0x01,0x71,0xe1,0x68,0x00,0x54,  // 07c0
0x0b,0xd1,0x40,0xb9,0xed,0x11,0x10,0x8b,0x6b,0x05,0x00,0x11,0x0b,0xd1,0x00,0xb9,  // 07d0
0xab,0x05,0x40,0xf9,0x0b,0x55,0x00,0xf9,0x4b,0x00,0x00,0xb0,0x60,0x89,0x45,0xfd,  // 07e0
0xcb,0x01,0x40,0xf9,0x6b,0x9d,0x60,0x92,0xc0,0x05,0x00,0xfd,0xcb,0x01,0x00,0xf9,  // 07f0
0x0b,0x59,0x40,0xf9,0x0d,0xe5,0x40,0xb9,0x7f,0x01,0x0d,0xeb,0x69,0x53,0x00,0x54,  // 0800
0x7f,0x05,0x40,0xf1,0x0b,0xe5,0x00,0xb9,0x09,0x53,0x00,0x54,0xfa,0x03,0x1f,0xaa,  // 0810
0xfb,0x03,0x1f,0xaa,0xfe,0x03,0x1f,0x2a,0x20,0x03,0x00,0x14,0xe0,0xe3,0x18,0x25,  // 0820
0x0c,0x39,0x40,0xf9,0x2c,0x2e,0x28,0x37,0x62,0xa1,0x00,0xa4,0x80,0xcb,0x38,0x25,  // 0830
0x41,0xc4,0x38,0x25,0x2e,0x21,0x00,0xd1,0x2f,0x21,0x00,0xd1,0x41,0xa0,0x00,0x24,  // 0840
0x42,0xa0,0x01,0x24,0x02,0xd0,0x38,0x25,0xe3,0x1f,0x11,0x05,0xe4,0x1f,0x12,0x05,  // 0850
0x61,0x00,0x02,0x24,0x82,0x00,0x02,0x24,0xc1,0x19,0xbf,0xe5,0xce,0x57,0x69,0x04,  // 0860
0xce,0x81,0x5f,0xb8,0xe2,0x19,0xbf,0xe5,0xcf,0x57,0x69,0x04,0xf0,0x81,0x5f,0xb8,  // 0870
0xcf,0x05,0x00,0x51,0x1f,0x02,0x0f,0x6a,0xc0,0x58,0x00,0x54,0xef,0x03,0x0b,0xaa,  // 0880
0xdd,0x02,0x00,0x14,0x4a,0x06,0x40,0x39,0xe3,0x03,0x1f,0x2a,0x21,0x00,0x80,0x52,  // 0890
0x4a,0xb9,0x00,0x51,0x5f,0xdd,0x00,0x71,0x88,0x61,0x00,0x54,0x2c,0x00,0x80,0x52,  // 08a0
0x8a,0x21,0xca,0x9a,0xec,0x03,0x09,0xb2,0x2c,0x00,0x80,0xf2,0x5f,0x01,0x0c,0xea,  // 08b0
0x2a,0x00,0x80,0x52,0x60,0x4b,0x00,0x54,0x1f,0x82,0x00,0xf1,0x23,0x25,0x01,0x54,  // 08c0
0xe0,0xe3,0x18,0x25,0xe0,0xc5,0x38,0x25,0x21,0xc7,0x38,0x25,0xc2,0xc5,0x38,0x25,  // 08d0
0xe0,0x03,0x1f,0xaa,0x0f,0x00,0x80,0x92,0xa3,0xcc,0x38,0x25,0xa4,0xc8,0x38,0x25,  // 08e0
0x01,0x00,0x80,0x12,0x65,0xc5,0x38,0x25,0xa6,0xc5,0x38,0x25,0x0a,0x00,0x80,0x92,  // 08f0
0x0c,0x00,0x80,0x92,0x47,0x42,0x00,0xa4,0x33,0x21,0x00,0xd1,0x94,0x57,0x69,0x04,  // 0900
0xf1,0x80,0x00,0x24,0xf2,0x80,0x01,0x24,0xe3,0xa0,0x02,0x24,0x61,0x1a,0xbf,0xe5,  // 0910
0xe1,0xa0,0x03,0x24,0x62,0x16,0xbf,0xe5,0xe2,0xa0,0x04,0x24,0x63,0x12,0xbf,0xe5,  // 0920
0xe3,0xa0,0x05,0x24,0x61,0x0e,0xbf,0xe5,0xe1,0xa0,0x06,0x24,0x85,0x82,0x5f,0xb8,  // 0930
0x62,0x0a,0xbf,0xe5,0x63,0x06,0xbf,0xe5,0x61,0x02,0xbf,0xe5,0xb3,0x57,0x69,0x04,  // 0940
0x62,0x82,0x5f,0xb8,0xd3,0x57,0x69,0x04,0x63,0x82,0x5f,0xb8,0x73,0x57,0x69,0x04,  // 0950
0x64,0x82,0x5f,0xb8,0x53,0x57,0x69,0x04,0x66,0x82,0x5f,0xb8,0x33,0x57,0x69,0x04,  // 0960
0x62,0x00,0x22,0x0a,0x67,0x82,0x5f,0xb8,0xf3,0x57,0x29,0x04,0x73,0x82,0x5f,0xb8,  // 0970
0xc4,0x00,0x04,0x2a,0x82,0x00,0x02,0x2a,0x63,0x02,0x07,0x2a,0x66,0x00,0x05,0x2a,  // 0980
0x42,0x00,0x06,0x2a,0xe2,0x03,0x22,0xaa,0x42,0x00,0xc0,0xda,0x42,0x10,0xc0,0xda,  // 0990
0x5f,0x80,0x00,0x71,0xa0,0x00,0x00,0x54,0x26,0x20,0xc2,0x1a,0xa5,0x00,0x26,0x0a,  // 09a0
0x84,0x00,0x26,0x0a,0x63,0x00,0x26,0x0a,0xa6,0x04,0x00,0x51,0xc6,0x00,0x05,0x6a,  // 09b0
0xe1,0x7d,0x00,0x54,0x86,0x04,0x00,0x51,0xc6,0x00,0x04,0x6a,0x81,0x7d,0x00,0x54,  // 09c0
0x66,0x04,0x00,0x51,0xc6,0x00,0x03,0x6a,0x21,0x7d,0x00,0x54,0xc5,0x00,0x00,0x34,  // 09d0
0x9f,0x05,0x00,0xb1,0xe1,0x7c,0x00,0x54,0xac,0x00,0xc0,0x5a,0x8c,0x11,0xc0,0x5a,  // 09e0
0x0c,0x00,0x0c,0x8b,0xc4,0x00,0x00,0x34,0x5f,0x05,0x00,0xb1,0x41,0xb8,0x00,0x54,  // 09f0
0x8a,0x00,0xc0,0x5a,0x4a,0x11,0xc0,0x5a,0x0a,0x00,0x0a,0x8b,0xc3,0x00,0x00,0x34,  // 0a00
0xff,0x05,0x00,0xb1,0xc1,0xb7,0x00,0x54,0x6f,0x00,0xc0,0x5a,0xef,0x11,0xc0,0x5a,  // 0a10
0x0f,0x00,0x0f,0x8b,0x5f,0x80,0x00,0x71,0x61,0x11,0x00,0x54,0x10,0x82,0x00,0xd1,  // 0a20
0x00,0x80,0x00,0x91,0x1f,0x7e,0x00,0xf1,0x68,0xf6,0xff,0x54,0x40,0x02,0x00,0x8b,  // 0a30
0x1f,0x42,0x00,0xf1,0x83,0x0b,0x00,0x54,0xc0,0xe5,0x01,0x4f,0x61,0xe5,0x01,0x4f,  // 0a40
0x42,0x00,0x00,0xb0,0xa2,0xe5,0x01,0x4f,0x03,0xe6,0x06,0x4f,0x43,0x00,0x00,0xb0,  // 0a50
0x44,0xe5,0x00,0x4f,0xe5,0xe7,0x06,0x4f,0x47,0xb8,0xc2,0x3d,0xa6,0xe4,0x02,0x4f,  // 0a60
0x70,0xbc,0xc2,0x3d,0xe1,0x03,0x1f,0xaa,0x02,0x00,0x12,0xcb,0x03,0x00,0x80,0x12,  // 0a70
0x11,0x68,0xe1,0x3c,0x32,0x86,0x23,0x4e,0x33,0x8e,0x21,0x6e,0x34,0x8e,0x22,0x6e,  // 0a80
0x35,0x1e,0x25,0x4e,0x31,0x8e,0x20,0x6e,0x73,0x1e,0xb4,0x4e,0x92,0x34,0x32,0x6e,  // 0a90
0xb5,0x8e,0x26,0x6e,0x52,0x1e,0xb1,0x4e,0xb4,0x1e,0xb3,0x4e,0x31,0x1e,0x27,0x4e,  // 0aa0
0x73,0x1e,0x27,0x4e,0x52,0x1e,0xb4,0x4e,0xb4,0x1e,0x27,0x4e,0x31,0x02,0x10,0x4e,  // 0ab0
0x73,0x02,0x10,0x4e,0x52,0x1e,0x27,0x4e,0x31,0xba,0x71,0x4e,0x73,0xba,0x71,0x4e,  // 0ac0
0x52,0x02,0x10,0x4e,0x26,0x02,0x26,0x1e,0x74,0x02,0x26,0x1e,0x52,0xba,0x71,0x4e,  // 0ad0
0x44,0x02,0x26,0x1e,0x92,0x02,0x10,0x4e,0xe4,0x03,0x24,0x2a,0x84,0x3c,0x10,0x32,  // 0ae0
0x52,0xba,0x71,0x4e,0x84,0x00,0xc0,0x5a,0x84,0x10,0xc0,0x5a,0x65,0x20,0xc4,0x1a,  // 0af0
0x53,0x02,0x26,0x1e,0x9f,0x40,0x00,0x71,0xc7,0x00,0x25,0x0a,0xc7,0x00,0x87,0x1a,  // 0b00
0x66,0x02,0x25,0x0a,0x85,0x02,0x25,0x0a,0xf5,0x04,0x00,0x51,0x66,0x02,0x86,0x1a,  // 0b10
0x85,0x02,0x85,0x1a,0xb3,0x02,0x07,0x6a,0x61,0xa4,0x00,0x54,0xd3,0x04,0x00,0x51,  // 0b20
0x73,0x02,0x06,0x6a,0x01,0xa4,0x00,0x54,0xb3,0x04,0x00,0x51,0x73,0x02,0x05,0x6a,  // 0b30
0xa1,0xa3,0x00,0x54,0xe7,0x00,0x00,0x34,0xe7,0x00,0xc0,0x5a,0x9f,0x05,0x00,0xb1,  // 0b40
0xec,0x10,0xc0,0x5a,0x61,0xd1,0x00,0x54,0x47,0x00,0x01,0x8b,0xec,0x00,0x0c,0x8b,  // 0b50
0xe6,0x00,0x00,0x34,0xc6,0x00,0xc0,0x5a,0x5f,0x05,0x00,0xb1,0xca,0x10,0xc0,0x5a,  // 0b60
0x41,0xd1,0x00,0x54,0x46,0x00,0x01,0x8b,0xca,0x00,0x0a,0x8b,0xe5,0x00,0x00,0x34,  // 0b70
0xa5,0x00,0xc0,0x5a,0xff,0x05,0x00,0xb1,0xaf,0x10,0xc0,0x5a,0x21,0xd1,0x00,0x54,  // 0b80
0x45,0x00,0x01,0x8b,0xaf,0x00,0x0f,0x8b,0x9f,0x40,0x00,0x71,0xc1,0x0f,0x00,0x54,  // 0b90
0x10,0x42,0x00,0xd1,0x21,0x40,0x00,0x91,0x1f,0x3e,0x00,0xf1,0xa8,0xf6,0xff,0x54,  // 0ba0
0x00,0x00,0x01,0x8b,0x50,0x0f,0x00,0xb4,0x6b,0x01,0x11,0x8b,0xf1,0x03,0x20,0xaa,  // 0bb0
0x02,0x00,0x10,0x8b,0x21,0x02,0x0b,0x8b,0x0b,0x00,0x12,0xcb,0xf1,0x03,0x00,0xaa,  // 0bc0
0x09,0x00,0x00,0x14,0x5f,0x05,0x00,0xb1,0xea,0x03,0x0b,0xaa,0x61,0x10,0x00,0x54,  // 0bd0
0x10,0x06,0x00,0xd1,0x21,0x04,0x00,0xd1,0x6b,0x05,0x00,0x91,0xe0,0x03,0x11,0xaa,  // 0be0
0x50,0x49,0x00,0xb4,0x23,0x16,0x40,0x38,0x64,0xc0,0x00,0x51,0x9f,0x28,0x00,0x71,  // 0bf0
0x03,0xff,0xff,0x54,0x7f,0xb4,0x00,0x71,0x6d,0x01,0x00,0x54,0x7f,0x94,0x01,0x71,  // 0c00
0x20,0xfe,0xff,0x54,0x7f,0x14,0x01,0x71,0xe0,0xfd,0xff,0x54,0x7f,0xb8,0x00,0x71,  // 0c10
0xe1,0x0b,0x00,0x54,0x9f,0x05,0x00,0xb1,0xec,0x03,0x0b,0xaa,0xa0,0xfd,0xff,0x54,  // 0c20
0x6e,0x00,0x00,0x14,0x7f,0xac,0x00,0x71,0x60,0x00,0x00,0x54,0x7f,0xb4,0x00,0x71,  // 0c30
0xe1,0x0a,0x00,0x54,0xff,0x05,0x00,0xb1,0xef,0x03,0x0b,0xaa,0xa0,0xfc,0xff,0x54,  // 0c40
0x66,0x00,0x00,0x14,0x4b,0x00,0x00,0x8b,0x40,0x02,0x0b,0x8b,0x01,0x00,0x80,0x92,  // 0c50
0x2c,0x0a,0x00,0xb5,0x70,0x01,0x00,0x14,0x6b,0x09,0x00,0x91,0x2c,0x00,0x80,0x52,  // 0c60
0x03,0x00,0x00,0x14,0x2c,0x00,0x80,0x52,0xeb,0x03,0x00,0xaa,0x62,0x01,0x40,0x39,  // 0c70
0x40,0xc0,0x00,0x51,0x1f,0x24,0x00,0x71,0xa8,0x02,0x01,0x54,0xe0,0x03,0x1f,0x2a,  // 0c80
0xe1,0x03,0x1f,0xaa,0x43,0x01,0x80,0x52,0x64,0x01,0x01,0x8b,0x00,0x08,0x03,0x1b,  // 0c90
0x21,0x04,0x00,0x91,0x82,0x04,0x40,0x39,0x44,0xc0,0x00,0x51,0x00,0xc0,0x00,0x51,  // 0ca0
0x9f,0x28,0x00,0x71,0x23,0xff,0xff,0x54,0x22,0x04,0x00,0xd1,0x6b,0x01,0x01,0x8b,  // 0cb0
0x5f,0x24,0x00,0xf1,0x42,0x06,0x01,0x54,0x11,0x44,0x0c,0x1b,0x88,0x00,0x00,0x14,  // 0cc0
0xeb,0x03,0x12,0xaa,0x60,0x2d,0x40,0x38,0x0c,0xc0,0x00,0x51,0x9f,0x25,0x00,0x71,  // 0cd0
0xe8,0xff,0x00,0x54,0xe1,0x03,0x1f,0xaa,0x1f,0xc0,0x00,0x71,0xc1,0x00,0x00,0x54,  // 0ce0
0x4b,0x02,0x01,0x8b,0x21,0x04,0x00,0x91,0x60,0x0d,0x40,0x39,0x1f,0xc0,0x00,0x71,  // 0cf0
0x80,0xff,0xff,0x54,0x1f,0x14,0x01,0x71,0xa0,0x0c,0x00,0x54,0x1f,0x94,0x01,0x71,  // 0d00
0x60,0x0c,0x00,0x54,0x4b,0x02,0x01,0x8b,0xec,0x03,0x1f,0xaa,0xf0,0x03,0x1f,0x2a,  // 0d10
0xef,0x03,0x1f,0xaa,0x6b,0x09,0x00,0x91,0xf1,0x03,0x01,0x4b,0x21,0x02,0x80,0x52,  // 0d20
0x23,0x00,0x1f,0xcb,0x7f,0x04,0x00,0xf1,0x4a,0xbd,0xff,0x54,0xe1,0x03,0x1f,0x2a,  // 0d30
0x5e,0x00,0x00,0x14,0x1f,0x14,0x01,0x71,0xe0,0xa8,0xff,0x54,0x1f,0x94,0x01,0x71,  // 0d40
0xa0,0xa8,0xff,0x54,0x91,0x15,0x01,0x35,0xce,0x39,0x00,0x34,0xea,0x07,0x41,0xb2,  // 0d50
0xff,0x01,0x0a,0xeb,0x23,0x3e,0x00,0x54,0xe0,0x01,0x63,0x9e,0x00,0x40,0x61,0x1e,  // 0d60
0x23,0x02,0x00,0x14,0xec,0x03,0x1f,0xaa,0xea,0x03,0x1f,0xaa,0xce,0x38,0x00,0x36,  // 0d70
0x6c,0x01,0x80,0x52,0x0e,0x51,0x40,0xf9,0x8c,0x81,0x0d,0xaa,0xcc,0x29,0x00,0xa9,  // 0d80
0x20,0x02,0x00,0x14,0x0b,0x40,0x24,0x8b,0x60,0x01,0x01,0x8b,0x01,0x00,0x80,0x92,  // 0d90
0x2c,0x24,0x00,0xb4,0x0f,0x24,0x00,0xb4,0xea,0x23,0x00,0xb4,0x0b,0x00,0x12,0xcb,  // 0da0
0x70,0x05,0x00,0xd1,0x9f,0x01,0x10,0xeb,0x60,0x01,0x00,0x54,0xff,0x01,0x10,0xeb,  // 0db0
0x20,0x01,0x00,0x54,0x5f,0x01,0x10,0xeb,0xe0,0x00,0x00,0x54,0xf0,0x05,0x00,0xf1,  // 0dc0
0x0b,0x22,0x00,0x54,0x5f,0x01,0x10,0xeb,0xc0,0x21,0x00,0x54,0xe1,0x03,0x2f,0xaa,  // 0dd0
0x11,0x01,0x00,0x14,0xe1,0x03,0x0b,0xcb,0xe1,0x21,0xf8,0xb7,0xe3,0x03,0x1f,0x2a,  // 0de0
0xea,0x03,0x01,0xaa,0x0f,0x01,0x00,0x14,0x80,0xcb,0x38,0x25,0x01,0xd0,0x38,0x25,  // 0df0
0xef,0x03,0x0b,0xaa,0x42,0xc4,0x38,0x25,0x03,0xc0,0x38,0x25,0xe4,0xc3,0x38,0x25,  // 0e00
0xe5,0xa1,0x00,0xa4,0x2e,0x21,0x00,0xd1,0x30,0x21,0x00,0xd1,0x31,0x21,0x00,0xd1,  // 0e10
0xa6,0xc0,0x23,0x05,0xa1,0xa0,0x00,0x24,0xa2,0xa0,0x02,0x24,0xe6,0xc3,0x29,0x25,  // 0e20
0xe5,0x1f,0x11,0x05,0xc3,0xa0,0x04,0x24,0xe6,0x1f,0x12,0x05,0xa1,0x00,0x01,0x24,  // 0e30
0xe7,0x1f,0x13,0x05,0xc2,0x00,0x01,0x24,0xc1,0x19,0xbf,0xe5,0xce,0x57,0x69,0x04,  // 0e40
0xce,0x81,0x5f,0xb8,0xe3,0x00,0x01,0x24,0x02,0x1a,0xbf,0xe5,0xd0,0x57,0x69,0x04,  // 0e50
0x10,0x82,0x5f,0xb8,0x23,0x1a,0xbf,0xe5,0xd1,0x57,0x69,0x04,0x31,0x82,0x5f,0xb8,  // 0e60
0x32,0x02,0x0e,0x2a,0x52,0x06,0x00,0x51,0x5f,0x02,0x10,0x6a,0x41,0x2c,0x00,0x54,  // 0e70
0x10,0x06,0x00,0x51,0x1f,0x02,0x0e,0x6a,0x21,0xc7,0x00,0x54,0x3f,0x02,0x10,0x6a,  // 0e80
0xc1,0xb9,0x00,0x54,0xef,0x81,0x00,0x91,0xde,0xff,0xff,0x17,0x4b,0x02,0x01,0x8b,  // 0e90
0xf0,0x03,0x1f,0x2a,0xf1,0x03,0x1f,0x2a,0xef,0x03,0x1f,0xaa,0x6b,0x09,0x00,0x91,  // 0ea0
0xed,0xfc,0xff,0x17,0xe1,0x03,0x02,0x4b,0x0c,0xc0,0x00,0x51,0x31,0x02,0x01,0x4b,  // 0eb0
0x9f,0x25,0x00,0x71,0xc8,0x00,0x00,0x54,0x60,0x1d,0x40,0x38,0x0c,0xc0,0x00,0x51,  // 0ec0
0x9f,0x29,0x00,0x71,0xa3,0xff,0xff,0x54,0x30,0x00,0x80,0x52,0xec,0x1b,0x80,0x52,  // 0ed0
0x0c,0x00,0x0c,0x0a,0x9f,0x15,0x01,0x71,0xe0,0x9b,0xff,0x54,0xe0,0xfd,0x74,0xd3,  // 0ee0
0xdf,0x01,0x00,0x71,0x0c,0x00,0x80,0x12,0x8c,0x15,0x8c,0x5a,0x00,0x05,0x00,0xb5,  // 0ef0
0xe0,0x01,0x63,0x9e,0x80,0x7d,0x1f,0x53,0x01,0x00,0x66,0x9e,0x20,0xfc,0x00,0xaa,  // 0f00
0x00,0x00,0x67,0x9e,0x71,0x36,0x00,0x34,0x4f,0x36,0x00,0xb4,0x20,0x06,0x00,0x51,  // 0f10
0x1f,0x90,0x00,0x71,0xc8,0x02,0x00,0x54,0x3f,0x5e,0x00,0x71,0xe0,0x03,0x11,0x2a,  // 0f20
0xe3,0x00,0x00,0x54,0x20,0x5a,0x00,0x51,0x41,0x00,0x00,0xb0,0x21,0x80,0x2c,0x91,  // 0f30
0x21,0x58,0x60,0xfc,0xc0,0x02,0x80,0x52,0x20,0x08,0x60,0x1e,0x41,0x00,0x00,0xb0,  // 0f40
0x21,0x80,0x45,0xfd,0x00,0x20,0x61,0x1e,0x8c,0x02,0x00,0x54,0x41,0x00,0x00,0xb0,  // 0f50
0x21,0x84,0x45,0xfd,0x00,0x20,0x61,0x1e,0x04,0x02,0x00,0x54,0x4a,0x00,0x00,0xb0,  // 0f60
0x4a,0x81,0x2c,0x91,0x41,0x59,0x60,0xfc,0x99,0x01,0x00,0x14,0x3f,0x5a,0x00,0x31,  // 0f70
0xe3,0x00,0x00,0x54,0xea,0x03,0x11,0x4b,0x4c,0x00,0x00,0xb0,0x8c,0x81,0x2c,0x91,  // 0f80
0x81,0x59,0x6a,0xfc,0x00,0x18,0x61,0x1e,0x92,0x01,0x00,0x14,0x20,0x72,0x05,0x51,  // 0f90
0x1f,0xe0,0x0a,0x31,0xa3,0x06,0x00,0x54,0x20,0x72,0x05,0x11,0x41,0x00,0x00,0xb0,  // 0fa0
0x21,0x60,0x2f,0x91,0x20,0x50,0x20,0x8b,0xe2,0x11,0xc0,0xda,0xe6,0x21,0xc2,0x9a,  // 0fb0
0x01,0x04,0x40,0xf9,0xe7,0x03,0x26,0xaa,0x23,0x7c,0x06,0x9b,0x24,0x7c,0xc6,0x9b,  // 0fc0
0x7f,0x00,0x07,0xeb,0x85,0x20,0x40,0x92,0xe9,0x01,0x00,0x54,0xbf,0xfc,0x07,0xf1,  // 0fd0
0xa1,0x01,0x00,0x54,0x05,0x00,0x40,0xf9,0xb3,0x7c,0xc6,0x9b,0xa5,0x7c,0x06,0x9b,  // 0fe0
0x63,0x02,0x03,0xab,0x84,0x34,0x84,0x9a,0xbf,0x00,0x07,0xeb,0x85,0x20,0x40,0x92,  // 0ff0
0xa9,0x00,0x00,0x54,0x7f,0x04,0x00,0xb1,0x61,0x00,0x00,0x54,0xbf,0xfc,0x07,0xf1,  // 1000
0x40,0x03,0x00,0x54,0x86,0xfc,0x7f,0xd3,0x63,0x00,0x05,0xaa,0xc7,0x24,0x00,0x91,  // 1010
0x84,0x24,0xc7,0x9a,0x83,0x00,0x00,0xb5,0x83,0x04,0x40,0x92,0x7f,0x04,0x00,0xf1,  // 1020
0x40,0x02,0x00,0x54,0x43,0x4d,0x8a,0x52,0xe2,0x03,0x22,0xaa,0x63,0x00,0xa0,0x72,  // 1030
0x31,0x7e,0x03,0x1b,0x83,0x00,0x40,0x92,0x63,0x00,0x04,0x8b,0x64,0xfc,0x76,0xd3,  // 1040
0x31,0x7e,0x10,0x13,0x9f,0x00,0x00,0xf1,0x31,0xfe,0x10,0x11,0x31,0x7e,0x40,0x93,  // 1050
0x42,0x00,0x11,0x8b,0x42,0x00,0x06,0x8b,0x42,0x04,0x82,0x9a,0x45,0xfc,0x1f,0xd1,  // 1060
0xbf,0xf8,0x1f,0xb1,0x62,0x11,0x00,0x54,0x11,0x29,0x40,0xf9,0x0e,0x21,0x40,0xf9,  // 1070
0x60,0x01,0x12,0xcb,0x91,0x05,0x00,0xb4,0xea,0xe3,0x60,0x04,0x3f,0x02,0x0a,0xeb,  // 1080
0x62,0x00,0x00,0x54,0xef,0x03,0x1f,0xaa,0x21,0x00,0x00,0x14,0x50,0x50,0xbf,0x04,  // 1090
0x3f,0x02,0x10,0xeb,0xc2,0x01,0x00,0x54,0xef,0x03,0x1f,0xaa,0xe0,0xe3,0x58,0x25,  // 10a0
0x00,0xc0,0x78,0x25,0xe1,0x03,0x0a,0xcb,0xf0,0x03,0x0f,0xaa,0x2f,0x02,0x01,0x8a,  // 10b0
0xc0,0x41,0x30,0xe4,0x10,0x02,0x0a,0x8b,0xff,0x01,0x10,0xeb,0xa1,0xff,0xff,0x54,  // 10c0
0x3f,0x02,0x0f,0xeb,0x41,0x02,0x00,0x54,0x16,0x00,0x00,0x14,0xe0,0xe3,0x18,0x25,  // 10d0
0x00,0xc0,0x38,0x25,0xcf,0x57,0xbf,0x04,0x22,0x50,0xbf,0x04,0xe1,0x03,0x1f,0xaa,  // 10e0
0x2f,0x02,0x0f,0x8a,0xc2,0x01,0x02,0x8b,0xc0,0x41,0x01,0xe4,0x40,0x40,0x01,0xe4,  // 10f0
0x21,0x00,0x10,0x8b,0xff,0x01,0x01,0xeb,0x81,0xff,0xff,0x54,0x30,0x02,0x0f,0xeb,  // 1100
0x00,0x01,0x00,0x54,0x1f,0x02,0x0a,0xeb,0xa2,0xfc,0xff,0x54,0xca,0x01,0x0f,0x8b,  // 1110
0x2f,0x02,0x0f,0xcb,0xef,0x05,0x00,0xf1,0x5f,0x15,0x00,0x38,0xc1,0xff,0xff,0x54,  // 1120
0x4a,0x02,0x40,0x39,0x5f,0xb5,0x00,0x71,0xe1,0x17,0x9f,0x1a,0x1f,0x00,0x01,0xeb,  // 1130
0xed,0x23,0x00,0x54,0xf0,0x03,0x1f,0x2a,0xef,0x03,0x1f,0x2a,0xe2,0x03,0x1f,0x2a,  // 1140
0xe6,0x03,0x1f,0x2a,0x06,0x00,0x00,0x14,0xc3,0x69,0x24,0x38,0xc6,0x04,0x00,0x11,  // 1150
0x21,0x04,0x00,0x91,0x1f,0x00,0x01,0xeb,0x2d,0x03,0x00,0x54,0x43,0x6a,0x61,0x38,  // 1160
0x64,0xc0,0x00,0x51,0x9f,0x24,0x00,0x71,0x08,0x01,0x00,0x54,0x7f,0xc0,0x00,0x71,  // 1170
0x61,0x01,0x00,0x54,0x06,0x02,0x00,0x34,0xc4,0x7c,0x40,0x93,0x3f,0x02,0x04,0xeb,  // 1180
0x48,0xfe,0xff,0x54,0xf3,0xff,0xff,0x17,0x7f,0xb8,0x00,0x71,0xe1,0x01,0x00,0x54,  // 1190
0x30,0x00,0x80,0x52,0xe2,0x03,0x06,0x2a,0xee,0xff,0xff,0x17,0xe4,0x03,0x06,0x2a,  // 11a0
0x84,0x7c,0x40,0x93,0x3f,0x02,0x04,0xeb,0x08,0xfd,0xff,0x54,0x2f,0x00,0x80,0x52,  // 11b0
0xe8,0xff,0xff,0x17,0x42,0x04,0x00,0x51,0xe6,0xff,0xff,0x17,0x1f,0x02,0x00,0x71,  // 11c0
0xd0,0x00,0x82,0x1a,0xf2,0x00,0x00,0x14,0x1f,0x02,0x00,0x71,0x63,0x00,0x1b,0x32,  // 11d0
0xd0,0x00,0x82,0x1a,0x7f,0x94,0x01,0x71,0xa1,0x1d,0x00,0x54,0x22,0x04,0x00,0x91,  // 11e0
0x43,0x4a,0x62,0x38,0x7f,0xac,0x00,0x71,0xc0,0x19,0x00,0x54,0x7f,0xb4,0x00,0x71,  // 11f0
0xe1,0x19,0x00,0x54,0x22,0x08,0x00,0x11,0x01,0x00,0x80,0x12,0xcd,0x00,0x00,0x14,  // 1200
0x8f,0x01,0x0a,0xaa,0x2f,0x15,0xf8,0xb7,0x9f,0x01,0x0a,0xeb,0xeb,0x14,0x00,0x54,  // 1210
0xe1,0x03,0x2c,0xaa,0xe1,0x03,0x21,0xaa,0x63,0x00,0x80,0x52,0x4a,0x00,0x80,0x92,  // 1220
0x6b,0x03,0x80,0x52,0x0c,0x51,0x40,0xf9,0x4a,0x41,0x2e,0x8b,0x6b,0x81,0x0d,0xaa,  // 1230
0x8b,0x29,0x00,0xa9,0x0a,0x51,0x40,0xf9,0x0b,0xd9,0x40,0xb9,0x4c,0x41,0x00,0x91,  // 1240
0x6d,0x05,0x00,0x11,0x4b,0x02,0x01,0x8b,0x0c,0x51,0x00,0xf9,0x0d,0xd9,0x00,0xb9,  // 1250
0x0c,0x61,0x40,0xf9,0x4a,0x81,0x00,0x91,0x5f,0x01,0x0c,0xeb,0xea,0x87,0x9f,0x1a,  // 1260
0x43,0x1e,0x00,0x34,0xf4,0x00,0x00,0x14,0x11,0x55,0x40,0xf9,0xfe,0x03,0x1f,0x2a,  // 1270
0x6b,0x05,0x00,0xd1,0xfa,0x03,0x1f,0xaa,0xfb,0x03,0x1f,0xaa,0x0b,0x59,0x00,0xf9,  // 1280
0x3f,0x06,0x00,0xb1,0xa0,0x10,0x00,0x54,0xe0,0x03,0x12,0xaa,0x43,0x16,0x00,0x14,  // 1290
0x9f,0x00,0x00,0xf1,0x24,0x00,0x80,0x52,0x84,0x04,0x84,0x9a,0xdf,0x01,0x00,0x71,  // 12a0
0x63,0x24,0xc4,0x9a,0x43,0x2c,0x4c,0xb3,0x62,0x00,0x41,0xb2,0x42,0x10,0x83,0x9a,  // 12b0
0x40,0x00,0x67,0x9e,0xf0,0x18,0x00,0x34,0xf0,0x05,0x00,0x91,0x0f,0x12,0xc0,0xda,  // 12c0
0x03,0x22,0xcf,0x9a,0x30,0x7c,0x03,0x9b,0xe4,0x03,0x23,0xaa,0x21,0x7c,0xc3,0x9b,  // 12d0
0x1f,0x02,0x04,0xeb,0x22,0x20,0x40,0x92,0xe9,0x01,0x00,0x54,0x5f,0xfc,0x07,0xf1,  // 12e0
0xa1,0x01,0x00,0x54,0x00,0x00,0x40,0xf9,0x02,0x7c,0xc3,0x9b,0x00,0x7c,0x03,0x9b,  // 12f0
0x50,0x00,0x10,0xab,0x21,0x34,0x81,0x9a,0x1f,0x00,0x04,0xeb,0x22,0x20,0x40,0x92,  // 1300
0xa9,0x00,0x00,0x54,0x1f,0x06,0x00,0xb1,0x61,0x00,0x00,0x54,0x5f,0xfc,0x07,0xf1,  // 1310
0xc0,0xea,0xff,0x54,0x20,0xfc,0x7f,0xd3,0x10,0x02,0x02,0xaa,0x03,0x24,0x00,0x91,  // 1320
0x21,0x24,0xc3,0x9a,0x90,0x00,0x00,0xb5,0x30,0x04,0x40,0x92,0x1f,0x06,0x00,0xf1,  // 1330
0xc0,0xe9,0xff,0x54,0x30,0x00,0x40,0x92,0xef,0x03,0x2f,0xaa,0x10,0x02,0x01,0x8b,  // 1340
0xef,0x01,0x11,0x8b,0x01,0xfe,0x76,0xd3,0xef,0x01,0x00,0x8b,0x3f,0x00,0x00,0xf1,  // 1350
0xef,0x05,0x8f,0x9a,0xf1,0xfd,0x1f,0xd1,0x3f,0xfa,0x1f,0xb1,0x63,0xe8,0xff,0x54,  // 1360
0x3f,0x00,0x00,0xf1,0x31,0x00,0x80,0x52,0x31,0x06,0x91,0x9a,0xdf,0x01,0x00,0x71,  // 1370
0x10,0x26,0xd1,0x9a,0xf0,0x2d,0x4c,0xb3,0x0f,0x02,0x41,0xb2,0xee,0x11,0x90,0x9a,  // 1380
0xc1,0x01,0x67,0x9e,0x20,0x20,0x60,0x1e,0x40,0x12,0x00,0x54,0x37,0xff,0xff,0x17,  // 1390
0x11,0x04,0x80,0x52,0xf2,0x03,0x0b,0xaa,0x0f,0x06,0x00,0x51,0xff,0x01,0x0e,0x6a,  // 13a0
0xc1,0x9d,0x00,0x54,0x43,0x42,0x11,0xa4,0x2e,0x21,0x00,0xd1,0x2f,0x21,0x00,0xd1,  // 13b0
0x61,0xa0,0x00,0x24,0x62,0xa0,0x01,0x24,0xe3,0x1f,0x11,0x05,0xe4,0x1f,0x12,0x05,  // 13c0
0x61,0x00,0x02,0x24,0x82,0x00,0x02,0x24,0xc1,0x19,0xbf,0xe5,0xce,0x57,0x69,0x04,  // 13d0
0xce,0x81,0x5f,0xb8,0xe2,0x19,0xbf,0xe5,0xcf,0x57,0x69,0x04,0xf0,0x81,0x5f,0xb8,  // 13e0
0x4f,0x82,0x00,0x91,0xc0,0x05,0x00,0x51,0xf2,0x03,0x0f,0xaa,0x1f,0x02,0x00,0x6a,  // 13f0
0x40,0xfd,0xff,0x54,0xec,0x03,0x10,0x2a,0xeb,0x03,0x2b,0xaa,0xee,0x03,0x1f,0x2a,  // 1400
0x8c,0x01,0xc0,0xda,0x8c,0x11,0xc0,0xda,0xec,0x01,0x0c,0x8b,0x8f,0x05,0x00,0x91,  // 1410
0xec,0x01,0x0b,0x8b,0xeb,0x03,0x0f,0xaa,0x8f,0xfd,0x7f,0x93,0xf0,0x03,0x0c,0x4b,  // 1420
0xe3,0x01,0x10,0x0a,0xdf,0x01,0x00,0x71,0x8e,0x01,0x80,0x52,0x8f,0x00,0x80,0x52,  // 1430
0xee,0x01,0x8e,0x9a,0x0f,0x51,0x40,0xf9,0xcd,0x81,0x0d,0xaa,0x2e,0x00,0xc0,0xd2,  // 1440
0xad,0x01,0x0e,0x8b,0xed,0x31,0x00,0xa9,0x4f,0x01,0x0b,0xcb,0x0c,0x51,0x40,0xf9,  // 1450
0x0d,0xd5,0x40,0xb9,0x0e,0x61,0x40,0xf9,0x8a,0x41,0x00,0x91,0x8c,0x81,0x00,0x91,  // 1460
0x0a,0x51,0x00,0xf9,0xaa,0x05,0x00,0x11,0x9f,0x01,0x0e,0xeb,0x0a,0xd5,0x00,0xb9,  // 1470
0xea,0x87,0x9f,0x1a,0x6f,0xef,0xff,0xb6,0xa3,0x00,0x80,0x52,0x6e,0x00,0x00,0x14,  // 1480
0xec,0x03,0x0f,0xaa,0x6a,0x00,0x80,0x52,0x0e,0x51,0x40,0xf9,0x4a,0x81,0x0d,0xaa,  // 1490
0xca,0x31,0x00,0xa9,0x5b,0x00,0x00,0x14,0xed,0x03,0x1f,0xaa,0xe0,0x03,0x12,0xaa,  // 14a0
0x3f,0xb8,0x02,0xb5,0x04,0x16,0x00,0x14,0xef,0xfd,0x7f,0xd3,0x50,0x05,0x00,0xd1,  // 14b0
0x9f,0x01,0x10,0xeb,0xec,0x01,0x00,0x52,0xef,0x17,0x9f,0x1a,0x9f,0x01,0x0f,0x6a,  // 14c0
0x61,0x01,0x8a,0xda,0x45,0xfe,0xff,0x17,0x2a,0x00,0x80,0x52,0x55,0xff,0xff,0x17,  // 14d0
0x3f,0x76,0x01,0x71,0x60,0x97,0xff,0x54,0xfa,0x03,0x1f,0xaa,0xfb,0x03,0x1f,0xaa,  // 14e0
0xfe,0x03,0x1f,0x2a,0xe0,0x03,0x12,0xaa,0xeb,0x03,0x11,0x2a,0x27,0x1f,0x00,0x14,  // 14f0
0x3f,0xf6,0x01,0x71,0xe0,0x77,0xff,0x54,0xfa,0x03,0x1f,0xaa,0xfb,0x03,0x1f,0xaa,  // 1500
0xeb,0x03,0x11,0x2a,0x62,0x07,0x00,0x14,0xe0,0x03,0x02,0xaa,0x01,0x00,0x80,0x92,  // 1510
0x2c,0xc4,0xff,0xb5,0x40,0xff,0xff,0x17,0xea,0x03,0x0f,0xcb,0x15,0xfe,0xff,0x17,  // 1520
0x22,0x08,0x00,0x11,0x21,0x00,0x80,0x52,0x02,0x00,0x00,0x14,0x21,0x00,0x80,0x52,  // 1530
0x43,0x7c,0x40,0x93,0x1f,0x00,0x03,0xeb,0x6d,0x02,0x00,0x54,0xe2,0x03,0x1f,0x2a,  // 1540
0xe4,0xe1,0x84,0x52,0x45,0x01,0x80,0x52,0x47,0x6a,0xe3,0x38,0xff,0xc0,0x00,0x71,  // 1550
0xcb,0x01,0x00,0x54,0xe7,0x1c,0x00,0x12,0xff,0xe4,0x00,0x71,0x68,0x01,0x00,0x54,  // 1560
0x5f,0x00,0x04,0x6b,0x2c,0x01,0x00,0x54,0x42,0x7c,0x05,0x1b,0xe7,0xc0,0x00,0x51,  // 1570
0x63,0x04,0x00,0x91,0x1f,0x00,0x03,0xeb,0x42,0x00,0x27,0x0b,0x6c,0xfe,0xff,0x54,  // 1580
0x02,0x00,0x00,0x14,0xe2,0x03,0x1f,0x2a,0x50,0x40,0x01,0x1b,0x06,0x01,0x00,0x34,  // 1590
0x1f,0xda,0x04,0x71,0x8d,0x00,0x00,0x54,0xee,0x03,0x1f,0xaa,0x0f,0xfe,0xef,0xd2,  // 15a0
0x05,0x00,0x00,0x14,0x1f,0x2a,0x05,0x31,0x6a,0x06,0x00,0x54,0xef,0x03,0x1f,0xaa,  // 15b0
0xee,0x03,0x1f,0xaa,0xce,0x01,0x0f,0xaa,0x80,0x01,0x62,0x1e,0x5f,0xb5,0x00,0x71,  // 15c0
0xcc,0x01,0x41,0xb2,0x8a,0x01,0x8e,0x9a,0x41,0x01,0x67,0x9e,0x00,0x08,0x61,0x1e,  // 15d0
0x0a,0x00,0x66,0x9e,0x0c,0xfe,0xef,0xd2,0x4a,0xf9,0x40,0x92,0x5f,0x01,0x0c,0xeb,  // 15e0
0x61,0x00,0x00,0x54,0x83,0x00,0x80,0x52,0x13,0x00,0x00,0x14,0x6a,0x02,0x80,0x52,  // 15f0
0x0c,0x51,0x40,0xf9,0x4a,0x81,0x0d,0xaa,0x80,0x05,0x00,0xfd,0x8a,0x01,0x00,0xf9,  // 1600
0x0a,0xd9,0x40,0xb9,0x0c,0x51,0x40,0xf9,0x0d,0x61,0x40,0xf9,0x4a,0x05,0x00,0x11,  // 1610
0x8e,0x81,0x00,0x91,0x0a,0xd9,0x00,0xb9,0x8a,0x41,0x00,0x91,0xdf,0x01,0x0d,0xeb,  // 1620
0x0a,0x51,0x00,0xf9,0xea,0x87,0x9f,0x1a,0x5f,0x01,0x00,0x71,0x6a,0x01,0x80,0x52,  // 1630
0xe3,0x13,0x8a,0x1a,0xff,0x43,0x00,0x91,0x3f,0x50,0x3f,0x04,0x0a,0xe5,0x40,0xb9,  // 1640
0xf4,0xcf,0x47,0xa9,0xf6,0xd7,0x46,0xa9,0xfb,0x1f,0x40,0xf9,0x5f,0x05,0x40,0x71,  // 1650
0xca,0x01,0x80,0x52,0x0b,0x41,0x00,0xf9,0xf8,0xdf,0x45,0xa9,0x4a,0x81,0x83,0x1a,  // 1660
0xfa,0xe7,0x44,0xa9,0x40,0x7d,0x40,0x93,0xfd,0xfb,0x42,0xa9,0xff,0x43,0x02,0x91,  // 1670
0xc0,0x03,0x5f,0xd6,0x1f,0x06,0x00,0x71,0x6b,0x18,0x00,0x54,0xe4,0xe7,0x01,0xb2,  // 1680
0xe0,0x03,0x1f,0x2a,0xd2,0x05,0x00,0xd1,0x44,0x33,0x93,0xf2,0x01,0x00,0x80,0x92,  // 1690
0x42,0x00,0x00,0xf0,0x42,0xa0,0x1d,0x91,0x43,0x01,0x80,0x52,0x24,0x33,0xe0,0xf2,  // 16a0
0x06,0x00,0x00,0x14,0xf5,0x03,0x1f,0x2a,0x1f,0x02,0x00,0x71,0xa0,0x00,0x00,0x0b,  // 16b0
0xe6,0x03,0x15,0x2a,0xcd,0x16,0x00,0x54,0x1f,0x22,0x00,0x71,0xa9,0x00,0x00,0x54,  // 16c0
0x65,0x03,0x80,0x52,0x06,0xff,0xff,0x34,0x47,0x03,0x80,0x12,0x06,0x00,0x00,0x14,  // 16d0
0x45,0x58,0x70,0xb8,0x86,0xfe,0xff,0x34,0xe7,0x03,0x05,0x4b,0xff,0xf4,0x00,0x31,  // 16e0
0x69,0x04,0x00,0x54,0xd6,0x7c,0xa6,0x0a,0xf4,0x03,0x1f,0xaa,0xf3,0x03,0x1f,0xaa,  // 16f0
0xe7,0x03,0x07,0x4b,0xdf,0x02,0x14,0xeb,0xc0,0x0c,0x00,0x54,0xd5,0x69,0xb4,0x38,  // 1700
0x73,0x56,0x03,0x9b,0x94,0x06,0x00,0x91,0x73,0xc2,0x00,0xd1,0x75,0x26,0xc7,0x9a,  // 1710
0x35,0xff,0xff,0xb4,0x36,0x20,0xc7,0x9a,0xd5,0x00,0x14,0x6b,0xe6,0x03,0x36,0xaa,  // 1720
0xad,0x0c,0x00,0x54,0xf6,0x03,0x15,0xaa,0xf7,0x03,0x0e,0xaa,0x78,0x26,0xc7,0x9a,  // 1730
0x73,0x02,0x06,0x8a,0xd6,0x06,0x00,0xf1,0x18,0xc3,0x00,0x11,0xf8,0x02,0x00,0x39,  // 1740
0xf8,0xca,0xb4,0x38,0x73,0x62,0x03,0x9b,0xf7,0x06,0x00,0x91,0x73,0xc2,0x00,0xd1,  // 1750
0xe1,0xfe,0xff,0x54,0x59,0x00,0x00,0x14,0xdf,0x00,0x00,0x71,0xf0,0x03,0x90,0x1a,  // 1760
0xff,0xe0,0x01,0x31,0xe7,0xf0,0x00,0x11,0xea,0xfb,0xff,0x54,0xd4,0x7c,0xa6,0x0a,  // 1770
0xf6,0x03,0x1f,0xaa,0xf5,0x03,0x1f,0xaa,0xf3,0x03,0x14,0x2a,0x9f,0x02,0x16,0xeb,  // 1780
0x40,0x01,0x00,0x54,0xd7,0x69,0xb6,0x38,0xb5,0x5e,0x03,0x9b,0xd6,0x06,0x00,0x91,  // 1790
0xb5,0xc2,0x00,0xd1,0xb7,0xfe,0x7c,0xd3,0x37,0xff,0xff,0xb4,0xf4,0x03,0x15,0xaa,  // 17a0
0xf3,0x03,0x16,0x2a,0x08,0x00,0x00,0x14,0x15,0x07,0x00,0xb4,0xb4,0x0a,0x15,0x8b,  // 17b0
0xbf,0x02,0x04,0xeb,0x73,0x06,0x00,0x11,0x94,0xfa,0x7f,0xd3,0xf5,0x03,0x14,0xaa,  // 17c0
0x63,0xff,0xff,0x54,0xc6,0x00,0x13,0x6b,0xcd,0x01,0x00,0x54,0xf5,0x03,0x06,0xaa,  // 17d0
0xf6,0x03,0x0e,0xaa,0x97,0xfe,0x7c,0xd3,0x94,0xee,0x40,0x92,0xb5,0x06,0x00,0xf1,  // 17e0
0xf7,0x06,0x1c,0x32,0xd7,0x02,0x00,0x39,0xd7,0xca,0xb3,0x38,0x94,0x5e,0x03,0x9b,  // 17f0
0xd6,0x06,0x00,0x91,0x94,0xc2,0x00,0xd1,0xe1,0xfe,0xff,0x54,0x02,0x00,0x00,0x14,  // 1800
0xe6,0x03,0x1f,0x2a,0x14,0x01,0x00,0xb5,0x12,0x00,0x00,0x14,0xdf,0x02,0x00,0xf1,  // 1810
0xef,0x05,0x9f,0x1a,0x95,0xee,0x40,0x92,0xb4,0x0a,0x15,0x8b,0x94,0xfa,0x7f,0xd3,  // 1820
0x95,0x01,0x00,0xb4,0xd5,0x7c,0x40,0x93,0x96,0xfe,0x7c,0xd3,0x3f,0x02,0x15,0xeb,  // 1830
0xe9,0xfe,0xff,0x54,0xd6,0x06,0x1c,0x32,0xd6,0x69,0x35,0x38,0xc6,0x04,0x00,0x11,  // 1840
0x95,0xee,0x40,0x92,0xb4,0x0a,0x15,0x8b,0x94,0xfa,0x7f,0xd3,0xd5,0xfe,0xff,0xb5,  // 1850
0x10,0x02,0x13,0x4b,0xdf,0x04,0x00,0x71,0x10,0x06,0x00,0x11,0xeb,0xf7,0xff,0x54,  // 1860
0xe6,0x03,0x06,0x2a,0x53,0x6a,0x66,0x38,0x7f,0xc2,0x00,0x71,0xc1,0x00,0x00,0x54,  // 1870
0xc6,0x04,0x00,0xf1,0x8c,0xff,0xff,0x54,0xe6,0x03,0x1f,0x2a,0xf0,0x03,0x1f,0x2a,  // 1880
0xb8,0xff,0xff,0x17,0xb7,0xff,0xff,0x17,0xe6,0x03,0x1f,0x2a,0xb5,0xff,0xff,0x17,  // 1890
0xb3,0xf0,0xff,0xb4,0x74,0x26,0xc7,0x9a,0x54,0x05,0x00,0xb4,0x26,0x20,0xc7,0x9a,  // 18a0
0x10,0x02,0x16,0x4b,0xf5,0x03,0x1f,0x2a,0x10,0x06,0x00,0x11,0xe6,0x03,0x26,0xaa,  // 18b0
0x05,0x00,0x00,0x14,0xf5,0x03,0x1f,0x2a,0x10,0x02,0x14,0x4b,0x10,0x06,0x00,0x11,  // 18c0
0x93,0x02,0x00,0xb4,0x07,0x00,0x00,0x14,0xdf,0x02,0x00,0xf1,0xef,0x05,0x9f,0x1a,  // 18d0
0x74,0x02,0x06,0x8a,0x93,0x0a,0x14,0x8b,0x73,0xfa,0x7f,0xd3,0xb4,0x01,0x00,0xb4,  // 18e0
0xb4,0x7e,0x40,0x93,0x76,0x26,0xc7,0x9a,0x3f,0x02,0x14,0xeb,0xe9,0xfe,0xff,0x54,  // 18f0
0xd6,0xc2,0x00,0x11,0xd6,0x69,0x34,0x38,0xb5,0x06,0x00,0x11,0x74,0x02,0x06,0x8a,  // 1900
0x93,0x0a,0x14,0x8b,0x73,0xfa,0x7f,0xd3,0xd4,0xfe,0xff,0xb5,0x01,0x00,0x00,0x14,  // 1910
0xbf,0x06,0x00,0x71,0x0b,0x01,0x00,0x54,0xf5,0x03,0x15,0x2a,0x46,0x6a,0x75,0x38,  // 1920
0xdf,0xc0,0x00,0x71,0xc1,0x00,0x00,0x54,0xb5,0x06,0x00,0xf1,0x8c,0xff,0xff,0x54,  // 1930
0x0b,0x00,0x00,0x14,0xb5,0xeb,0xff,0x35,0x09,0x00,0x00,0x14,0x5b,0xff,0xff,0x17,  // 1940
0xf4,0x03,0x16,0x2a,0x73,0x0a,0x13,0x8b,0x94,0x06,0x00,0x11,0x73,0xfa,0x7f,0xd3,  // 1950
0x75,0x26,0xc7,0x9a,0x95,0xff,0xff,0xb4,0x6f,0xff,0xff,0x17,0xf5,0x03,0x1f,0x2a,  // 1960
0xf0,0x03,0x1f,0x2a,0xa0,0x00,0x00,0x0b,0x09,0x00,0x00,0x14,0xe5,0x03,0x06,0x2a,  // 1970
0xaa,0x00,0xc0,0x5a,0xeb,0x03,0x20,0xaa,0x4a,0x11,0xc0,0x5a,0x61,0x01,0x0a,0xcb,  // 1980
0x16,0xfd,0xff,0x17,0xe0,0x03,0x1f,0x2a,0xf5,0x03,0x06,0x2a,0xe2,0xe7,0x01,0xb2,  // 1990
0xe4,0xe7,0x02,0xb2,0xd2,0x05,0x00,0xd1,0x42,0x33,0x93,0xf2,0x03,0x0d,0x80,0x52,  // 19a0
0xa4,0x99,0x99,0xf2,0x25,0x01,0x80,0x92,0x22,0x33,0xe0,0xf2,0x46,0x01,0x80,0x52,  // 19b0
0x53,0x00,0x00,0xf0,0x73,0xa2,0x1d,0x91,0x02,0x00,0x00,0x14,0x00,0x00,0x14,0x4b,  // 19c0
0xd0,0x00,0xf8,0x37,0x70,0x23,0x00,0x35,0xc1,0x01,0xc0,0x39,0x3f,0xd4,0x00,0x71,  // 19d0
0xeb,0x00,0x00,0x54,0x17,0x01,0x00,0x14,0x1f,0x22,0x00,0x31,0x82,0x00,0x00,0x54,  // 19e0
0x74,0x03,0x80,0x52,0xb5,0x00,0x00,0x35,0xf5,0xff,0xff,0x17,0xe1,0x03,0x10,0x4b,  // 19f0
0x74,0x5a,0x61,0xb8,0x55,0xfe,0xff,0x34,0x41,0x00,0x00,0xf0,0x21,0x30,0x1e,0x91,  // 1a00
0x98,0x06,0xa3,0x9b,0xf9,0x03,0x15,0x2a,0xf7,0x03,0x14,0x2a,0xfe,0x03,0x0e,0xaa,  // 1a10
0xfa,0x03,0x19,0xaa,0x16,0x47,0x40,0xb8,0xfb,0x03,0x18,0xaa,0x67,0x17,0x40,0x38,  // 1a20
0x47,0x01,0x00,0x34,0xc1,0x03,0x40,0x39,0x3f,0x00,0x07,0x6b,0x41,0x14,0x00,0x54,  // 1a30
0x5a,0x07,0x00,0xf1,0xde,0x07,0x00,0x91,0x21,0xff,0xff,0x54,0x01,0x6b,0x79,0x38,  // 1a40
0x41,0x00,0x00,0x34,0xd6,0x06,0x00,0x51,0xc1,0x02,0x15,0x0b,0xbf,0x06,0x00,0x71,  // 1a50
0x38,0x7c,0x40,0x93,0x6b,0x06,0x00,0x54,0xf5,0x03,0x1f,0xaa,0x1e,0x07,0x00,0xd1,  // 1a60
0x39,0x07,0x00,0xd1,0x08,0x00,0x00,0x14,0xff,0x00,0x00,0xf1,0xef,0x05,0x9f,0x1a,  // 1a70
0x21,0x07,0x00,0x91,0x39,0x07,0x00,0xd1,0x7e,0x07,0x00,0xd1,0x3f,0x04,0x00,0xf1,  // 1a80
0x49,0x02,0x00,0x54,0xc1,0x69,0xb9,0x38,0xfb,0x03,0x1e,0xaa,0x3f,0x02,0x1e,0xeb,  // 1a90
0x21,0xc0,0x00,0xd1,0x21,0x20,0xd7,0x9a,0x3a,0x00,0x15,0x8b,0x41,0x7f,0xc4,0x9b,  // 1aa0
0x35,0xfc,0x43,0xd3,0xa7,0x6a,0x05,0x9b,0x09,0xfe,0xff,0x54,0xe1,0xc0,0x00,0x11,  // 1ab0
0xc1,0x69,0x3b,0x38,0x21,0x07,0x00,0x91,0x39,0x07,0x00,0xd1,0x7e,0x07,0x00,0xd1,  // 1ac0
0x3f,0x04,0x00,0xf1,0x08,0xfe,0xff,0x54,0x5f,0x2b,0x00,0xf1,0xa3,0x02,0x00,0x54,  // 1ad0
0x61,0x7f,0x40,0x93,0x37,0x04,0x00,0xd1,0x07,0x00,0x00,0x14,0xff,0x00,0x00,0xf1,  // 1ae0
0xef,0x05,0x9f,0x1a,0xbf,0x26,0x00,0xf1,0xf7,0x06,0x00,0xd1,0xf5,0x03,0x19,0xaa,  // 1af0
0x89,0x01,0x00,0x54,0xa1,0x7e,0xc4,0x9b,0x3f,0x02,0x17,0xeb,0x39,0xfc,0x43,0xd3,  // 1b00
0x27,0x57,0x05,0x9b,0xc9,0xfe,0xff,0x54,0xe1,0xc0,0x00,0x11,0xc1,0x69,0x37,0x38,  // 1b10
0xbf,0x26,0x00,0xf1,0xf7,0x06,0x00,0xd1,0xf5,0x03,0x19,0xaa,0xc8,0xfe,0xff,0x54,  // 1b20
0x3f,0x02,0x18,0xeb,0xd0,0x02,0x10,0x0b,0x15,0x83,0x91,0x1a,0xbf,0x06,0x00,0x71,  // 1b30
0x4b,0x01,0x00,0x54,0x41,0x6a,0x75,0x38,0x3f,0xc0,0x00,0x71,0x21,0x01,0x00,0x54,  // 1b40
0xb5,0x06,0x00,0xf1,0x8c,0xff,0xff,0x54,0xf5,0x03,0x1f,0x2a,0xf0,0x03,0x1f,0x2a,  // 1b50
0x74,0xf3,0xff,0x36,0x04,0x00,0x00,0x14,0xbf,0x02,0x00,0x71,0xf0,0x03,0x90,0x1a,  // 1b60
0xf4,0xf2,0xff,0x36,0x9f,0xf6,0x00,0x31,0xe8,0x0a,0x00,0x54,0xf6,0x03,0x14,0x2a,  // 1b70
0x07,0x00,0x00,0x14,0xbf,0x02,0x00,0x71,0xf0,0x03,0x90,0x1a,0xda,0xf2,0x00,0x11,  // 1b80
0xdf,0xe2,0x01,0x31,0xf6,0x03,0x1a,0x2a,0x0a,0x0a,0x00,0x54,0xb8,0x7e,0xb5,0x0a,  // 1b90
0xfa,0x03,0x1f,0xaa,0xf9,0x03,0x1f,0xaa,0xf7,0x03,0x18,0x2a,0x1f,0x03,0x1a,0xeb,  // 1ba0
0x40,0x01,0x00,0x54,0xc1,0x69,0xba,0x38,0x5a,0x07,0x00,0x91,0x21,0x07,0x06,0x9b,  // 1bb0
0x39,0xc0,0x00,0xd1,0x21,0xff,0x7c,0xd3,0x21,0xff,0xff,0xb4,0xf8,0x03,0x19,0xaa,  // 1bc0
0xf7,0x03,0x1a,0x2a,0x08,0x00,0x00,0x14,0x39,0x07,0x00,0xb4,0x21,0x0b,0x19,0x8b,  // 1bd0
0x3f,0x03,0x02,0xeb,0xf7,0x06,0x00,0x11,0x38,0xf8,0x7f,0xd3,0xf9,0x03,0x18,0xaa,  // 1be0
0x63,0xff,0xff,0x54,0xb5,0x02,0x17,0x6b,0xed,0x01,0x00,0x54,0xf9,0x03,0x15,0xaa,  // 1bf0
0xfa,0x03,0x0e,0xaa,0x01,0xff,0x7c,0xd3,0x07,0xef,0x40,0x92,0x39,0x07,0x00,0xf1,  // 1c00
0x21,0x04,0x1c,0x32,0x41,0x03,0x00,0x39,0x41,0xcb,0xb7,0x38,0x5a,0x07,0x00,0x91,  // 1c10
0xe1,0x04,0x06,0x9b,0x38,0xc0,0x00,0xd1,0xe1,0xfe,0xff,0x54,0x78,0x01,0x00,0xb5,  // 1c20
0x15,0x00,0x00,0x14,0xf5,0x03,0x1f,0x2a,0x18,0x01,0x00,0xb5,0x12,0x00,0x00,0x14,  // 1c30
0x3f,0x00,0x00,0xf1,0xef,0x05,0x9f,0x1a,0x01,0xef,0x40,0x92,0x27,0x08,0x01,0x8b,  // 1c40
0xf8,0xf8,0x7f,0xd3,0x81,0x01,0x00,0xb4,0xa7,0x7e,0x40,0x93,0x01,0xff,0x7c,0xd3,  // 1c50
0x3f,0x02,0x07,0xeb,0xe9,0xfe,0xff,0x54,0x21,0x04,0x1c,0x32,0xc1,0x69,0x27,0x38,  // 1c60
0xb5,0x06,0x00,0x11,0x01,0xef,0x40,0x92,0x27,0x08,0x01,0x8b,0xf8,0xf8,0x7f,0xd3,  // 1c70
0xc1,0xfe,0xff,0xb5,0x10,0x02,0x17,0x4b,0xbf,0x06,0x00,0x71,0x10,0x06,0x00,0x11,  // 1c80
0xab,0xf7,0xff,0x54,0xf5,0x03,0x15,0x2a,0x41,0x6a,0x75,0x38,0x3f,0xc0,0x00,0x71,  // 1c90
0xc1,0x00,0x00,0x54,0xb5,0x06,0x00,0xf1,0x8c,0xff,0xff,0x54,0xf5,0x03,0x1f,0x2a,  // 1ca0
0xf0,0x03,0x1f,0x2a,0xb6,0xff,0xff,0x17,0xb5,0xff,0xff,0x17,0xf5,0x03,0x1f,0x2a,  // 1cb0
0xb3,0xff,0xff,0x17,0x21,0x1c,0x00,0x13,0x3f,0x80,0x27,0x6b,0x4b,0xec,0xff,0x54,  // 1cc0
0x62,0xff,0xff,0x17,0xfa,0x03,0x14,0x2a,0xb9,0x7e,0xb5,0x0a,0xf8,0x03,0x1f,0xaa,  // 1cd0
0xf7,0x03,0x1f,0xaa,0xf6,0x03,0x1a,0x4b,0x3f,0x03,0x18,0xeb,0x40,0x03,0x00,0x54,  // 1ce0
0xc1,0x69,0xb8,0x38,0x18,0x07,0x00,0x91,0xe1,0x06,0x06,0x9b,0x37,0xc0,0x00,0xd1,  // 1cf0
0xe1,0x26,0xd6,0x9a,0x21,0xff,0xff,0xb4,0xf9,0x03,0x18,0x2a,0x01,0x00,0x80,0x92,  // 1d00
0xb8,0x02,0x19,0x6b,0x21,0x20,0xd6,0x9a,0xf5,0x03,0x21,0xaa,0x0d,0x03,0x00,0x54,  // 1d10
0xfa,0x03,0x18,0xaa,0xfb,0x03,0x0e,0xaa,0xe1,0x26,0xd6,0x9a,0xe7,0x02,0x15,0x8a,  // 1d20
0x5a,0x07,0x00,0xf1,0x21,0xc0,0x00,0x11,0x61,0x03,0x00,0x39,0x61,0xcb,0xb9,0x38,  // 1d30
0x7b,0x07,0x00,0x91,0xe1,0x04,0x06,0x9b,0x37,0xc0,0x00,0xd1,0xe1,0xfe,0xff,0x54,  // 1d40
0x0c,0x00,0x00,0x14,0x57,0x06,0x00,0xb4,0xe1,0x26,0xd6,0x9a,0x61,0x06,0x00,0xb4,  // 1d50
0x01,0x00,0x80,0x92,0x10,0x02,0x19,0x4b,0xf8,0x03,0x1f,0x2a,0x21,0x20,0xd6,0x9a,  // 1d60
0x10,0x06,0x00,0x11,0xf5,0x03,0x21,0xaa,0x05,0x00,0x00,0x14,0xf8,0x03,0x1f,0x2a,  // 1d70
0x10,0x02,0x19,0x4b,0x10,0x06,0x00,0x11,0x97,0x02,0x00,0xb4,0x07,0x00,0x00,0x14,  // 1d80
0xff,0x00,0x00,0xf1,0xef,0x05,0x9f,0x1a,0xe1,0x02,0x15,0x8a,0x27,0x08,0x01,0x8b,  // 1d90
0xf7,0xf8,0x7f,0xd3,0xa1,0x01,0x00,0xb4,0x19,0x7f,0x40,0x93,0xe7,0x26,0xd6,0x9a,  // 1da0
0x3f,0x02,0x19,0xeb,0xe9,0xfe,0xff,0x54,0xe1,0xc0,0x00,0x11,0xc1,0x69,0x39,0x38,  // 1db0
0x18,0x07,0x00,0x11,0xe1,0x02,0x15,0x8a,0x27,0x08,0x01,0x8b,0xf7,0xf8,0x7f,0xd3,  // 1dc0
0xc1,0xfe,0xff,0xb5,0x01,0x00,0x00,0x14,0x1f,0x07,0x00,0x71,0x6b,0x01,0x00,0x54,  // 1dd0
0xf5,0x03,0x18,0x2a,0x41,0x6a,0x75,0x38,0x3f,0xc0,0x00,0x71,0x01,0xdf,0xff,0x54,  // 1de0
0xb5,0x06,0x00,0xf1,0x8c,0xff,0xff,0x54,0xf5,0x03,0x1f,0x2a,0xf0,0x03,0x1f,0x2a,  // 1df0
0x00,0x00,0x14,0x4b,0xf3,0xfe,0xff,0x17,0x1f,0x03,0x00,0x71,0xf5,0x03,0x18,0x2a,  // 1e00
0x00,0x00,0x14,0x4b,0xf0,0x03,0x90,0x1a,0xee,0xfe,0xff,0x17,0xf5,0x03,0x1f,0x2a,  // 1e10
0x00,0x00,0x14,0x4b,0xeb,0xfe,0xff,0x17,0xe1,0x0a,0x17,0x8b,0x39,0x07,0x00,0x11,  // 1e20
0x37,0xf8,0x7f,0xd3,0xe1,0x26,0xd6,0x9a,0x81,0xff,0xff,0xb4,0xb4,0xff,0xff,0x17,  // 1e30
0x1f,0xf8,0x0f,0x31,0xcc,0x0a,0x00,0x54,0xf5,0x12,0x00,0x34,0x1f,0xe8,0x10,0x31,  // 1e40
0x00,0xf4,0x0f,0x11,0x08,0x0c,0x00,0x54,0x43,0x01,0x80,0x52,0x07,0x00,0x00,0x14,  // 1e50
0xbf,0x02,0x00,0x71,0xf0,0x03,0x90,0x1a,0x04,0xf0,0x00,0x11,0x1f,0xe0,0x01,0x31,  // 1e60
0xe0,0x03,0x04,0x2a,0x2a,0x0b,0x00,0x54,0xa5,0x7e,0xb5,0x0a,0xe7,0x03,0x1f,0xaa,  // 1e70
0xe6,0x03,0x1f,0xaa,0xe4,0x03,0x05,0x2a,0xbf,0x00,0x07,0xeb,0x40,0x01,0x00,0x54,  // 1e80
0xc1,0x69,0xa7,0x38,0xe7,0x04,0x00,0x91,0xc1,0x04,0x03,0x9b,0x26,0xc0,0x00,0xd1,  // 1e90
0xc1,0xfc,0x7c,0xd3,0x21,0xff,0xff,0xb4,0xe5,0x03,0x06,0xaa,0xe4,0x03,0x07,0x2a,  // 1ea0
0x08,0x00,0x00,0x14,0x06,0x07,0x00,0xb4,0xc1,0x08,0x06,0x8b,0xdf,0x00,0x02,0xeb,  // 1eb0
0x84,0x04,0x00,0x11,0x25,0xf8,0x7f,0xd3,0xe6,0x03,0x05,0xaa,0x63,0xff,0xff,0x54,  // 1ec0
0xb5,0x02,0x04,0x6b,0xcd,0x01,0x00,0x54,0xe6,0x03,0x15,0xaa,0xe7,0x03,0x0e,0xaa,  // 1ed0
0xa1,0xfc,0x7c,0xd3,0xa5,0xec,0x40,0x92,0xc6,0x04,0x00,0xf1,0x21,0x04,0x1c,0x32,  // 1ee0
0xe1,0x00,0x00,0x39,0xe1,0xc8,0xa4,0x38,0xe7,0x04,0x00,0x91,0xa1,0x04,0x03,0x9b,  // 1ef0
0x25,0xc0,0x00,0xd1,0xe1,0xfe,0xff,0x54,0x02,0x00,0x00,0x14,0xf5,0x03,0x1f,0x2a,  // 1f00
0x05,0x01,0x00,0xb5,0x12,0x00,0x00,0x14,0x3f,0x00,0x00,0xf1,0xef,0x05,0x9f,0x1a,  // 1f10
0xa1,0xec,0x40,0x92,0x25,0x08,0x01,0x8b,0xa5,0xf8,0x7f,0xd3,0x81,0x01,0x00,0xb4,  // 1f20
0xa6,0x7e,0x40,0x93,0xa1,0xfc,0x7c,0xd3,0x3f,0x02,0x06,0xeb,0xe9,0xfe,0xff,0x54,  // 1f30
0x21,0x04,0x1c,0x32,0xc1,0x69,0x26,0x38,0xb5,0x06,0x00,0x11,0xa1,0xec,0x40,0x92,  // 1f40
0x25,0x08,0x01,0x8b,0xa5,0xf8,0x7f,0xd3,0xc1,0xfe,0xff,0xb5,0x10,0x02,0x04,0x4b,  // 1f50
0xbf,0x06,0x00,0x71,0x10,0x06,0x00,0x11,0xcb,0xf7,0xff,0x54,0xf5,0x03,0x15,0x2a,  // 1f60
0x41,0x6a,0x75,0x38,0x3f,0xc0,0x00,0x71,0xc1,0x00,0x00,0x54,0xb5,0x06,0x00,0xf1,  // 1f70
0x8c,0xff,0xff,0x54,0xf5,0x03,0x1f,0x2a,0xf0,0x03,0x1f,0x2a,0xb7,0xff,0xff,0x17,  // 1f80
0xb6,0xff,0xff,0x17,0xf5,0x03,0x1f,0x2a,0xb4,0xff,0xff,0x17,0x1f,0x00,0x10,0x71,  // 1f90
0x4c,0xb0,0xff,0x54,0x00,0x04,0x00,0x51,0x95,0x0d,0x00,0x35,0xf1,0x03,0x1f,0x2a,  // 1fa0
0xd2,0x00,0x00,0x14,0x6a,0x02,0xc0,0x5a,0x6b,0x01,0x11,0x8b,0xec,0x03,0x20,0xaa,  // 1fb0
0x8b,0x01,0x0b,0x8b,0x4a,0x11,0xc0,0x5a,0x6a,0x01,0x0a,0xcb,0x41,0x01,0x01,0xcb,  // 1fc0
0x86,0xfb,0xff,0x17,0xe4,0x03,0x00,0x2a,0xa5,0x7e,0xb5,0x0a,0xe3,0x03,0x1f,0xaa,  // 1fd0
0xe2,0x03,0x1f,0xaa,0xe0,0x03,0x04,0x4b,0x44,0x01,0x80,0x52,0xbf,0x00,0x03,0xeb,  // 1fe0
0xa0,0x03,0x00,0x54,0xc1,0x69,0xa3,0x38,0x63,0x04,0x00,0x91,0x41,0x04,0x04,0x9b,  // 1ff0
0x22,0xc0,0x00,0xd1,0x41,0x24,0xc0,0x9a,0x21,0xff,0xff,0xb4,0xe5,0x03,0x03,0x2a,  // 2000
0x01,0x00,0x80,0x92,0x10,0x02,0x05,0x4b,0xa4,0x02,0x05,0x6b,0x21,0x20,0xc0,0x9a,  // 2010
0x10,0x06,0x00,0x11,0xe3,0x03,0x21,0xaa,0x4d,0x04,0x00,0x54,0x46,0x01,0x80,0x52,  // 2020
0xe7,0x03,0x04,0xaa,0xf3,0x03,0x0e,0xaa,0x41,0x24,0xc0,0x9a,0x42,0x00,0x03,0x8a,  // 2030
0xe7,0x04,0x00,0xf1,0x21,0xc0,0x00,0x11,0x61,0x02,0x00,0x39,0x61,0xca,0xa5,0x38,  // 2040
0x73,0x06,0x00,0x91,0x41,0x04,0x06,0x9b,0x22,0xc0,0x00,0xd1,0xe1,0xfe,0xff,0x54,  // 2050
0x15,0x00,0x00,0x14,0x02,0x02,0x00,0xb4,0x41,0x24,0xc0,0x9a,0x01,0x01,0x00,0xb4,  // 2060
0x01,0x00,0x80,0x92,0x10,0x02,0x05,0x4b,0xe4,0x03,0x1f,0x2a,0x21,0x20,0xc0,0x9a,  // 2070
0x10,0x06,0x00,0x11,0xe3,0x03,0x21,0xaa,0x0c,0x00,0x00,0x14,0x41,0x08,0x02,0x8b,  // 2080
0xa5,0x04,0x00,0x11,0x22,0xf8,0x7f,0xd3,0x41,0x24,0xc0,0x9a,0x81,0xff,0xff,0xb4,  // 2090
0xdc,0xff,0xff,0x17,0xf1,0x03,0x1f,0x2a,0xa0,0x7f,0x80,0x12,0x93,0x00,0x00,0x14,  // 20a0
0xe4,0x03,0x1f,0x2a,0x02,0x03,0x00,0xb4,0x07,0x00,0x00,0x14,0xdf,0x00,0x00,0xf1,  // 20b0
0xef,0x05,0x9f,0x1a,0x41,0x00,0x03,0x8a,0x22,0x08,0x01,0x8b,0x42,0xf8,0x7f,0xd3,  // 20c0
0x21,0x02,0x00,0xb4,0x85,0x7c,0x40,0x93,0x46,0x24,0xc0,0x9a,0x3f,0x02,0x05,0xeb,  // 20d0
0xe9,0xfe,0xff,0x54,0xc1,0xc0,0x00,0x11,0xc1,0x69,0x25,0x38,0x84,0x04,0x00,0x11,  // 20e0
0x41,0x00,0x03,0x8a,0x22,0x08,0x01,0x8b,0x42,0xf8,0x7f,0xd3,0xc1,0xfe,0xff,0xb5,  // 20f0
0x05,0x00,0x00,0x14,0xe5,0x03,0x04,0x2a,0x1e,0xfe,0xff,0x17,0xe5,0x03,0x03,0x2a,  // 2100
0x1c,0xfe,0xff,0x17,0x9f,0x04,0x00,0x71,0x6b,0x01,0x00,0x54,0xf5,0x03,0x04,0x2a,  // 2110
0x40,0x6a,0x75,0x38,0x1f,0xc0,0x00,0x71,0x61,0x01,0x00,0x54,0xb5,0x06,0x00,0xf1,  // 2120
0x8c,0xff,0xff,0x54,0xf0,0x03,0x1f,0x2a,0xf1,0x03,0x1f,0x2a,0xa0,0x7f,0x80,0x12,  // 2130
0xc0,0x00,0x00,0x14,0xa0,0x7f,0x80,0x12,0x04,0x0d,0x00,0x34,0xf5,0x03,0x04,0x2a,  // 2140
0x02,0x00,0x00,0x14,0xa0,0x7f,0x80,0x12,0xe2,0x03,0x1f,0xaa,0xe5,0x03,0x15,0x2a,  // 2150
0x83,0xb1,0x82,0x52,0x5f,0x98,0x00,0xf1,0xe0,0x02,0x00,0x54,0x41,0x00,0x00,0xd0,  // 2160
0x21,0x30,0x1e,0x91,0xc6,0x69,0x62,0x38,0x21,0x00,0x02,0x8b,0x24,0x68,0x63,0x38,  // 2170
0xdf,0x00,0x04,0x6b,0x81,0x01,0x00,0x54,0x42,0x04,0x00,0x91,0xbf,0x00,0x02,0xeb,  // 2180
0xa1,0xfe,0xff,0x54,0x41,0x00,0x00,0xd0,0x21,0x30,0x1e,0x91,0x82,0xb1,0x82,0x52,  // 2190
0x21,0x00,0x05,0x8b,0x21,0x68,0x62,0x38,0xe1,0x00,0x00,0x34,0xe1,0x01,0x80,0x52,  // 21a0
0x06,0x00,0x00,0x14,0x81,0x1c,0x00,0x13,0xc2,0x1c,0x00,0x13,0x5f,0x00,0x01,0x6b,  // 21b0
0x6b,0xff,0xff,0x54,0x01,0x02,0x80,0x52,0x22,0x00,0x05,0x0b,0xbf,0x04,0x00,0x71,  // 21c0
0x43,0x7c,0x40,0x93,0x6b,0x07,0x00,0x54,0xf4,0xe7,0x02,0xb2,0xe4,0x03,0x1f,0xaa,  // 21d0
0x66,0x04,0x00,0xd1,0xb3,0x04,0x00,0xd1,0x07,0x40,0xff,0xd2,0xb4,0x99,0x99,0xf2,  // 21e0
0x35,0x01,0x80,0x92,0xe5,0x03,0x02,0x2a,0x09,0x00,0x00,0x14,0xff,0x02,0x00,0xf1,  // 21f0
0xef,0x05,0x9f,0x1a,0x77,0x06,0x00,0x91,0x73,0x06,0x00,0xd1,0xa5,0x04,0x00,0x51,  // 2200
0xff,0x06,0x00,0xf1,0xc6,0x04,0x00,0xd1,0x29,0x02,0x00,0x54,0xd6,0x69,0xb3,0x38,  // 2210
0x3f,0x02,0x06,0xeb,0x84,0xd4,0x16,0x8b,0x96,0x00,0x07,0x8b,0xc4,0x7e,0xd4,0x9b,  // 2220
0x84,0xfc,0x43,0xd3,0x97,0x58,0x15,0x9b,0x29,0xfe,0xff,0x54,0xf7,0xc2,0x00,0x11,  // 2230
0xd7,0x69,0x26,0x38,0x77,0x06,0x00,0x91,0x73,0x06,0x00,0xd1,0xa5,0x04,0x00,0x51,  // 2240
0xff,0x06,0x00,0xf1,0xc6,0x04,0x00,0xd1,0x28,0xfe,0xff,0x54,0xdf,0x2a,0x00,0xf1,  // 2250
0x03,0x03,0x00,0x54,0xa5,0x7c,0x40,0x93,0xe6,0xe7,0x02,0xb2,0x27,0x01,0x80,0x92,  // 2260
0xa6,0x99,0x99,0xf2,0xa5,0x04,0x00,0xd1,0x07,0x00,0x00,0x14,0x9f,0x02,0x00,0xf1,  // 2270
0xef,0x05,0x9f,0x1a,0x9f,0x24,0x00,0xf1,0xa5,0x04,0x00,0xd1,0xe4,0x03,0x13,0xaa,  // 2280
0x89,0x01,0x00,0x54,0x93,0x7c,0xc6,0x9b,0x3f,0x02,0x05,0xeb,0x73,0xfe,0x43,0xd3,  // 2290
0x74,0x12,0x07,0x9b,0xc9,0xfe,0xff,0x54,0x94,0xc2,0x00,0x11,0xd4,0x69,0x25,0x38,  // 22a0
0x9f,0x24,0x00,0xf1,0xa5,0x04,0x00,0xd1,0xe4,0x03,0x13,0xaa,0xc8,0xfe,0xff,0x54,  // 22b0
0x3f,0x02,0x03,0xeb,0x30,0x00,0x10,0x0b,0x51,0x80,0x91,0x1a,0x3f,0x06,0x00,0x71,  // 22c0
0x2b,0x01,0x00,0x54,0x41,0x6a,0x71,0x38,0x3f,0xc0,0x00,0x71,0xe1,0x00,0x00,0x54,  // 22d0
0x31,0x06,0x00,0xf1,0x8c,0xff,0xff,0x54,0xf0,0x03,0x1f,0x2a,0xf1,0x03,0x1f,0x2a,  // 22e0
0x54,0x00,0x00,0x14,0x51,0x0a,0x00,0x34,0x1f,0x52,0x00,0x71,0x2d,0x0a,0x00,0x54,  // 22f0
0x12,0x00,0x80,0x92,0x99,0x00,0x00,0x14,0xe2,0x03,0x08,0xaa,0x4d,0x8c,0x4b,0xf8,  // 2300
0x41,0x80,0x5e,0xf8,0x2e,0x00,0x5f,0x38,0xad,0x11,0x0b,0x8b,0xdf,0x1d,0x00,0x71,  // 2310
0x00,0x16,0x00,0x54,0xdf,0x19,0x00,0x71,0xc1,0x20,0x00,0x54,0xe0,0x03,0x11,0xaa,  // 2320
0x0b,0x14,0x40,0x38,0x7f,0x81,0x00,0x71,0x68,0x07,0x00,0x54,0x2e,0x00,0x80,0x52,  // 2330
0x0f,0xc0,0x84,0xd2,0xce,0x21,0xcb,0x9a,0x2f,0x00,0xc0,0xf2,0xdf,0x01,0x0f,0xea,  // 2340
0xa0,0x06,0x00,0x54,0x2b,0x06,0x40,0x39,0x20,0x0a,0x00,0x91,0x7f,0x81,0x00,0x71,  // 2350
0xc8,0x5c,0x00,0x54,0x2e,0x00,0x80,0x52,0xce,0x21,0xcb,0x9a,0xdf,0x01,0x0f,0xea,  // 2360
0x40,0x5c,0x00,0x54,0x0b,0x49,0x40,0xf9,0x0e,0x00,0x0b,0xcb,0xdf,0xfd,0x00,0xf1,  // 2370
0xe8,0x00,0x00,0x54,0x0f,0x00,0x80,0x92,0x10,0x4d,0x40,0xf9,0xee,0x21,0xce,0x9a,  // 2380
0x0e,0x02,0x0e,0xea,0x01,0x04,0x00,0x54,0x60,0x01,0x01,0x91,0xe0,0xe3,0x18,0x25,  // 2390
0x1f,0x20,0x03,0xd5,0x8b,0xed,0x05,0x10,0x01,0xc0,0x38,0x25,0x60,0xa1,0x00,0xa4,  // 23a0
0x0b,0x04,0x80,0x52,0x02,0xa0,0x00,0xa4,0x03,0x40,0x0b,0xa4,0x2e,0x21,0x00,0xd1,  // 23b0
0xaf,0x57,0x69,0x04,0x00,0x00,0x01,0x91,0x44,0xc0,0x21,0x05,0x65,0xc0,0x21,0x05,  // 23c0
0x84,0x06,0x80,0x05,0x85,0x06,0x80,0x05,0x04,0x30,0x24,0x05,0x05,0x30,0x25,0x05,  // 23d0
0x41,0xa0,0x04,0x24,0x62,0xa0,0x05,0x24,0xc1,0x19,0xbf,0xe5,0xc2,0x15,0xbf,0xe5,  // 23e0
0xce,0x57,0x69,0x04,0xce,0x81,0x5f,0xb8,0xef,0x81,0x5f,0xb8,0xce,0x81,0x0f,0xaa,  // 23f0
0xdf,0x05,0x00,0xb1,0x80,0xfd,0xff,0x54,0xee,0x03,0x2e,0xaa,0x0b,0x00,0x01,0xd1,  // 2400
0x0b,0x39,0x09,0xa9,0xce,0x01,0xc0,0xda,0xce,0x11,0xc0,0xda,0x60,0x01,0x0e,0x8b,  // 2410
0x0b,0x14,0x40,0x38,0x7f,0xf5,0x01,0x71,0xc1,0x56,0x00,0x54,0x0b,0xcd,0x40,0xb9,  // 2420
0x6b,0x05,0x00,0x11,0x0b,0xcd,0x00,0xb9,0xad,0x00,0x00,0x14,0xf0,0x03,0x1f,0x2a,  // 2430
0x1f,0x02,0x11,0x6b,0x01,0xb2,0x91,0x1a,0x3f,0x04,0x00,0x71,0x6b,0x01,0x00,0x54,  // 2440
0xf2,0x03,0x1f,0xaa,0x42,0x01,0x80,0x52,0xe3,0x03,0x01,0xaa,0xe4,0x03,0x0e,0xaa,  // 2450
0x85,0x14,0x80,0x38,0x52,0x16,0x02,0x9b,0x63,0x04,0x00,0xf1,0x52,0xc2,0x00,0xd1,  // 2460
0x81,0xff,0xff,0x54,0x03,0x00,0x00,0x14,0xe1,0x03,0x1f,0x2a,0xf2,0x03,0x1f,0xaa,  // 2470
0x02,0x02,0x01,0x6b,0xed,0x03,0x00,0x54,0x5f,0x10,0x00,0x71,0x03,0x03,0x00,0x54,  // 2480
0x23,0x00,0x80,0x52,0x40,0xe0,0xd8,0x25,0x60,0x0c,0x08,0x4e,0x01,0x1c,0xa0,0x4e,  // 2490
0x41,0x1e,0x08,0x4e,0x52,0x01,0x80,0x52,0x42,0x0e,0x08,0x4e,0x52,0x74,0x1e,0x12,  // 24a0
0x21,0x00,0x12,0x0b,0xe3,0x03,0x12,0x2a,0x40,0x00,0xd0,0x04,0x41,0x00,0xd0,0x04,  // 24b0
0x63,0x10,0x00,0x71,0xa1,0xff,0xff,0x54,0x22,0x38,0xc0,0x4e,0x20,0x78,0xc0,0x4e,  // 24c0
0x5f,0x00,0x12,0x6b,0x40,0x00,0xd0,0x04,0x20,0xe0,0xd8,0x25,0x01,0x40,0x00,0x6e,  // 24d0
0x20,0x00,0xd0,0x04,0x12,0x00,0x66,0x9e,0xc0,0x00,0x00,0x54,0x01,0x02,0x01,0x4b,  // 24e0
0x52,0x0a,0x12,0x8b,0x21,0x04,0x00,0x71,0x52,0xfa,0x7f,0xd3,0xa1,0xff,0xff,0x54,  // 24f0
0x70,0x02,0xf8,0x37,0x3f,0x02,0x10,0x6b,0x2d,0x02,0x00,0x54,0xce,0x41,0x30,0x8b,  // 2500
0xc1,0x01,0xc0,0x39,0x3f,0xd4,0x00,0x71,0x21,0x01,0x00,0x54,0x02,0x06,0x00,0x11,  // 2510
0x5f,0x00,0x11,0x6b,0xc1,0x00,0x00,0x54,0x0f,0x01,0x00,0x35,0x10,0x01,0x00,0x34,  // 2520
0xce,0xf1,0x5f,0x38,0xce,0x01,0x00,0x12,0x03,0x00,0x00,0x14,0x3f,0xd0,0x00,0x71,  // 2530
0xee,0xd7,0x9f,0x1a,0x4e,0x00,0x00,0x34,0x52,0x06,0x00,0x91,0x0e,0x04,0xe0,0xd2,  // 2540
0x5f,0x02,0x0e,0xeb,0xa1,0x00,0x00,0x54,0x1f,0xfc,0x0f,0x71,0x60,0x82,0xff,0x54,  // 2550
0x00,0x04,0x00,0x11,0x12,0x02,0xe0,0xd2,0x4e,0xd2,0x74,0x93,0x0f,0xfc,0x0f,0x11,  // 2560
0xef,0x29,0x00,0x12,0xcf,0xd1,0x0f,0x8a,0x4e,0xce,0x40,0x92,0x12,0xfc,0xff,0x17,  // 2570
0x6a,0x01,0x11,0x8b,0xeb,0x03,0x20,0xaa,0x6a,0x01,0x0a,0x8b,0x4a,0x41,0x2c,0xcb,  // 2580
0x41,0x01,0x01,0xcb,0x15,0xfa,0xff,0x17,0x6b,0x01,0x11,0x8b,0xec,0x03,0x20,0xaa,  // 2590
0x8b,0x01,0x0b,0x8b,0x6a,0x41,0x2a,0xcb,0x41,0x01,0x01,0xcb,0x0f,0xfa,0xff,0x17,  // 25a0
0x6a,0x01,0x11,0x8b,0xeb,0x03,0x20,0xaa,0x6a,0x01,0x0a,0x8b,0x4a,0x41,0x2f,0xcb,  // 25b0
0x41,0x01,0x01,0xcb,0x09,0xfa,0xff,0x17,0x2b,0x02,0xc0,0xda,0xee,0x03,0x1f,0x2a,  // 25c0
0x0c,0x00,0x80,0x92,0x6b,0x11,0xc0,0xda,0xef,0x01,0x0b,0x8b,0xbd,0x01,0x00,0x14,  // 25d0
0xe0,0x03,0x11,0xaa,0x0b,0x14,0x40,0x38,0x7f,0x81,0x00,0x71,0x68,0x07,0x00,0x54,  // 25e0
0x2e,0x00,0x80,0x52,0x0f,0xc0,0x84,0xd2,0xce,0x21,0xcb,0x9a,0x2f,0x00,0xc0,0xf2,  // 25f0
0xdf,0x01,0x0f,0xea,0xa0,0x06,0x00,0x54,0x2b,0x06,0x40,0x39,0x20,0x0a,0x00,0x91,  // 2600
0x7f,0x81,0x00,0x71,0xc8,0x47,0x00,0x54,0x2e,0x00,0x80,0x52,0xce,0x21,0xcb,0x9a,  // 2610
0xdf,0x01,0x0f,0xea,0x40,0x47,0x00,0x54,0x0b,0x49,0x40,0xf9,0x0e,0x00,0x0b,0xcb,  // 2620
0xdf,0xfd,0x00,0xf1,0xe8,0x00,0x00,0x54,0x0f,0x00,0x80,0x92,0x10,0x4d,0x40,0xf9,  // 2630
0xee,0x21,0xce,0x9a,0x0e,0x02,0x0e,0xea,0x01,0x04,0x00,0x54,0x60,0x01,0x01,0x91,  // 2640
0xe0,0xe3,0x18,0x25,0x1f,0x20,0x03,0xd5,0xeb,0xd7,0x05,0x10,0x01,0xc0,0x38,0x25,  // 2650
0x60,0xa1,0x00,0xa4,0x0b,0x04,0x80,0x52,0x02,0xa0,0x00,0xa4,0x03,0x40,0x0b,0xa4,  // 2660
0x2e,0x21,0x00,0xd1,0xaf,0x57,0x69,0x04,0x00,0x00,0x01,0x91,0x44,0xc0,0x21,0x05,  // 2670
0x65,0xc0,0x21,0x05,0x84,0x06,0x80,0x05,0x85,0x06,0x80,0x05,0x04,0x30,0x24,0x05,  // 2680
0x05,0x30,0x25,0x05,0x41,0xa0,0x04,0x24,0x62,0xa0,0x05,0x24,0xc1,0x19,0xbf,0xe5,  // 2690
0xc2,0x15,0xbf,0xe5,0xce,0x57,0x69,0x04,0xce,0x81,0x5f,0xb8,0xef,0x81,0x5f,0xb8,  // 26a0
0xce,0x81,0x0f,0xaa,0xdf,0x05,0x00,0xb1,0x80,0xfd,0xff,0x54,0xee,0x03,0x2e,0xaa,  // 26b0
0x0b,0x00,0x01,0xd1,0x0b,0x39,0x09,0xa9,0xce,0x01,0xc0,0xda,0xce,0x11,0xc0,0xda,  // 26c0
0x60,0x01,0x0e,0x8b,0x0b,0x14,0x40,0x38,0x7f,0x75,0x01,0x71,0xc1,0x41,0x00,0x54,  // 26d0
0x0b,0xd1,0x40,0xb9,0x6b,0x05,0x00,0x11,0x0b,0xd1,0x00,0xb9,0xab,0x05,0x40,0xf9,  // 26e0
0x2e,0x00,0x0d,0xcb,0x0b,0x55,0x00,0xf9,0xcb,0xfd,0x44,0xd3,0xae,0x01,0x40,0xf9,  // 26f0
0xbf,0x2d,0x01,0x29,0xcb,0x9d,0x60,0x92,0xab,0x01,0x00,0xf9,0x0b,0x59,0x40,0xf9,  // 2700
0x0d,0xe5,0x40,0xb9,0x7f,0x01,0x0d,0xeb,0x48,0xe9,0xfe,0x54,0x11,0x55,0x40,0xf9,  // 2710
0xfe,0x03,0x1f,0x2a,0x6b,0x05,0x00,0xd1,0xfa,0x03,0x1f,0xaa,0xfb,0x03,0x1f,0xaa,  // 2720
0x0b,0x59,0x00,0xf9,0x3f,0x06,0x00,0xb1,0x81,0x23,0x02,0x54,0xd5,0x02,0x00,0x14,  // 2730
0xab,0x01,0x40,0x39,0x7f,0x19,0x00,0xf1,0xe1,0x2c,0x00,0x54,0x0b,0x21,0x43,0x39,  // 2740
0x4b,0x36,0x00,0x34,0xfa,0x03,0x1f,0xaa,0xfb,0x03,0x1f,0xaa,0xfe,0x03,0x1f,0x2a,  // 2750
0xeb,0x03,0x11,0xaa,0x81,0x03,0x00,0x14,0xef,0x03,0x12,0xaa,0xee,0x03,0x0e,0x2a,  // 2760
0x80,0xcb,0x38,0x25,0x01,0xd0,0x38,0x25,0xce,0x01,0xc0,0xda,0x42,0xc4,0x38,0x25,  // 2770
0x03,0xc0,0x38,0x25,0xe4,0xc3,0x38,0x25,0x10,0xfa,0x99,0x52,0x32,0x23,0x83,0x52,  // 2780
0xce,0x11,0xc0,0xda,0xc1,0xc8,0x88,0x52,0x23,0x27,0x87,0x52,0xef,0x01,0x0e,0x8b,  // 2790
0x07,0x80,0x84,0x52,0xf0,0xf9,0xb9,0x72,0xf1,0xc3,0x01,0x32,0x32,0x23,0xa3,0x72,  // 27a0
0xe0,0xc7,0x02,0x32,0xc1,0xc8,0xa8,0x72,0xe2,0xcb,0x03,0x32,0x23,0x27,0xa7,0x72,  // 27b0
0xe4,0xc3,0x00,0x32,0xe5,0xfd,0x97,0x52,0xa6,0x17,0x80,0x52,0x07,0x94,0xbf,0x72,  // 27c0
0x73,0x00,0x00,0x90,0x73,0x52,0x01,0x91,0x14,0x04,0x80,0x52,0xf5,0x03,0x0f,0xaa,  // 27d0
0xee,0x03,0x0f,0xaa,0xb8,0x06,0x40,0x39,0xd6,0x05,0x00,0x91,0xb7,0x0a,0x00,0x91,  // 27e0
0x1f,0xd7,0x01,0xf1,0xe0,0x00,0x00,0x54,0x75,0x6a,0x78,0x38,0x75,0x26,0x00,0x34,  // 27f0
0xd5,0x01,0x00,0x39,0xef,0x03,0x17,0xaa,0xee,0x03,0x16,0xaa,0x65,0x00,0x00,0x14,  // 2800
0xb5,0x22,0x40,0xb8,0xb9,0x02,0x10,0x0b,0x38,0x02,0x35,0x0a,0x1f,0x03,0x19,0x6a,  // 2810
0x21,0x45,0x00,0x54,0xb9,0x02,0x12,0x0b,0x39,0x03,0x15,0x2a,0x3f,0xc3,0x01,0x72,  // 2820
0xa1,0x44,0x00,0x54,0xb9,0xda,0x00,0x12,0x1a,0x00,0x19,0x4b,0x3b,0x03,0x01,0x0b,  // 2830
0x7a,0x03,0x1a,0x0a,0x5f,0x03,0x18,0x6a,0xe1,0x43,0x00,0x54,0x5a,0x00,0x19,0x4b,  // 2840
0x39,0x03,0x03,0x0b,0x39,0x03,0x1a,0x0a,0x3f,0x03,0x18,0x6a,0x41,0x43,0x00,0x54,  // 2850
0xaf,0x0a,0xc0,0x5a,0x95,0x10,0x6f,0x0a,0xef,0xcd,0x00,0x12,0xb5,0x0e,0x15,0x2a,  // 2860
0xaf,0x02,0x0f,0x0b,0xef,0x11,0x4f,0x2a,0xf5,0x5d,0x10,0x53,0xef,0x1d,0x00,0x12,  // 2870
0xf5,0x21,0x15,0x2a,0xef,0x12,0x00,0x91,0xbf,0x02,0x02,0x71,0x23,0x1e,0x00,0x54,  // 2880
0xce,0x0e,0x00,0x91,0xbf,0xfe,0x1f,0x71,0x29,0x1e,0x00,0x54,0xb6,0x3a,0x40,0x51,  // 2890
0xdf,0x06,0x20,0x31,0x89,0x06,0x00,0x54,0xb6,0x7e,0x0a,0x53,0xdf,0xda,0x00,0x71,  // 28a0
0x68,0x1e,0x00,0x54,0xf6,0x01,0x40,0x39,0xdf,0x72,0x01,0x71,0x01,0x1e,0x00,0x54,  // 28b0
0xf6,0x05,0x40,0x39,0xdf,0xd6,0x01,0x71,0xa1,0x1d,0x00,0x54,0xf6,0x21,0x40,0xb8,  // 28c0
0xd8,0x02,0x10,0x0b,0x37,0x02,0x36,0x0a,0xff,0x02,0x18,0x6a,0x41,0x3f,0x00,0x54,  // 28d0
0xd8,0x02,0x12,0x0b,0x18,0x03,0x16,0x2a,0x1f,0xc3,0x01,0x72,0xc1,0x3e,0x00,0x54,  // 28e0
0xd8,0xda,0x00,0x12,0x19,0x00,0x18,0x4b,0x1a,0x03,0x01,0x0b,0x59,0x03,0x19,0x0a,  // 28f0
0x3f,0x03,0x17,0x6a,0x01,0x3e,0x00,0x54,0x59,0x00,0x18,0x4b,0x18,0x03,0x03,0x0b,  // 2900
0x18,0x03,0x19,0x0a,0x1f,0x03,0x17,0x6a,0x61,0x3d,0x00,0x54,0xd6,0x0a,0xc0,0x5a,  // 2910
0xef,0x19,0x00,0x91,0x97,0x10,0x76,0x0a,0xd6,0xce,0x00,0x12,0xf7,0x0e,0x17,0x2a,  // 2920
0xf6,0x02,0x16,0x0b,0xd7,0x12,0x56,0x2a,0xf6,0x7e,0x08,0x53,0xd6,0x1e,0x18,0x12,  // 2930
0xd8,0x3a,0x40,0x51,0xf6,0x1e,0x00,0x33,0x1f,0x07,0x10,0x31,0x08,0x1a,0x00,0x54,  // 2940
0xc5,0xc1,0x1f,0x78,0xdf,0x02,0x02,0x71,0xf5,0x03,0x16,0x2a,0xc6,0xe1,0x1f,0x38,  // 2950
0xce,0x0d,0x00,0x91,0x82,0xf9,0xff,0x54,0xce,0x11,0x00,0xd1,0xd6,0x15,0x00,0x38,  // 2960
0x0c,0x00,0x00,0x14,0xb6,0x7e,0x0c,0x53,0x17,0x10,0x80,0x52,0x18,0x10,0x80,0x52,  // 2970
0xb7,0x2e,0x06,0x33,0xb8,0x16,0x00,0x33,0xd5,0x05,0x00,0xd1,0xd6,0x0a,0x1b,0x32,  // 2980
0xd6,0xc1,0x1f,0x38,0xd7,0xd1,0x1f,0x38,0xd8,0xe1,0x1f,0x38,0xee,0x03,0x15,0xaa,  // 2990
0xf5,0x01,0x40,0x39,0xbf,0x72,0x01,0x71,0xf5,0x03,0x0f,0xaa,0xc0,0xf1,0xff,0x54,  // 29a0
0xf9,0x03,0x0a,0xaa,0x0c,0x06,0x28,0x37,0xe5,0xa1,0x00,0xa4,0x2a,0x21,0x00,0xd1,  // 29b0
0xa1,0xa0,0x00,0x24,0xa2,0xa0,0x02,0x24,0xe6,0x1f,0x11,0x05,0xe7,0x1f,0x12,0x05,  // 29c0
0xc1,0x00,0x01,0x24,0xe2,0x00,0x01,0x24,0x41,0x19,0xbf,0xe5,0xca,0x57,0x69,0x04,  // 29d0
0x56,0x81,0x5f,0xb8,0x2a,0x21,0x00,0xd1,0x42,0x19,0xbf,0xe5,0xca,0x57,0x69,0x04,  // 29e0
0x57,0x81,0x5f,0xb8,0xd5,0x06,0x00,0x51,0xff,0x02,0x15,0x6a,0x81,0x36,0x00,0x54,  // 29f0
0xf5,0x06,0x00,0x51,0xbf,0x02,0x16,0x6a,0x81,0x07,0x00,0x54,0xc5,0xe1,0x00,0xe4,  // 2a00
0x2a,0x21,0x00,0xd1,0xf5,0x81,0x00,0x91,0xe5,0x41,0x14,0xa4,0xce,0x81,0x00,0x91,  // 2a10
0xef,0x03,0x15,0xaa,0xa1,0xa0,0x00,0x24,0xa2,0xa0,0x02,0x24,0xe6,0x1f,0x11,0x05,  // 2a20
0xe7,0x1f,0x12,0x05,0xc1,0x00,0x01,0x24,0xe2,0x00,0x01,0x24,0x41,0x19,0xbf,0xe5,  // 2a30
0xca,0x57,0x69,0x04,0x56,0x81,0x5f,0xb8,0x2a,0x21,0x00,0xd1,0x42,0x19,0xbf,0xe5,  // 2a40
0xca,0x57,0x69,0x04,0x57,0x81,0x5f,0xb8,0xd8,0x06,0x00,0x51,0xff,0x02,0x18,0x6a,  // 2a50
0x00,0xfd,0xff,0x54,0x9b,0x01,0x00,0x14,0xc5,0xe1,0x00,0xe4,0xef,0x81,0x00,0x91,  // 2a60
0xce,0x81,0x00,0x91,0xe5,0xa1,0x00,0xa4,0x2a,0x21,0x00,0xd1,0xa6,0xc0,0x23,0x05,  // 2a70
0xa1,0xa0,0x00,0x24,0xa2,0xa0,0x02,0x24,0xe6,0xc3,0x29,0x25,0xe7,0x1f,0x12,0x05,  // 2a80
0xc3,0xa0,0x04,0x24,0xe6,0x1f,0x11,0x05,0xe2,0x00,0x01,0x24,0xc1,0x00,0x01,0x24,  // 2a90
0xf0,0x1f,0x13,0x05,0x41,0x19,0xbf,0xe5,0xca,0x57,0x69,0x04,0x03,0x02,0x01,0x24,  // 2aa0
0x55,0x81,0x5f,0xb8,0x2a,0x21,0x00,0xd1,0x42,0x19,0xbf,0xe5,0xca,0x57,0x69,0x04,  // 2ab0
0x57,0x81,0x5f,0xb8,0x2a,0x21,0x00,0xd1,0x43,0x19,0xbf,0xe5,0xca,0x57,0x69,0x04,  // 2ac0
0x56,0x81,0x5f,0xb8,0xd8,0x02,0x15,0x2a,0x18,0x07,0x00,0x51,0x1f,0x03,0x17,0x6a,  // 2ad0
0x61,0x2f,0x00,0x54,0xf7,0x06,0x00,0x51,0xdf,0x02,0x17,0x6a,0x41,0x3c,0x00,0x54,  // 2ae0
0xff,0x02,0x15,0x6a,0xa0,0xfb,0xff,0x54,0xf6,0x01,0x40,0x39,0xf5,0x03,0x0f,0xaa,  // 2af0
0xea,0x03,0x19,0xaa,0xdf,0x72,0x01,0x71,0xe0,0xe6,0xff,0x54,0xf5,0x03,0x1f,0xaa,  // 2b00
0xd7,0x01,0x15,0x8b,0xf6,0x02,0x00,0x39,0xf6,0x01,0x15,0x8b,0xd8,0x06,0x40,0x39,  // 2b10
0x1f,0x73,0x01,0x71,0x00,0x05,0x00,0x54,0xf8,0x06,0x00,0x39,0xd6,0x0a,0x40,0x39,  // 2b20
0xdf,0x72,0x01,0x71,0xe0,0x04,0x00,0x54,0xf6,0x0a,0x00,0x39,0xf8,0x01,0x15,0x8b,  // 2b30
0xd7,0x01,0x15,0x8b,0x16,0x0f,0x40,0x39,0xdf,0x72,0x01,0x71,0xe0,0x04,0x00,0x54,  // 2b40
0xf6,0x0e,0x00,0x39,0x16,0x13,0x40,0x39,0xdf,0x72,0x01,0x71,0xe0,0x04,0x00,0x54,  // 2b50
0xf6,0x12,0x00,0x39,0xf8,0x01,0x15,0x8b,0xd7,0x01,0x15,0x8b,0x16,0x17,0x40,0x39,  // 2b60
0xdf,0x72,0x01,0x71,0xe0,0x04,0x00,0x54,0xf6,0x16,0x00,0x39,0x16,0x1b,0x40,0x39,  // 2b70
0xdf,0x72,0x01,0x71,0xe0,0x04,0x00,0x54,0xf6,0x1a,0x00,0x39,0xf7,0x01,0x15,0x8b,  // 2b80
0xd8,0x01,0x15,0x8b,0xf6,0x1e,0x40,0x39,0xdf,0x72,0x01,0x71,0xe0,0x04,0x00,0x54,  // 2b90
0x16,0x1f,0x00,0x39,0xb5,0x22,0x00,0x91,0xf6,0x22,0x40,0x39,0xdf,0x72,0x01,0x71,  // 2ba0
0x01,0xfb,0xff,0x54,0xef,0x01,0x15,0x8b,0xce,0x01,0x15,0x8b,0xf6,0x05,0x00,0xd1,  // 2bb0
0x21,0x00,0x00,0x14,0xcf,0x06,0x00,0x91,0xee,0x06,0x00,0x91,0x1e,0x00,0x00,0x14,  // 2bc0
0xef,0x01,0x15,0x8b,0xce,0x01,0x15,0x8b,0xf6,0x05,0x00,0x91,0xef,0x09,0x00,0x91,  // 2bd0
0xce,0x09,0x00,0x91,0x18,0x00,0x00,0x14,0x16,0x0b,0x00,0x91,0x0f,0x0f,0x00,0x91,  // 2be0
0xee,0x0e,0x00,0x91,0x14,0x00,0x00,0x14,0xef,0x01,0x15,0x8b,0xce,0x01,0x15,0x8b,  // 2bf0
0xf6,0x0d,0x00,0x91,0xef,0x11,0x00,0x91,0xce,0x11,0x00,0x91,0x0e,0x00,0x00,0x14,  // 2c00
0x16,0x13,0x00,0x91,0x0f,0x17,0x00,0x91,0xee,0x16,0x00,0x91,0x0a,0x00,0x00,0x14,  // 2c10
0xef,0x01,0x15,0x8b,0xce,0x01,0x15,0x8b,0xf6,0x15,0x00,0x91,0xef,0x19,0x00,0x91,  // 2c20
0xce,0x19,0x00,0x91,0x04,0x00,0x00,0x14,0xf6,0x1a,0x00,0x91,0xef,0x1e,0x00,0x91,  // 2c30
0x0e,0x1f,0x00,0x91,0xd5,0x06,0x00,0x91,0xea,0x03,0x19,0xaa,0xe6,0xfe,0xff,0x17,  // 2c40
0xf6,0x03,0x15,0x2a,0xd5,0x15,0x00,0x38,0x52,0xff,0xff,0x17,0xb6,0x7e,0x06,0x53,  // 2c50
0x17,0x10,0x80,0x52,0xb7,0x16,0x00,0x33,0xd5,0x09,0x00,0xd1,0xd6,0x06,0x1a,0x32,  // 2c60
0xd6,0xc1,0x1f,0x38,0xd7,0xd1,0x1f,0x38,0x49,0xff,0xff,0x17,0xd5,0x05,0x00,0xd1,  // 2c70
0xc5,0xc1,0x1f,0x78,0xc6,0xe1,0x1f,0x38,0x45,0xff,0xff,0x17,0xd5,0x2a,0x15,0x0b,  // 2c80
0x16,0x10,0x80,0x52,0x18,0x10,0x80,0x52,0xb5,0x02,0x07,0x0b,0xb6,0x46,0x0c,0x33,  // 2c90
0xb9,0x7e,0x12,0x53,0xb8,0x2e,0x06,0x33,0x15,0x10,0x80,0x52,0xf5,0x16,0x00,0x33,  // 2ca0
0xd6,0xd1,0x1f,0x38,0x36,0x0f,0x1c,0x32,0xd8,0xe1,0x1f,0x38,0xd6,0xc1,0x1f,0x38,  // 2cb0
0xd5,0xf1,0x1f,0x38,0x37,0xff,0xff,0x17,0x2c,0x00,0x80,0x92,0x2e,0x00,0x80,0x52,  // 2cc0
0xe3,0x03,0x0c,0x4b,0xeb,0x03,0x0f,0xaa,0xd7,0xf9,0xff,0x17,0x63,0x00,0x80,0x52,  // 2cd0
0x59,0xfa,0xff,0x17,0xeb,0x03,0x11,0xaa,0xfe,0x03,0x1f,0x2a,0xfa,0x03,0x1f,0xaa,  // 2ce0
0x72,0x15,0x40,0x38,0x5f,0x82,0x00,0x71,0x08,0x12,0x00,0x54,0x2e,0x00,0x80,0x52,  // 2cf0
0x0f,0xc0,0x84,0xd2,0xce,0x21,0xd2,0x9a,0x2f,0x00,0xc0,0xf2,0xdf,0x01,0x0f,0xea,  // 2d00
0x40,0x11,0x00,0x54,0x32,0x06,0x40,0x39,0xfe,0x03,0x1f,0x2a,0xfa,0x03,0x1f,0xaa,  // 2d10
0x2b,0x0a,0x00,0x91,0x5f,0x82,0x00,0x71,0x68,0x11,0x00,0x54,0x2e,0x00,0x80,0x52,  // 2d20
0xce,0x21,0xd2,0x9a,0xdf,0x01,0x0f,0xea,0xe0,0x10,0x00,0x54,0x12,0x49,0x40,0xf9,  // 2d30
0x6e,0x01,0x12,0xcb,0xdf,0xfd,0x00,0xf1,0x68,0x11,0x00,0x54,0x0b,0x00,0x80,0x92,  // 2d40
0x0f,0x4d,0x40,0xf9,0x6b,0x21,0xce,0x9a,0xef,0x01,0x0b,0xea,0xa0,0x10,0x00,0x54,  // 2d50
0xfa,0x03,0x1f,0xaa,0xfb,0x03,0x1f,0xaa,0xfe,0x03,0x1f,0x2a,0x97,0x18,0x00,0x14,  // 2d60
0x0f,0x00,0x80,0x92,0x0a,0x00,0x80,0x92,0x0c,0x00,0x80,0x92,0xe0,0x03,0x12,0xaa,  // 2d70
0x1f,0x42,0x00,0xf1,0x22,0xe6,0xfe,0x54,0x8b,0xf7,0xff,0x17,0xf1,0x03,0x1f,0x2a,  // 2d80
0x00,0xe2,0x84,0x52,0xcd,0xf7,0xff,0x17,0x6b,0x01,0x0c,0xcb,0x60,0x01,0x40,0x39,  // 2d90
0x0c,0xc0,0x00,0x51,0x9f,0x25,0x00,0x71,0xe8,0x0b,0x00,0x54,0xef,0x03,0x1f,0xaa,  // 2da0
0xec,0x03,0x1f,0xaa,0x4b,0x01,0x80,0x52,0xef,0x7d,0x0b,0x9b,0x50,0x02,0x0c,0x8b,  // 2db0
0xef,0x41,0x20,0x8b,0x00,0x06,0x40,0x39,0x10,0xc0,0x00,0x51,0xef,0xc1,0x00,0xd1,  // 2dc0
0x1f,0x26,0x00,0x71,0x82,0x99,0x52,0xfa,0x8c,0x05,0x00,0x91,0xe3,0xfe,0xff,0x54,  // 2dd0
0x1f,0x26,0x00,0x71,0x88,0x10,0x00,0x54,0xf1,0x03,0x1f,0xaa,0x4b,0x02,0x11,0x8b,  // 2de0
0x31,0x06,0x00,0x91,0x6b,0x01,0x0c,0x8b,0x60,0x05,0x40,0x39,0x0b,0xc0,0x00,0x51,  // 2df0
0x7f,0x29,0x00,0x71,0x43,0xff,0xff,0x54,0x4b,0x02,0x0c,0x8b,0x30,0x00,0x80,0x52,  // 2e00
0x6b,0x01,0x11,0x8b,0xa9,0xf5,0xff,0x17,0xe0,0x03,0x11,0xaa,0xfe,0x03,0x1f,0x2a,  // 2e10
0xfa,0x03,0x1f,0xaa,0x0f,0x14,0x40,0x38,0xff,0x81,0x00,0x71,0x28,0x10,0x00,0x54,  // 2e20
0x2b,0x00,0x80,0x52,0x0e,0xc0,0x84,0xd2,0x6b,0x21,0xcf,0x9a,0x2e,0x00,0xc0,0xf2,  // 2e30
0x7f,0x01,0x0e,0xea,0x60,0x0f,0x00,0x54,0x2f,0x06,0x40,0x39,0xfe,0x03,0x1f,0x2a,  // 2e40
0xfa,0x03,0x1f,0xaa,0x20,0x0a,0x00,0x91,0xff,0x81,0x00,0x71,0xe8,0x0e,0x00,0x54,  // 2e50
0x2b,0x00,0x80,0x52,0x6b,0x21,0xcf,0x9a,0x7f,0x01,0x0e,0xea,0x60,0x0e,0x00,0x54,  // 2e60
0x0b,0x49,0x40,0xf9,0x0e,0x00,0x0b,0xcb,0xdf,0xfd,0x00,0xf1,0x48,0x0e,0x00,0x54,  // 2e70
0x0f,0x00,0x80,0x92,0x10,0x4d,0x40,0xf9,0xee,0x21,0xce,0x9a,0x0f,0x02,0x0e,0xea,  // 2e80
0x80,0x0d,0x00,0x54,0xfa,0x03,0x1f,0xaa,0xfb,0x03,0x1f,0xaa,0xfe,0x03,0x1f,0x2a,  // 2e90
0x42,0x0c,0x00,0x14,0xa3,0x01,0x80,0x52,0xeb,0x03,0x0a,0xaa,0xdd,0xf5,0xff,0x17,  // 2ea0
0xa3,0x01,0x80,0x52,0xeb,0x03,0x0a,0xaa,0xe9,0xf5,0xff,0x17,0xa3,0x01,0x80,0x52,  // 2eb0
0xeb,0x03,0x0a,0xaa,0x4c,0x00,0x80,0x52,0xe6,0xf5,0xff,0x17,0x6b,0x09,0x00,0x91,  // 2ec0
0xd4,0xf5,0xff,0x17,0x6b,0x09,0x00,0x91,0xe1,0xf5,0xff,0x17,0x6b,0x09,0x00,0x91,  // 2ed0
0xa3,0x01,0x80,0x52,0x4c,0x00,0x80,0x52,0xde,0xf5,0xff,0x17,0x6b,0x0d,0x00,0x91,  // 2ee0
0x4c,0x00,0x80,0x52,0xdb,0xf5,0xff,0x17,0x7f,0xf5,0x01,0x71,0x80,0xa9,0xff,0x54,  // 2ef0
0xfa,0x03,0x1f,0xaa,0xfb,0x03,0x1f,0xaa,0xe5,0x00,0x00,0x14,0x7f,0x75,0x01,0x71,  // 2f00
0x80,0xbe,0xff,0x54,0xfa,0x03,0x1f,0xaa,0xfb,0x03,0x1f,0xaa,0xfe,0x03,0x1f,0x2a,  // 2f10
0x9e,0x18,0x00,0x14,0xec,0x03,0x1f,0xaa,0xf0,0x03,0x1f,0x2a,0xf1,0x03,0x1f,0x2a,  // 2f20
0xef,0x03,0x1f,0xaa,0x61,0xf5,0xff,0x17,0xfb,0x03,0x1a,0xaa,0xae,0x01,0x40,0xf9,  // 2f30
0x5f,0xb2,0x00,0x71,0xcf,0x01,0x04,0x91,0xaf,0x01,0x00,0xf9,0x00,0x05,0x03,0x54,  // 2f40
0x6d,0x18,0x00,0x14,0xfb,0x03,0x1a,0xaa,0xae,0x01,0x40,0xf9,0x5f,0xb2,0x00,0x71,  // 2f50
0xcf,0x01,0x04,0x91,0xaf,0x01,0x00,0xf9,0x20,0x04,0x03,0x54,0x66,0x18,0x00,0x14,  // 2f60
0x4b,0x02,0x01,0x91,0xe0,0xe3,0x18,0x25,0x1f,0x20,0x03,0xd5,0xce,0x8e,0x05,0x10,  // 2f70
0x01,0xc0,0x38,0x25,0xc0,0xa1,0x00,0xa4,0x0e,0x04,0x80,0x52,0x62,0xa1,0x00,0xa4,  // 2f80
0x63,0x41,0x0e,0xa4,0x2f,0x21,0x00,0xd1,0xb0,0x57,0x69,0x04,0x6b,0x01,0x01,0x91,  // 2f90
0x44,0xc0,0x21,0x05,0x65,0xc0,0x21,0x05,0x84,0x06,0x80,0x05,0x85,0x06,0x80,0x05,  // 2fa0
0x04,0x30,0x24,0x05,0x05,0x30,0x25,0x05,0x41,0xa0,0x04,0x24,0x62,0xa0,0x05,0x24,  // 2fb0
0xe1,0x19,0xbf,0xe5,0xe2,0x15,0xbf,0xe5,0xcf,0x57,0x69,0x04,0xef,0x81,0x5f,0xb8,  // 2fc0
0x10,0x82,0x5f,0xb8,0xef,0x81,0x10,0xaa,0xff,0x05,0x00,0xb1,0x80,0xfd,0xff,0x54,  // 2fd0
0xfa,0x03,0x1f,0xaa,0xfb,0x03,0x1f,0xaa,0xfe,0x03,0x1f,0x2a,0xef,0x03,0x2f,0xaa,  // 2fe0
0xf4,0x17,0x00,0x14,0xf0,0x03,0x1f,0x2a,0xf1,0x03,0x1f,0x2a,0x4b,0x02,0x0c,0x8b,  // 2ff0
0x2e,0xf5,0xff,0x17,0x3f,0x06,0x00,0x71,0x21,0xf7,0xfe,0x54,0x4c,0x01,0x80,0x52,  // 3000
0xec,0x7d,0xcc,0x9b,0xff,0x03,0x0c,0xeb,0xe0,0x10,0x00,0x54,0xdf,0x01,0x00,0x71,  // 3010
0x0c,0x00,0x80,0x12,0x31,0x00,0x80,0x52,0x8c,0x15,0x8c,0x5a,0xdf,0xf7,0xff,0x17,  // 3020
0xfb,0x03,0x1a,0xaa,0x76,0x0e,0x00,0x14,0xfb,0x03,0x1a,0xaa,0xe0,0x0b,0x00,0x14,  // 3030
0x60,0x01,0x01,0x91,0xe0,0xe3,0x18,0x25,0x1f,0x20,0x03,0xd5,0x4b,0x88,0x05,0x10,  // 3040
0x01,0xc0,0x38,0x25,0x60,0xa1,0x00,0xa4,0x0b,0x04,0x80,0x52,0x02,0xa0,0x00,0xa4,  // 3050
0x03,0x40,0x0b,0xa4,0x2e,0x21,0x00,0xd1,0xaf,0x57,0x69,0x04,0x00,0x00,0x01,0x91,  // 3060
0x44,0xc0,0x21,0x05,0x65,0xc0,0x21,0x05,0x84,0x06,0x80,0x05,0x85,0x06,0x80,0x05,  // 3070
0x04,0x30,0x24,0x05,0x05,0x30,0x25,0x05,0x41,0xa0,0x04,0x24,0x62,0xa0,0x05,0x24,  // 3080
0xc1,0x19,0xbf,0xe5,0xc2,0x15,0xbf,0xe5,0xce,0x57,0x69,0x04,0xce,0x81,0x5f,0xb8,  // 3090
0xef,0x81,0x5f,0xb8,0xcf,0x81,0x0f,0xaa,0xff,0x05,0x00,0xb1,0x80,0xfd,0xff,0x54,  // 30a0
0xfa,0x03,0x1f,0xaa,0xfb,0x03,0x1f,0xaa,0xfe,0x03,0x1f,0x2a,0xef,0x03,0x2f,0xaa,  // 30b0
0xb8,0x0b,0x00,0x14,0x6c,0x01,0x80,0x92,0x01,0xff,0xff,0x17,0xf5,0x03,0x0f,0xaa,  // 30c0
0xb0,0x02,0x40,0x39,0x1f,0x8a,0x00,0x71,0xe1,0x00,0x00,0x54,0xaf,0x06,0x00,0x91,  // 30d0
0xcc,0x01,0x0b,0xcb,0x2e,0x00,0x80,0x52,0xeb,0x03,0x0f,0xaa,0xea,0x03,0x19,0xaa,  // 30e0
0xce,0xf8,0xff,0x17,0xec,0x03,0x1f,0xaa,0xcf,0x01,0x0c,0x8b,0xf0,0x01,0x00,0x39,  // 30f0
0xb0,0x02,0x0c,0x8b,0x11,0x06,0x40,0x39,0x3f,0x8a,0x00,0x71,0x80,0x04,0x00,0x54,  // 3100
0xf1,0x05,0x00,0x39,0x10,0x0a,0x40,0x39,0x1f,0x8a,0x00,0x71,0xa0,0x04,0x00,0x54,  // 3110
0xf0,0x09,0x00,0x39,0xb0,0x02,0x0c,0x8b,0x11,0x0e,0x40,0x39,0x3f,0x8a,0x00,0x71,  // 3120
0xc0,0x04,0x00,0x54,0xf1,0x0d,0x00,0x39,0x10,0x12,0x40,0x39,0x1f,0x8a,0x00,0x71,  // 3130
0xe0,0x04,0x00,0x54,0xf0,0x11,0x00,0x39,0xb0,0x02,0x0c,0x8b,0x11,0x16,0x40,0x39,  // 3140
0x3f,0x8a,0x00,0x71,0x00,0x05,0x00,0x54,0xf1,0x15,0x00,0x39,0x10,0x1a,0x40,0x39,  // 3150
0x1f,0x8a,0x00,0x71,0x20,0x05,0x00,0x54,0xf0,0x19,0x00,0x39,0xb0,0x02,0x0c,0x8b,  // 3160
0x11,0x1e,0x40,0x39,0x3f,0x8a,0x00,0x71,0x40,0x05,0x00,0x54,0xf1,0x1d,0x00,0x39,  // 3170
0x8c,0x21,0x00,0x91,0x10,0x22,0x40,0x39,0x1f,0x8a,0x00,0x71,0x61,0xfb,0xff,0x54,  // 3180
0xb5,0x02,0x0c,0x8b,0xce,0x01,0x0c,0x8b,0xd1,0xff,0xff,0x17,0xcb,0x01,0x0b,0xcb,  // 3190
0x0f,0x0a,0x00,0x91,0x6b,0x01,0x0c,0x8b,0x6c,0x05,0x00,0x91,0xce,0xff,0xff,0x17,  // 31a0
0xcb,0x01,0x0b,0xcb,0xaf,0x02,0x0c,0x8b,0x6b,0x01,0x0c,0x8b,0xef,0x0d,0x00,0x91,  // 31b0
0x6c,0x09,0x00,0x91,0xc8,0xff,0xff,0x17,0xcb,0x01,0x0b,0xcb,0x0f,0x12,0x00,0x91,  // 31c0
0x6b,0x01,0x0c,0x8b,0x6c,0x0d,0x00,0x91,0xc3,0xff,0xff,0x17,0xcb,0x01,0x0b,0xcb,  // 31d0
0xaf,0x02,0x0c,0x8b,0x6b,0x01,0x0c,0x8b,0xef,0x15,0x00,0x91,0x6c,0x11,0x00,0x91,  // 31e0
0xbd,0xff,0xff,0x17,0xcb,0x01,0x0b,0xcb,0x0f,0x1a,0x00,0x91,0x6b,0x01,0x0c,0x8b,  // 31f0
0x6c,0x15,0x00,0x91,0xb8,0xff,0xff,0x17,0xcb,0x01,0x0b,0xcb,0xaf,0x02,0x0c,0x8b,  // 3200
0x6b,0x01,0x0c,0x8b,0xef,0x1d,0x00,0x91,0x6c,0x19,0x00,0x91,0xb2,0xff,0xff,0x17,  // 3210
0xcb,0x01,0x0b,0xcb,0x0f,0x22,0x00,0x91,0x6b,0x01,0x0c,0x8b,0x6c,0x1d,0x00,0x91,  // 3220
0xad,0xff,0xff,0x17,0x6c,0xf1,0x5f,0x38,0xf1,0x09,0x0f,0x8b,0x8c,0xc1,0x00,0x51,  // 3230
0x31,0xfa,0x7f,0xd3,0x8c,0x7d,0x40,0x93,0x80,0xfd,0x7f,0x93,0x2c,0x02,0x0c,0xab,  // 3240
0x11,0x34,0x80,0x9a,0x20,0x02,0x40,0x93,0x01,0x00,0x11,0xca,0x31,0x00,0x80,0x52,  // 3250
0x61,0xe4,0xfe,0xb5,0x40,0xe4,0xfe,0xb7,0x6e,0x11,0xff,0x34,0x80,0x01,0x63,0x9e,  // 3260
0xbf,0xf6,0xff,0x17,0xcb,0x02,0xc0,0xda,0x0c,0x00,0x80,0x92,0x2e,0x00,0x80,0x52,  // 3270
0xea,0x03,0x19,0xaa,0x6b,0x11,0xc0,0xda,0xef,0x01,0x0b,0x8b,0x91,0xfe,0xff,0x17,  // 3280
0xed,0x03,0x1f,0xaa,0x1f,0xc9,0x01,0xb5,0x8b,0x0e,0x00,0x14,0x7f,0x89,0x00,0x71,  // 3290
0xe1,0x55,0x01,0x54,0xe0,0xe3,0x18,0x25,0x0b,0x39,0x40,0xf9,0x11,0x00,0x0c,0xcb,  // 32a0
0x0b,0x03,0x28,0x37,0x02,0xa0,0x00,0xa4,0x80,0xcb,0x38,0x25,0x41,0xc4,0x38,0x25,  // 32b0
0x2e,0x21,0x00,0xd1,0x41,0xa0,0x00,0x24,0x42,0xa0,0x01,0x24,0x02,0xd0,0x38,0x25,  // 32c0
0xe3,0x1f,0x11,0x05,0xe4,0x1f,0x12,0x05,0x61,0x00,0x02,0x24,0x82,0x00,0x02,0x24,  // 32d0
0xc1,0x19,0xbf,0xe5,0xce,0x57,0x69,0x04,0xcf,0x81,0x5f,0xb8,0x2e,0x21,0x00,0xd1,  // 32e0
0xc2,0x19,0xbf,0xe5,0xce,0x57,0x69,0x04,0xc1,0x81,0x5f,0xb8,0xee,0x05,0x00,0x51,  // 32f0
0x3f,0x00,0x0e,0x6a,0x80,0x05,0x00,0x54,0xf2,0x03,0x00,0xaa,0x43,0x00,0x00,0x14,  // 3300
0x80,0xcb,0x38,0x25,0x01,0xd0,0x38,0x25,0xf2,0x03,0x00,0xaa,0x42,0xc4,0x38,0x25,  // 3310
0x03,0xc0,0x38,0x25,0xe4,0xc3,0x38,0x25,0x45,0xa2,0x00,0xa4,0x2e,0x21,0x00,0xd1,  // 3320
0xa6,0xc0,0x23,0x05,0xa1,0xa0,0x00,0x24,0xa2,0xa0,0x02,0x24,0xe6,0xc3,0x29,0x25,  // 3330
0xe5,0x1f,0x11,0x05,0xc3,0xa0,0x04,0x24,0xe6,0x1f,0x12,0x05,0xa1,0x00,0x01,0x24,  // 3340
0xe7,0x1f,0x13,0x05,0xc2,0x00,0x01,0x24,0xc1,0x19,0xbf,0xe5,0xce,0x57,0x69,0x04,  // 3350
0xcf,0x81,0x5f,0xb8,0x2e,0x21,0x00,0xd1,0xe3,0x00,0x01,0x24,0xc2,0x19,0xbf,0xe5,  // 3360
0xce,0x57,0x69,0x04,0xc1,0x81,0x5f,0xb8,0x2e,0x21,0x00,0xd1,0xc3,0x19,0xbf,0xe5,  // 3370
0xce,0x57,0x69,0x04,0xd0,0x81,0x5f,0xb8,0x0e,0x02,0x0f,0x2a,0xce,0x05,0x00,0x51,  // 3380
0xdf,0x01,0x01,0x6a,0x21,0x04,0x00,0x54,0x2e,0x04,0x00,0x51,0xdf,0x01,0x0f,0x6a,  // 3390
0x01,0xfc,0x00,0x54,0x1f,0x02,0x0e,0x6a,0xe1,0xc7,0x00,0x54,0x52,0x82,0x00,0x91,  // 33a0
0xde,0xff,0xff,0x17,0x10,0x04,0x80,0x52,0xe2,0x03,0x00,0xaa,0x2e,0x04,0x00,0x51,  // 33b0
0xdf,0x01,0x0f,0x6a,0xc1,0xfa,0x00,0x54,0x43,0x40,0x10,0xa4,0x2e,0x21,0x00,0xd1,  // 33c0
0x52,0x80,0x00,0x91,0xe2,0x03,0x12,0xaa,0x61,0xa0,0x00,0x24,0x62,0xa0,0x01,0x24,  // 33d0
0xe3,0x1f,0x11,0x05,0xe4,0x1f,0x12,0x05,0x61,0x00,0x02,0x24,0x82,0x00,0x02,0x24,  // 33e0
0xc1,0x19,0xbf,0xe5,0xce,0x57,0x69,0x04,0xcf,0x81,0x5f,0xb8,0x2e,0x21,0x00,0xd1,  // 33f0
0xc2,0x19,0xbf,0xe5,0xce,0x57,0x69,0x04,0xc1,0x81,0x5f,0xb8,0xee,0x05,0x00,0x51,  // 3400
0x3f,0x00,0x0e,0x6a,0x40,0xfd,0xff,0x54,0xeb,0x03,0x01,0x2a,0xfe,0x03,0x1f,0x2a,  // 3410
0x81,0x00,0x80,0x52,0x6b,0x01,0xc0,0xda,0x6b,0x11,0xc0,0xda,0x4b,0x02,0x0b,0x8b,  // 3420
0x72,0x05,0x00,0x91,0xeb,0x03,0x20,0xaa,0x40,0x02,0x0b,0x8b,0xc0,0x23,0xf9,0xb7,  // 3430
0xeb,0x03,0x12,0xaa,0x6f,0x15,0x40,0x38,0xff,0x81,0x00,0x71,0x48,0x07,0x00,0x54,  // 3440
0x2e,0x00,0x80,0x52,0x10,0xc0,0x84,0xd2,0xce,0x21,0xcf,0x9a,0x30,0x00,0xc0,0xf2,  // 3450
0xdf,0x01,0x10,0xea,0x80,0x06,0x00,0x54,0x4f,0x06,0x40,0x39,0x4b,0x0a,0x00,0x91,  // 3460
0xff,0x81,0x00,0x71,0x08,0x28,0x00,0x54,0x2e,0x00,0x80,0x52,0xce,0x21,0xcf,0x9a,  // 3470
0xdf,0x01,0x10,0xea,0x80,0x27,0x00,0x54,0x0f,0x49,0x40,0xf9,0x70,0x01,0x0f,0xcb,  // 3480
0x1f,0xfe,0x00,0xf1,0xe8,0x00,0x00,0x54,0x0b,0x00,0x80,0x92,0x0e,0x4d,0x40,0xf9,  // 3490
0x6b,0x21,0xd0,0x9a,0xd0,0x01,0x0b,0xea,0xe1,0x03,0x00,0x54,0xeb,0x01,0x01,0x91,  // 34a0
0x1f,0x20,0x03,0xd5,0x0e,0x65,0x05,0x10,0x01,0xc0,0x38,0x25,0xc0,0xa1,0x00,0xa4,  // 34b0
0x0f,0x04,0x80,0x52,0x62,0xa1,0x00,0xa4,0x63,0x41,0x0f,0xa4,0x2e,0x21,0x00,0xd1,  // 34c0
0xb0,0x57,0x69,0x04,0x6b,0x01,0x01,0x91,0x44,0xc0,0x21,0x05,0x65,0xc0,0x21,0x05,  // 34d0
0x84,0x06,0x80,0x05,0x85,0x06,0x80,0x05,0x04,0x30,0x24,0x05,0x05,0x30,0x25,0x05,  // 34e0
0x41,0xa0,0x04,0x24,0x62,0xa0,0x05,0x24,0xc1,0x19,0xbf,0xe5,0xc2,0x15,0xbf,0xe5,  // 34f0
0xce,0x57,0x69,0x04,0xce,0x81,0x5f,0xb8,0x10,0x82,0x5f,0xb8,0xce,0x81,0x10,0xaa,  // 3500
0xdf,0x05,0x00,0xb1,0x80,0xfd,0xff,0x54,0xf0,0x03,0x2e,0xaa,0x6f,0x01,0x01,0xd1,  // 3510
0x0f,0x41,0x09,0xa9,0x0b,0x02,0xc0,0xda,0x6b,0x11,0xc0,0xda,0xeb,0x01,0x0b,0x8b,  // 3520
0x6f,0x15,0x40,0x38,0xff,0xe9,0x00,0x71,0x21,0x22,0x00,0x54,0x2e,0x80,0x11,0xaa,  // 3530
0x0f,0x51,0x40,0xf9,0xee,0x01,0x00,0xa9,0x0e,0x51,0x40,0xf9,0x0f,0x61,0x40,0xf9,  // 3540
0xd0,0x81,0x00,0x91,0xc1,0x41,0x00,0x91,0x1f,0x02,0x0f,0xeb,0x01,0x51,0x00,0xf9,  // 3550
0x48,0x40,0x01,0x54,0xf1,0x03,0x0b,0xaa,0x6f,0x15,0x40,0x38,0xff,0x81,0x00,0x71,  // 3560
0x68,0x07,0x00,0x54,0x2e,0x00,0x80,0x52,0x10,0xc0,0x84,0xd2,0xce,0x21,0xcf,0x9a,  // 3570
0x30,0x00,0xc0,0xf2,0xdf,0x01,0x10,0xea,0xa0,0x06,0x00,0x54,0x2f,0x06,0x40,0x39,  // 3580
0x6b,0x05,0x00,0x91,0xff,0x81,0x00,0x71,0x88,0x11,0x00,0x54,0x2e,0x00,0x80,0x52,  // 3590
0xce,0x21,0xcf,0x9a,0xdf,0x01,0x10,0xea,0x00,0x11,0x00,0x54,0x0f,0x49,0x40,0xf9,  // 35a0
0x70,0x01,0x0f,0xcb,0x1f,0xfe,0x00,0xf1,0xe8,0x00,0x00,0x54,0x0b,0x00,0x80,0x92,  // 35b0
0x0e,0x4d,0x40,0xf9,0x6b,0x21,0xd0,0x9a,0xd0,0x01,0x0b,0xea,0x01,0x04,0x00,0x54,  // 35c0
0xeb,0x01,0x01,0x91,0xe0,0xe3,0x18,0x25,0x1f,0x20,0x03,0xd5,0xce,0x5b,0x05,0x10,  // 35d0
0x01,0xc0,0x38,0x25,0x0f,0x04,0x80,0x52,0xc0,0xa1,0x00,0xa4,0x62,0xa1,0x00,0xa4,  // 35e0
0x63,0x41,0x0f,0xa4,0x2e,0x21,0x00,0xd1,0xb0,0x57,0x69,0x04,0x6b,0x01,0x01,0x91,  // 35f0
0x44,0xc0,0x21,0x05,0x65,0xc0,0x21,0x05,0x84,0x06,0x80,0x05,0x85,0x06,0x80,0x05,  // 3600
0x04,0x30,0x24,0x05,0x05,0x30,0x25,0x05,0x41,0xa0,0x04,0x24,0x62,0xa0,0x05,0x24,  // 3610
0xc1,0x19,0xbf,0xe5,0xc2,0x15,0xbf,0xe5,0xce,0x57,0x69,0x04,0xce,0x81,0x5f,0xb8,  // 3620
0x10,0x82,0x5f,0xb8,0xce,0x81,0x10,0xaa,0xdf,0x05,0x00,0xb1,0x80,0xfd,0xff,0x54,  // 3630
0xf0,0x03,0x2e,0xaa,0x6f,0x01,0x01,0xd1,0x0f,0x41,0x09,0xa9,0x0b,0x02,0xc0,0xda,  // 3640
0x6b,0x11,0xc0,0xda,0xeb,0x01,0x0b,0x8b,0x6f,0x15,0x40,0x38,0xee,0x03,0x2c,0xaa,  // 3650
0xff,0x69,0x01,0x71,0xc3,0x00,0x80,0x52,0xd1,0x01,0x0b,0x8b,0x8c,0x0b,0x00,0x54,  // 3660
0xee,0xc1,0x00,0x51,0xe2,0x03,0x1f,0x2a,0xdf,0x29,0x00,0x71,0x42,0x18,0x00,0x54,  // 3670
0x0f,0xc1,0x41,0x39,0x4e,0x00,0x00,0x52,0x65,0x01,0x0e,0xcb,0xef,0x18,0x08,0x37,  // 3680
0xb2,0x00,0x40,0x39,0x4b,0xc2,0x00,0x71,0xa1,0x05,0x00,0x54,0xeb,0x03,0x05,0xaa,  // 3690
0x6f,0x1d,0x40,0x38,0xff,0xb9,0x00,0x71,0x40,0x50,0x00,0x54,0xe4,0x03,0x1f,0xaa,  // 36a0
0xff,0x15,0x01,0x71,0xe6,0x03,0x1f,0x2a,0x60,0x00,0x00,0x54,0xff,0x95,0x01,0x71,  // 36b0
0x21,0x57,0x00,0x54,0xe7,0x03,0x06,0x2a,0x6e,0x09,0x00,0x91,0x6f,0x1d,0x40,0x38,  // 36c0
0x30,0x00,0x80,0x52,0x00,0x00,0x80,0x12,0x63,0x00,0x80,0x52,0xff,0xb5,0x00,0x71,  // 36d0
0x6b,0x11,0x8e,0x9a,0x10,0x12,0x80,0x1a,0xff,0xad,0x00,0x71,0xcb,0x01,0x8b,0x9a,  // 36e0
0x2e,0x00,0x80,0x52,0x61,0x01,0x40,0x39,0xcf,0x01,0x90,0x1a,0x20,0xc0,0x00,0x51,  // 36f0
0x1f,0x24,0x00,0x71,0x28,0x38,0x01,0x54,0xe0,0x03,0x1f,0x2a,0xf0,0x03,0x1f,0xaa,  // 3700
0x43,0x01,0x80,0x52,0x6e,0x01,0x10,0x8b,0x00,0x04,0x03,0x1b,0x10,0x06,0x00,0x91,  // 3710
0xc1,0x05,0x40,0x39,0x2e,0xc0,0x00,0x51,0x00,0xc0,0x00,0x51,0xdf,0x29,0x00,0x71,  // 3720
0x23,0xff,0xff,0x54,0x0e,0x06,0x00,0xd1,0x6b,0x01,0x10,0x8b,0xdf,0x25,0x00,0xf1,  // 3730
0x62,0x73,0x01,0x54,0x07,0x1c,0x0f,0x1b,0xf6,0x02,0x00,0x14,0x7f,0x25,0x00,0x71,  // 3740
0x63,0x00,0x80,0x52,0x48,0x35,0x00,0x54,0xe4,0x03,0x1f,0xaa,0xe0,0x03,0x1f,0xaa,  // 3750
0x4b,0x01,0x80,0x52,0xe3,0x03,0x12,0x2a,0x8e,0x7c,0x0b,0x9b,0xaf,0x00,0x00,0x8b,  // 3760
0x00,0x04,0x00,0x91,0xce,0x41,0x23,0x8b,0xe3,0x05,0x40,0x39,0x6f,0xc0,0x00,0x51,  // 3770
0xc4,0xc1,0x00,0xd1,0xff,0x29,0x00,0x71,0x03,0xff,0xff,0x54,0x0b,0x04,0x00,0xd1,  // 3780
0xe6,0x03,0x1f,0x2a,0xe7,0x03,0x1f,0x2a,0x7f,0x4d,0x00,0xf1,0xab,0x00,0x00,0x8b,  // 3790
0xc2,0x70,0x01,0x54,0x7f,0xb8,0x00,0x71,0x21,0x4e,0x00,0x54,0x61,0x1d,0x40,0x38,  // 37a0
0x63,0x00,0x80,0x52,0xf3,0x03,0x0b,0xaa,0x2e,0xc0,0x00,0x51,0xdf,0x29,0x00,0x71,  // 37b0
0x83,0x4a,0x00,0x54,0x91,0x09,0x00,0x14,0xee,0x03,0x2c,0xaa,0xff,0x69,0x01,0x71,  // 37c0
0xc3,0x00,0x80,0x52,0xd1,0x01,0x0b,0x8b,0xcd,0xf4,0xff,0x54,0xff,0xb5,0x01,0x71,  // 37d0
0x64,0x05,0x00,0x91,0xcd,0x2d,0x00,0x54,0xff,0xb9,0x01,0x71,0x60,0x33,0x00,0x54,  // 37e0
0xff,0xd1,0x01,0x71,0x20,0x31,0x00,0x54,0xff,0xed,0x01,0x71,0x41,0xf2,0xfe,0x54,  // 37f0
0xcd,0x00,0x80,0x52,0xe2,0x03,0x08,0xaa,0xad,0x81,0x11,0xaa,0x2d,0x00,0x00,0xf9,  // 3800
0x0d,0x55,0x40,0xf9,0x2d,0x04,0x00,0xf9,0x52,0x8c,0x4b,0xf8,0x51,0x80,0x5e,0xf8,  // 3810
0x4e,0x04,0x40,0xf9,0x4f,0x80,0x5f,0xf8,0x2d,0x02,0x12,0xcb,0xa1,0xfd,0x44,0x93,  // 3820
0xbf,0x41,0x00,0xb1,0x2d,0x82,0x00,0x91,0xa2,0x11,0x4e,0xfa,0x2d,0x42,0x00,0x91,  // 3830
0xee,0x05,0x00,0x91,0x4d,0x80,0x1e,0xf8,0x2d,0x92,0x9f,0x9a,0x01,0x55,0x00,0xf9,  // 3840
0x4e,0x80,0x1f,0xf8,0xcd,0xe7,0x01,0xb4,0x6f,0x01,0x40,0x39,0xff,0x81,0x00,0x71,  // 3850
0xe8,0x82,0x00,0x54,0x2e,0x00,0x80,0x52,0x10,0xc0,0x84,0xd2,0xe0,0x03,0x04,0xaa,  // 3860
0xce,0x21,0xcf,0x9a,0x30,0x00,0xc0,0xf2,0xdf,0x01,0x10,0xea,0xe0,0x06,0x00,0x54,  // 3870
0x6f,0x05,0x40,0x39,0x80,0x04,0x00,0x91,0xff,0x81,0x00,0x71,0x48,0x80,0x00,0x54,  // 3880
0x2b,0x00,0x80,0x52,0x0e,0xc0,0x84,0xd2,0x6b,0x21,0xcf,0x9a,0x2e,0x00,0xc0,0xf2,  // 3890
0x7f,0x01,0x0e,0xea,0x80,0x7f,0x00,0x54,0x0b,0x49,0x40,0xf9,0x0f,0x00,0x0b,0xcb,  // 38a0
0xff,0xfd,0x00,0xf1,0xe8,0x00,0x00,0x54,0x0e,0x00,0x80,0x92,0x10,0x4d,0x40,0xf9,  // 38b0
0xce,0x21,0xcf,0x9a,0x0f,0x02,0x0e,0xea,0x01,0x04,0x00,0x54,0x60,0x01,0x01,0x91,  // 38c0
0xe0,0xe3,0x18,0x25,0x1f,0x20,0x03,0xd5,0xeb,0x43,0x05,0x10,0x01,0xc0,0x38,0x25,  // 38d0
0x60,0xa1,0x00,0xa4,0x0b,0x04,0x80,0x52,0x02,0xa0,0x00,0xa4,0x03,0x40,0x0b,0xa4,  // 38e0
0x2e,0x21,0x00,0xd1,0xaf,0x57,0x69,0x04,0x00,0x00,0x01,0x91,0x44,0xc0,0x21,0x05,  // 38f0
0x65,0xc0,0x21,0x05,0x84,0x06,0x80,0x05,0x85,0x06,0x80,0x05,0x04,0x30,0x24,0x05,  // 3900
0x05,0x30,0x25,0x05,0x41,0xa0,0x04,0x24,0x62,0xa0,0x05,0x24,0xc1,0x19,0xbf,0xe5,  // 3910
0xc2,0x15,0xbf,0xe5,0xce,0x57,0x69,0x04,0xce,0x81,0x5f,0xb8,0xef,0x81,0x5f,0xb8,  // 3920
0xce,0x81,0x0f,0xaa,0xdf,0x05,0x00,0xb1,0x80,0xfd,0xff,0x54,0xef,0x03,0x2e,0xaa,  // 3930
0x0b,0x00,0x01,0xd1,0x0b,0x3d,0x09,0xa9,0xee,0x01,0xc0,0xda,0xce,0x11,0xc0,0xda,  // 3940
0x60,0x01,0x0e,0x8b,0x0f,0x14,0x40,0x38,0xff,0xf5,0x01,0x71,0x01,0x4b,0x00,0x54,  // 3950
0x0b,0xcd,0x40,0xb9,0x4d,0x12,0x01,0x8b,0x6b,0x05,0x00,0x11,0x0b,0xcd,0x00,0xb9,  // 3960
0xa9,0x01,0x00,0x14,0xff,0xe9,0x00,0x71,0x20,0xde,0xff,0x54,0x03,0x01,0x80,0x52,  // 3970
0x31,0xf7,0xff,0x17,0xff,0x89,0x00,0x71,0x00,0x36,0x00,0x54,0xff,0xb5,0x00,0x71,  // 3980
0xa1,0xe5,0xfe,0x54,0x22,0x00,0x80,0x52,0x0f,0xc1,0x41,0x39,0x4e,0x00,0x00,0x52,  // 3990
0x65,0x01,0x0e,0xcb,0x6f,0xe7,0x0f,0x36,0xc6,0x01,0x40,0x93,0x4e,0x01,0x05,0xcb,  // 39a0
0x13,0x00,0x80,0x92,0xd2,0x01,0x06,0xeb,0x00,0x66,0x00,0x54,0xae,0x00,0x40,0x39,  // 39b0
0xdf,0xc1,0x00,0x71,0x61,0x02,0x00,0x54,0xe0,0x03,0x1f,0x2a,0x5f,0x06,0x00,0xf1,  // 39c0
0x33,0x00,0x80,0x52,0x2f,0x00,0x80,0x52,0x60,0x65,0x00,0x54,0xae,0x04,0x40,0x39,  // 39d0
0xe0,0x03,0x1f,0x2a,0x33,0x00,0x80,0x52,0x2f,0x00,0x80,0x52,0xce,0xb9,0x00,0x51,  // 39e0
0xdf,0xdd,0x00,0x71,0x88,0x64,0x00,0x54,0xee,0x21,0xce,0x9a,0xef,0x03,0x09,0xb2,  // 39f0
0x2f,0x00,0x80,0xf2,0xdf,0x01,0x0f,0xea,0x2f,0x00,0x80,0x52,0xc0,0x63,0x00,0x54,  // 3a00
0x5f,0x82,0x00,0xf1,0x04,0x00,0x80,0x92,0xe3,0x5b,0x01,0x54,0xe0,0xe3,0x18,0x25,  // 3a10
0xe0,0xc5,0x38,0x25,0x21,0xc7,0x38,0x25,0xc2,0xc5,0x38,0x25,0xe7,0x03,0x1f,0xaa,  // 3a20
0x13,0x00,0x80,0x12,0xa3,0xcc,0x38,0x25,0xa4,0xc8,0x38,0x25,0x00,0x00,0x80,0x92,  // 3a30
0x65,0xc5,0x38,0x25,0xa6,0xc5,0x38,0x25,0x03,0x00,0x80,0x92,0xa7,0x40,0x07,0xa4,  // 3a40
0x2e,0x21,0x00,0xd1,0xcf,0x57,0x69,0x04,0x70,0x57,0x69,0x04,0x54,0x57,0x69,0x04,  // 3a50
0x35,0x57,0x69,0x04,0xf6,0x57,0x29,0x04,0xf1,0x80,0x00,0x24,0xf2,0x80,0x01,0x24,  // 3a60
0xe3,0xa0,0x02,0x24,0xc1,0x19,0xbf,0xe5,0xe1,0xa0,0x03,0x24,0xc2,0x15,0xbf,0xe5,  // 3a70
0xe2,0xa0,0x04,0x24,0xef,0x81,0x5f,0xb8,0xc3,0x11,0xbf,0xe5,0xe3,0xa0,0x05,0x24,  // 3a80
0xc1,0x0d,0xbf,0xe5,0xe1,0xa0,0x06,0x24,0xc2,0x09,0xbf,0xe5,0x10,0x82,0x5f,0xb8,  // 3a90
0xc3,0x05,0xbf,0xe5,0x94,0x82,0x5f,0xb8,0xc1,0x01,0xbf,0xe5,0xae,0x57,0x69,0x04,  // 3aa0
0xb5,0x82,0x5f,0xb8,0xce,0x81,0x5f,0xb8,0xd7,0x82,0x5f,0xb8,0x96,0x57,0x69,0x04,  // 3ab0
0xd6,0x82,0x5f,0xb8,0xee,0x01,0x2e,0x0a,0x8f,0x02,0x10,0x2a,0xf5,0x02,0x15,0x2a,  // 3ac0
0xee,0x01,0x0e,0x2a,0xb0,0x02,0x16,0x2a,0xce,0x01,0x10,0x2a,0xee,0x03,0x2e,0xaa,  // 3ad0
0xce,0x01,0xc0,0xda,0xd4,0x11,0xc0,0xda,0x9f,0x82,0x00,0x71,0xa0,0x00,0x00,0x54,  // 3ae0
0x6e,0x22,0xd4,0x1a,0xd6,0x02,0x2e,0x0a,0xef,0x01,0x2e,0x0a,0xb5,0x02,0x2e,0x0a,  // 3af0
0xce,0x06,0x00,0x51,0xce,0x01,0x16,0x6a,0x81,0x8d,0x00,0x54,0xee,0x05,0x00,0x51,  // 3b00
0xce,0x01,0x0f,0x6a,0x21,0x8d,0x00,0x54,0xae,0x06,0x00,0x51,0xce,0x01,0x15,0x6a,  // 3b10
0xc1,0x8c,0x00,0x54,0xd6,0x00,0x00,0x34,0x7f,0x04,0x00,0xb1,0x81,0x8c,0x00,0x54,  // 3b20
0xce,0x02,0xc0,0x5a,0xce,0x11,0xc0,0x5a,0xe3,0x00,0x0e,0x8b,0xcf,0x00,0x00,0x34,  // 3b30
0x1f,0x04,0x00,0xb1,0x61,0xf8,0x00,0x54,0xee,0x01,0xc0,0x5a,0xce,0x11,0xc0,0x5a,  // 3b40
0xe0,0x00,0x0e,0x8b,0xd5,0x00,0x00,0x34,0x9f,0x04,0x00,0xb1,0xe1,0xf7,0x00,0x54,  // 3b50
0xae,0x02,0xc0,0x5a,0xce,0x11,0xc0,0x5a,0xe4,0x00,0x0e,0x8b,0x9f,0x82,0x00,0x71,  // 3b60
0xa1,0x14,0x00,0x54,0x52,0x82,0x00,0xd1,0xe7,0x80,0x00,0x91,0x5f,0x7e,0x00,0xf1,  // 3b70
0x68,0xf6,0xff,0x54,0xa7,0x00,0x07,0x8b,0x5f,0x42,0x00,0xf1,0x83,0x0b,0x00,0x54,  // 3b80
0xc0,0xe5,0x01,0x4f,0x61,0xe5,0x01,0x4f,0x2e,0x00,0x00,0xd0,0xa2,0xe5,0x01,0x4f,  // 3b90
0x03,0xe6,0x06,0x4f,0x2f,0x00,0x00,0xd0,0x44,0xe5,0x00,0x4f,0xe5,0xe7,0x06,0x4f,  // 3ba0
0xc7,0xb9,0xc2,0x3d,0xa6,0xe4,0x02,0x4f,0xf0,0xbd,0xc2,0x3d,0xf3,0x03,0x1f,0xaa,  // 3bb0
0xf4,0x00,0x05,0xcb,0x15,0x00,0x80,0x12,0xf1,0x68,0xf3,0x3c,0x32,0x86,0x23,0x4e,  // 3bc0
0x33,0x8e,0x21,0x6e,0x34,0x8e,0x22,0x6e,0x35,0x1e,0x25,0x4e,0x31,0x8e,0x20,0x6e,  // 3bd0
0x73,0x1e,0xb4,0x4e,0x92,0x34,0x32,0x6e,0xb5,0x8e,0x26,0x6e,0x52,0x1e,0xb1,0x4e,  // 3be0
0xb4,0x1e,0xb3,0x4e,0x31,0x1e,0x27,0x4e,0x73,0x1e,0x27,0x4e,0x52,0x1e,0xb4,0x4e,  // 3bf0
0xb4,0x1e,0x27,0x4e,0x31,0x02,0x10,0x4e,0x73,0x02,0x10,0x4e,0x52,0x1e,0x27,0x4e,  // 3c00
0x31,0xba,0x71,0x4e,0x73,0xba,0x71,0x4e,0x52,0x02,0x10,0x4e,0x2f,0x02,0x26,0x1e,  // 3c10
0x78,0x02,0x26,0x1e,0x52,0xba,0x71,0x4e,0x4e,0x02,0x26,0x1e,0x92,0x02,0x10,0x4e,  // 3c20
0xee,0x03,0x2e,0x2a,0xce,0x3d,0x10,0x32,0x52,0xba,0x71,0x4e,0xce,0x01,0xc0,0x5a,  // 3c30
0xd6,0x11,0xc0,0x5a,0xae,0x22,0xd6,0x1a,0x57,0x02,0x26,0x1e,0xdf,0x42,0x00,0x71,  // 3c40
0xf0,0x01,0x2e,0x0a,0xf0,0x01,0x90,0x1a,0xef,0x02,0x2e,0x0a,0x0e,0x03,0x2e,0x0a,  // 3c50
0x19,0x06,0x00,0x51,0xf7,0x02,0x8f,0x1a,0x0f,0x03,0x8e,0x1a,0x2e,0x03,0x10,0x6a,  // 3c60
0x81,0xe2,0x00,0x54,0xee,0x06,0x00,0x51,0xce,0x01,0x17,0x6a,0x21,0xe2,0x00,0x54,  // 3c70
0xee,0x05,0x00,0x51,0xce,0x01,0x0f,0x6a,0xc1,0xe1,0x00,0x54,0xf0,0x00,0x00,0x34,  // 3c80
0x0e,0x02,0xc0,0x5a,0x7f,0x04,0x00,0xb1,0xd0,0x11,0xc0,0x5a,0x41,0x05,0x01,0x54,  // 3c90
0x8e,0x02,0x13,0x8b,0xc3,0x01,0x10,0x8b,0xf7,0x00,0x00,0x34,0xee,0x02,0xc0,0x5a,  // 3ca0
0x1f,0x04,0x00,0xb1,0xd0,0x11,0xc0,0x5a,0x61,0x04,0x01,0x54,0x8e,0x02,0x13,0x8b,  // 3cb0
0xc0,0x01,0x10,0x8b,0xef,0x00,0x00,0x34,0xee,0x01,0xc0,0x5a,0x9f,0x04,0x00,0xb1,  // 3cc0
0xcf,0x11,0xc0,0x5a,0x61,0x17,0x01,0x54,0x8e,0x02,0x13,0x8b,0xc4,0x01,0x0f,0x8b,  // 3cd0
0xdf,0x42,0x00,0x71,0x81,0x26,0x00,0x54,0x52,0x42,0x00,0xd1,0x73,0x42,0x00,0x91,  // 3ce0
0x5f,0x3e,0x00,0xf1,0xa8,0xf6,0xff,0x54,0xe7,0x00,0x13,0x8b,0x12,0x26,0x00,0xb4,  // 3cf0
0x6b,0x01,0x06,0x8b,0xee,0x03,0x27,0xaa,0xf4,0x00,0x12,0x8b,0xd3,0x01,0x0b,0x8b,  // 3d00
0xeb,0x00,0x05,0xcb,0xe6,0x03,0x07,0xaa,0x09,0x00,0x00,0x14,0x1f,0x04,0x00,0xb1,  // 3d10
0xe0,0x03,0x0b,0xaa,0x21,0x27,0x00,0x54,0x52,0x06,0x00,0xd1,0x73,0x06,0x00,0xd1,  // 3d20
0x6b,0x05,0x00,0x91,0xe7,0x03,0x06,0xaa,0x72,0x5c,0x00,0xb4,0xcf,0x14,0x40,0x38,  // 3d30
0xee,0xc1,0x00,0x51,0xdf,0x29,0x00,0x71,0x03,0xff,0xff,0x54,0xff,0xb5,0x00,0x71,  // 3d40
0x6d,0x01,0x00,0x54,0xff,0x95,0x01,0x71,0x20,0xfe,0xff,0x54,0xff,0x15,0x01,0x71,  // 3d50
0xe0,0xfd,0xff,0x54,0xff,0xb9,0x00,0x71,0xa1,0x22,0x00,0x54,0x7f,0x04,0x00,0xb1,  // 3d60
0xe3,0x03,0x0b,0xaa,0xa0,0xfd,0xff,0x54,0x24,0x01,0x00,0x14,0xff,0xad,0x00,0x71,  // 3d70
0x60,0x00,0x00,0x54,0xff,0xb5,0x00,0x71,0xa1,0x21,0x00,0x54,0x9f,0x04,0x00,0xb1,  // 3d80
0xe4,0x03,0x0b,0xaa,0xa0,0xfc,0xff,0x54,0x1c,0x01,0x00,0x14,0xff,0x6d,0x01,0x71,  // 3d90
0x20,0x08,0x00,0x54,0xff,0x99,0x01,0x71,0xe1,0xc4,0xfe,0x54,0xef,0x03,0x0b,0xaa,  // 3da0
0xa0,0x01,0x80,0x52,0xee,0x15,0x40,0x38,0xdf,0x85,0x01,0x71,0xa1,0x01,0x00,0x54,  // 3db0
0x6e,0x05,0x40,0x39,0x6f,0x09,0x00,0x91,0xdf,0xb1,0x01,0x71,0x21,0x01,0x00,0x54,  // 3dc0
0x6e,0x09,0x40,0x39,0x6f,0x0d,0x00,0x91,0xdf,0xcd,0x01,0x71,0xa1,0x00,0x00,0x54,  // 3dd0
0x6e,0x0d,0x40,0x39,0x6f,0x11,0x00,0x91,0xdf,0x95,0x01,0x71,0xe0,0x03,0x80,0x1a,  // 3de0
0x4b,0x00,0x80,0x52,0x6b,0x81,0x11,0xaa,0x26,0x00,0x00,0x14,0xeb,0x03,0x05,0xaa,  // 3df0
0x02,0x08,0x00,0x14,0x8b,0x02,0x07,0x8b,0xa7,0x00,0x0b,0x8b,0x13,0x00,0x80,0x92,  // 3e00
0xa3,0x1d,0x00,0xb5,0x19,0x02,0x00,0x14,0xef,0x03,0x0b,0xaa,0xa0,0x01,0x80,0x52,  // 3e10
0xee,0x15,0x40,0x38,0xdf,0xc9,0x01,0x71,0x21,0x01,0x00,0x54,0x6e,0x05,0x40,0x39,  // 3e20
0x6f,0x09,0x00,0x91,0xdf,0xd5,0x01,0x71,0xa1,0x00,0x00,0x54,0x6e,0x09,0x40,0x39,  // 3e30
0x6f,0x0d,0x00,0x91,0xdf,0x95,0x01,0x71,0xe0,0x03,0x80,0x1a,0x4b,0x01,0x80,0x52,  // 3e40
0x6b,0x81,0x11,0xaa,0x0f,0x00,0x00,0x14,0xef,0x03,0x0b,0xaa,0xa0,0x01,0x80,0x52,  // 3e50
0xee,0x15,0x40,0x38,0xdf,0xd5,0x01,0x71,0x21,0x01,0x00,0x54,0x6e,0x05,0x40,0x39,  // 3e60
0x6f,0x09,0x00,0x91,0xdf,0xb1,0x01,0x71,0xa1,0x00,0x00,0x54,0x6e,0x09,0x40,0x39,  // 3e70
0x6f,0x0d,0x00,0x91,0xdf,0xb1,0x01,0x71,0xe0,0x03,0x80,0x1a,0x2b,0x7e,0x60,0xd3,  // 3e80
0xee,0x03,0x01,0xaa,0xcb,0x05,0x01,0xf8,0xeb,0x03,0x0f,0xaa,0x0e,0x51,0x00,0xf9,  // 3e90
0xfe,0x07,0x00,0x14,0xed,0x00,0x80,0x52,0xe2,0x03,0x08,0xaa,0xad,0x81,0x11,0xaa,  // 3ea0
0x2d,0x00,0x00,0xf9,0x0d,0x55,0x40,0xf9,0x2d,0x04,0x00,0xf9,0x52,0x8c,0x4b,0xf8,  // 3eb0
0x51,0x80,0x5e,0xf8,0x4e,0x04,0x40,0xf9,0x4f,0x80,0x5f,0xf8,0x2d,0x02,0x12,0xcb,  // 3ec0
0xa1,0xfd,0x44,0x93,0xbf,0x41,0x00,0xb1,0x2d,0x82,0x00,0x91,0xa2,0x11,0x4e,0xfa,  // 3ed0
0x2d,0x42,0x00,0x91,0xee,0x05,0x00,0x91,0x4d,0x80,0x1e,0xf8,0x2d,0x92,0x9f,0x9a,  // 3ee0
0x01,0x55,0x00,0xf9,0x4e,0x80,0x1f,0xf8,0xad,0xb2,0x01,0xb4,0xe0,0x03,0x0b,0xaa,  // 3ef0
0x0f,0x14,0x40,0x38,0xff,0x81,0x00,0x71,0xa8,0x07,0x00,0x54,0x2e,0x00,0x80,0x52,  // 3f00
0x10,0xc0,0x84,0xd2,0xce,0x21,0xcf,0x9a,0x30,0x00,0xc0,0xf2,0xdf,0x01,0x10,0xea,  // 3f10
0xe0,0x06,0x00,0x54,0x6f,0x05,0x40,0x39,0x80,0x04,0x00,0x91,0xff,0x81,0x00,0x71,  // 3f20
0x48,0x4b,0x00,0x54,0x2b,0x00,0x80,0x52,0x0e,0xc0,0x84,0xd2,0x6b,0x21,0xcf,0x9a,  // 3f30
0x2e,0x00,0xc0,0xf2,0x7f,0x01,0x0e,0xea,0x80,0x4a,0x00,0x54,0x0b,0x49,0x40,0xf9,  // 3f40
0x0f,0x00,0x0b,0xcb,0xff,0xfd,0x00,0xf1,0xe8,0x00,0x00,0x54,0x0e,0x00,0x80,0x92,  // 3f50
0x10,0x4d,0x40,0xf9,0xce,0x21,0xcf,0x9a,0x0f,0x02,0x0e,0xea,0x01,0x04,0x00,0x54,  // 3f60
0x60,0x01,0x01,0x91,0xe0,0xe3,0x18,0x25,0x1f,0x20,0x03,0xd5,0xcb,0x0e,0x05,0x10,  // 3f70
0x01,0xc0,0x38,0x25,0x60,0xa1,0x00,0xa4,0x0b,0x04,0x80,0x52,0x02,0xa0,0x00,0xa4,  // 3f80
0x03,0x40,0x0b,0xa4,0x2e,0x21,0x00,0xd1,0xaf,0x57,0x69,0x04,0x00,0x00,0x01,0x91,  // 3f90
0x44,0xc0,0x21,0x05,0x65,0xc0,0x21,0x05,0x84,0x06,0x80,0x05,0x85,0x06,0x80,0x05,  // 3fa0
0x04,0x30,0x24,0x05,0x05,0x30,0x25,0x05,0x41,0xa0,0x04,0x24,0x62,0xa0,0x05,0x24,  // 3fb0
0xc1,0x19,0xbf,0xe5,0xc2,0x15,0xbf,0xe5,0xce,0x57,0x69,0x04,0xce,0x81,0x5f,0xb8,  // 3fc0
0xef,0x81,0x5f,0xb8,0xce,0x81,0x0f,0xaa,0xdf,0x05,0x00,0xb1,0x80,0xfd,0xff,0x54,  // 3fd0
0xef,0x03,0x2e,0xaa,0x0b,0x00,0x01,0xd1,0x0b,0x3d,0x09,0xa9,0xee,0x01,0xc0,0xda,  // 3fe0
0xce,0x11,0xc0,0xda,0x60,0x01,0x0e,0x8b,0x0f,0x14,0x40,0x38,0xff,0x75,0x01,0x71,  // 3ff0
0x81,0x8c,0x02,0x54,0x0b,0xd1,0x40,0xb9,0x4d,0x12,0x01,0x8b,0x6b,0x05,0x00,0x11,  // 4000
0x0b,0xd1,0x00,0xb9,0xab,0x05,0x40,0xf9,0x0b,0x55,0x00,0xf9,0x2b,0x00,0x00,0xb0,  // 4010
0x60,0x89,0x45,0xfd,0x2b,0x02,0x40,0xf9,0x6b,0x9d,0x60,0x92,0x20,0x06,0x00,0xfd,  // 4020
0x2b,0x02,0x00,0xf9,0x0b,0x59,0x40,0xf9,0x0d,0xe5,0x40,0xb9,0x7f,0x01,0x0d,0xeb,  // 4030
0x89,0x5a,0x01,0x54,0x6e,0x0a,0x00,0x14,0xe0,0xe3,0x18,0x25,0x00,0x39,0x40,0xf9,  // 4040
0x40,0x0e,0x28,0x37,0x62,0xa1,0x00,0xa4,0x80,0xcb,0x38,0x25,0x41,0xc4,0x38,0x25,  // 4050
0x2e,0x21,0x00,0xd1,0x41,0xa0,0x00,0x24,0x42,0xa0,0x01,0x24,0x02,0xd0,0x38,0x25,  // 4060
0xe3,0x1f,0x11,0x05,0xe4,0x1f,0x12,0x05,0x61,0x00,0x02,0x24,0x82,0x00,0x02,0x24,  // 4070
0xc1,0x19,0xbf,0xe5,0xce,0x57,0x69,0x04,0xcf,0x81,0x5f,0xb8,0x2e,0x21,0x00,0xd1,  // 4080
0xc2,0x19,0xbf,0xe5,0xce,0x57,0x69,0x04,0xc1,0x81,0x5f,0xb8,0xee,0x05,0x00,0x51,  // 4090
0x3f,0x00,0x0e,0x6a,0x80,0x38,0x00,0x54,0xf2,0x03,0x0b,0xaa,0xdb,0x01,0x00,0x14,  // 40a0
0xeb,0x03,0x05,0xaa,0x63,0x00,0x80,0x52,0x61,0x2d,0x40,0x38,0x2e,0xc0,0x00,0x51,  // 40b0
0xdf,0x25,0x00,0x71,0x28,0xea,0x00,0x54,0xeb,0x03,0x1f,0xaa,0x3f,0xc0,0x00,0x71,  // 40c0
0xc1,0x00,0x00,0x54,0xae,0x00,0x0b,0x8b,0x6b,0x05,0x00,0x91,0xc1,0x0d,0x40,0x39,  // 40d0
0x3f,0xc0,0x00,0x71,0x80,0xff,0xff,0x54,0x3f,0x14,0x01,0x71,0x00,0x0f,0x00,0x54,  // 40e0
0x3f,0x94,0x01,0x71,0xc0,0x0e,0x00,0x54,0xae,0x00,0x0b,0x8b,0xe0,0x03,0x1f,0xaa,  // 40f0
0xe6,0x03,0x1f,0x2a,0xe4,0x03,0x1f,0xaa,0xd3,0x09,0x00,0x91,0xe7,0x03,0x0b,0x4b,  // 4100
0x30,0x02,0x80,0x52,0x0b,0x02,0x00,0xcb,0x7f,0x05,0x00,0xf1,0x4b,0x0d,0x00,0x54,  // 4110
0x4e,0x02,0x80,0x52,0xe3,0x03,0x1f,0xaa,0x0f,0x02,0x00,0x4b,0x6b,0x02,0x0b,0x8b,  // 4120
0xd0,0x01,0x00,0xcb,0x40,0x01,0x80,0x52,0x61,0x02,0x40,0x39,0x2e,0xc0,0x00,0x51,  // 4130
0xdf,0x25,0x00,0x71,0x08,0x0d,0x00,0x54,0x8e,0x04,0x00,0x9b,0x63,0x04,0x00,0xd1,  // 4140
0x73,0x06,0x00,0x91,0x01,0x02,0x03,0x8b,0x3f,0x04,0x00,0xf1,0xc4,0xc1,0x00,0xd1,  // 4150
0xcc,0xfe,0xff,0x54,0x61,0x01,0x40,0x39,0x61,0x00,0x00,0x14,0x7f,0x14,0x01,0x71,  // 4160
0xc0,0xaa,0xff,0x54,0x7f,0x94,0x01,0x71,0x80,0xaa,0xff,0x54,0x07,0x27,0x01,0x35,  // 4170
0x42,0x38,0x00,0x34,0xee,0x07,0x41,0xb2,0x9f,0x00,0x0e,0xeb,0x43,0x3a,0x00,0x54,  // 4180
0x80,0x00,0x63,0x9e,0xe0,0x03,0x1f,0x2a,0x0e,0x00,0x66,0x9e,0xcf,0x01,0x41,0xd2,  // 4190
0x33,0x07,0x00,0x14,0xe3,0x03,0x1f,0x2a,0xfb,0x03,0x1f,0xaa,0xc2,0xe3,0x00,0x36,  // 41a0
0x21,0x07,0x00,0x14,0xeb,0x40,0x36,0x8b,0x67,0x01,0x13,0x8b,0x13,0x00,0x80,0x92,  // 41b0
0xc3,0x25,0x00,0xb4,0xa4,0x25,0x00,0xb4,0x80,0x25,0x00,0xb4,0xeb,0x00,0x05,0xcb,  // 41c0
0x6e,0x05,0x00,0xd1,0x7f,0x00,0x0e,0xeb,0x60,0x01,0x00,0x54,0x9f,0x00,0x0e,0xeb,  // 41d0
0x20,0x01,0x00,0x54,0x1f,0x00,0x0e,0xeb,0xe0,0x00,0x00,0x54,0x8e,0x04,0x00,0xf1,  // 41e0
0x6b,0x23,0x00,0x54,0x1f,0x00,0x0e,0xeb,0x20,0x23,0x00,0x54,0xf3,0x03,0x24,0xaa,  // 41f0
0x1e,0x01,0x00,0x14,0xf3,0x03,0x0b,0xcb,0xe0,0x03,0x1f,0x2a,0xef,0x03,0x13,0xaa,  // 4200
0xb3,0x23,0xf8,0xb6,0x19,0x01,0x00,0x14,0x80,0xcb,0x38,0x25,0x01,0xd0,0x38,0x25,  // 4210
0xf2,0x03,0x0b,0xaa,0x42,0xc4,0x38,0x25,0x03,0xc0,0x38,0x25,0xe4,0xc3,0x38,0x25,  // 4220
0x45,0xa2,0x00,0xa4,0x2e,0x21,0x00,0xd1,0xa6,0xc0,0x23,0x05,0xa1,0xa0,0x00,0x24,  // 4230
0xa2,0xa0,0x02,0x24,0xe6,0xc3,0x29,0x25,0xe5,0x1f,0x11,0x05,0xc3,0xa0,0x04,0x24,  // 4240
0xe6,0x1f,0x12,0x05,0xa1,0x00,0x01,0x24,0xe7,0x1f,0x13,0x05,0xc2,0x00,0x01,0x24,  // 4250
0xc1,0x19,0xbf,0xe5,0xce,0x57,0x69,0x04,0xcf,0x81,0x5f,0xb8,0x2e,0x21,0x00,0xd1,  // 4260
0xe3,0x00,0x01,0x24,0xc2,0x19,0xbf,0xe5,0xce,0x57,0x69,0x04,0xc1,0x81,0x5f,0xb8,  // 4270
0x2e,0x21,0x00,0xd1,0xc3,0x19,0xbf,0xe5,0xce,0x57,0x69,0x04,0xd0,0x81,0x5f,0xb8,  // 4280
0x0e,0x02,0x0f,0x2a,0xce,0x05,0x00,0x51,0xdf,0x01,0x01,0x6a,0xe1,0x2b,0x00,0x54,  // 4290
0x2e,0x04,0x00,0x51,0xdf,0x01,0x0f,0x6a,0x41,0xea,0x00,0x54,0x1f,0x02,0x0e,0x6a,  // 42a0
0x41,0xe9,0x00,0x54,0x52,0x82,0x00,0x91,0xde,0xff,0xff,0x17,0xeb,0x03,0x0f,0x2a,  // 42b0
0xf7,0xfb,0xff,0x17,0xef,0x03,0x1f,0x2a,0x08,0x00,0x00,0x14,0xab,0x00,0x0b,0x8b,  // 42c0
0xe6,0x03,0x1f,0x2a,0xe7,0x03,0x1f,0x2a,0xe4,0x03,0x1f,0xaa,0x6b,0x09,0x00,0x91,  // 42d0
0xfa,0xfc,0xff,0x17,0xef,0x03,0x03,0x4b,0xeb,0x03,0x13,0xaa,0x2e,0xc0,0x00,0x51,  // 42e0
0xe7,0x00,0x0f,0x4b,0xdf,0x25,0x00,0x71,0xc8,0x00,0x00,0x54,0x61,0x1d,0x40,0x38,  // 42f0
0x2e,0xc0,0x00,0x51,0xdf,0x29,0x00,0x71,0xa3,0xff,0xff,0x54,0x26,0x00,0x80,0x52,  // 4300
0xee,0x1b,0x80,0x52,0x2e,0x00,0x0e,0x0a,0xdf,0x15,0x01,0x71,0x60,0x9d,0xff,0x54,  // 4310
0x8e,0xfc,0x74,0xd3,0x5f,0x00,0x00,0x71,0x0f,0x00,0x80,0x12,0xf6,0x15,0x8f,0x5a,  // 4320
0x0e,0x05,0x00,0xb5,0x80,0x00,0x63,0x9e,0xce,0x7e,0x1f,0x53,0x0f,0x00,0x66,0x9e,  // 4330
0xee,0xfd,0x0e,0xaa,0xc0,0x01,0x67,0x9e,0x27,0xd5,0x00,0x34,0x04,0xd5,0x00,0xb4,  // 4340
0xee,0x04,0x00,0x51,0xdf,0x91,0x00,0x71,0xc8,0x02,0x00,0x54,0xff,0x5c,0x00,0x71,  // 4350
0xef,0x03,0x07,0x2a,0xe3,0x00,0x00,0x54,0xee,0x58,0x00,0x51,0x2f,0x00,0x00,0xb0,  // 4360
0xef,0x81,0x2c,0x91,0xe1,0x59,0x6e,0xfc,0xcf,0x02,0x80,0x52,0x20,0x08,0x60,0x1e,  // 4370
0x2e,0x00,0x00,0xb0,0xc1,0x81,0x45,0xfd,0x00,0x20,0x61,0x1e,0x8c,0x02,0x00,0x54,  // 4380
0x2e,0x00,0x00,0xb0,0xc1,0x85,0x45,0xfd,0x00,0x20,0x61,0x1e,0x04,0x02,0x00,0x54,  // 4390
0x2e,0x00,0x00,0xb0,0xce,0x81,0x2c,0x91,0xc1,0x59,0x6f,0xfc,0x8f,0x06,0x00,0x14,  // 43a0
0xff,0x58,0x00,0x31,0xe3,0x00,0x00,0x54,0xee,0x03,0x07,0x4b,0x2f,0x00,0x00,0xb0,  // 43b0
0xef,0x81,0x2c,0x91,0xe1,0x59,0x6e,0xfc,0x00,0x18,0x61,0x1e,0x88,0x06,0x00,0x14,  // 43c0
0xee,0x70,0x05,0x51,0xdf,0xe1,0x0a,0x31,0x23,0x07,0x00,0x54,0xee,0x70,0x05,0x11,  // 43d0
0x2f,0x00,0x00,0xb0,0xef,0x61,0x2f,0x91,0xe3,0x51,0x2e,0x8b,0x4e,0x4d,0x8a,0x52,  // 43e0
0x94,0x10,0xc0,0xda,0x6e,0x00,0xa0,0x72,0x90,0x20,0xd4,0x9a,0xf7,0x03,0x16,0x2a,  // 43f0
0x73,0x04,0x40,0xf9,0xee,0x7c,0x0e,0x1b,0xf6,0x03,0x30,0xaa,0x6f,0x7e,0x10,0x9b,  // 4400
0xce,0x7d,0x10,0x13,0x67,0x7e,0xd0,0x9b,0xce,0xfd,0x10,0x11,0xc1,0x7d,0x40,0x93,  // 4410
0xff,0x01,0x16,0xeb,0xf5,0x20,0x40,0x92,0xe9,0x01,0x00,0x54,0xbf,0xfe,0x07,0xf1,  // 4420
0xa1,0x01,0x00,0x54,0x6e,0x00,0x40,0xf9,0xc0,0x7d,0xd0,0x9b,0xce,0x7d,0x10,0x9b,  // 4430
0x0f,0x00,0x0f,0xab,0xe7,0x34,0x87,0x9a,0xdf,0x01,0x16,0xeb,0xf5,0x20,0x40,0x92,  // 4440
0xa9,0x00,0x00,0x54,0xff,0x05,0x00,0xb1,0x61,0x00,0x00,0x54,0xbf,0xfe,0x07,0xf1,  // 4450
0x20,0x01,0x00,0x54,0xf0,0xfc,0x7f,0xd3,0x0e,0x26,0x00,0x91,0xe7,0x24,0xce,0x9a,  // 4460
0xee,0x01,0x15,0xaa,0xce,0x00,0x00,0xb5,0xee,0x04,0x40,0x92,0xdf,0x05,0x00,0xf1,  // 4470
0x61,0x00,0x00,0x54,0xf6,0x03,0x17,0x2a,0x0d,0x00,0x00,0x14,0xee,0x00,0x40,0x92,  // 4480
0xf6,0x03,0x17,0x2a,0xcf,0x01,0x07,0x8b,0xee,0x03,0x34,0xaa,0xe7,0xfd,0x76,0xd3,  // 4490
0xce,0x01,0x01,0x8b,0xce,0x01,0x10,0x8b,0xff,0x00,0x00,0xf1,0xd0,0x05,0x8e,0x9a,  // 44a0
0x0e,0xfe,0x1f,0xd1,0xdf,0xf9,0x1f,0xb1,0xe2,0x0f,0x00,0x54,0x03,0x29,0x40,0xf9,  // 44b0
0x01,0x21,0x40,0xf9,0x66,0x01,0x05,0xcb,0x63,0x05,0x00,0xb4,0xef,0xe3,0x60,0x04,  // 44c0
0xf2,0x03,0x1f,0xaa,0x7f,0x00,0x0f,0xeb,0x23,0x04,0x00,0x54,0x50,0x50,0xbf,0x04,  // 44d0
0xf2,0x03,0x1f,0xaa,0x7f,0x00,0x10,0xeb,0xa2,0x01,0x00,0x54,0xe0,0xe3,0x58,0x25,  // 44e0
0x00,0xc0,0x78,0x25,0xee,0x03,0x0f,0xcb,0xf0,0x03,0x12,0xaa,0x72,0x00,0x0e,0x8a,  // 44f0
0x20,0x40,0x30,0xe4,0x10,0x02,0x0f,0x8b,0x5f,0x02,0x10,0xeb,0xa1,0xff,0xff,0x54,  // 4500
0x7f,0x00,0x12,0xeb,0x41,0x02,0x00,0x54,0x16,0x00,0x00,0x14,0xe0,0xe3,0x18,0x25,  // 4510
0x00,0xc0,0x38,0x25,0xce,0x57,0xbf,0x04,0x20,0x50,0xbf,0x04,0xe2,0x03,0x1f,0xaa,  // 4520
0x72,0x00,0x0e,0x8a,0x24,0x00,0x00,0x8b,0x20,0x40,0x02,0xe4,0x80,0x40,0x02,0xe4,  // 4530
0x42,0x00,0x10,0x8b,0x5f,0x02,0x02,0xeb,0x81,0xff,0xff,0x54,0x6e,0x00,0x12,0xeb,  // 4540
0x00,0x01,0x00,0x54,0xdf,0x01,0x0f,0xeb,0xa2,0xfc,0xff,0x54,0x2f,0x00,0x12,0x8b,  // 4550
0x70,0x00,0x12,0xcb,0x10,0x06,0x00,0xf1,0xff,0x15,0x00,0x38,0xc1,0xff,0xff,0x54,  // 4560
0xb2,0x00,0x40,0x39,0x5f,0xb6,0x00,0x71,0xf3,0x03,0x1f,0xaa,0xd5,0x7f,0x80,0x12,  // 4570
0xe7,0x17,0x9f,0x1a,0xfb,0x17,0x00,0xf9,0xdf,0x00,0x07,0xeb,0xad,0xc1,0x00,0x54,  // 4580
0xf3,0x03,0x1f,0x2a,0xe2,0x03,0x1f,0x2a,0xe4,0x03,0x1f,0x2a,0xf7,0x03,0x1f,0x2a,  // 4590
0x06,0x00,0x00,0x14,0x2f,0x68,0x30,0x38,0xf7,0x06,0x00,0x11,0xe7,0x04,0x00,0x91,  // 45a0
0xdf,0x00,0x07,0xeb,0x2d,0x03,0x00,0x54,0xaf,0x68,0x67,0x38,0xee,0xc1,0x00,0x51,  // 45b0
0xdf,0x25,0x00,0x71,0x08,0x01,0x00,0x54,0xff,0xc1,0x00,0x71,0x61,0x01,0x00,0x54,  // 45c0
0x17,0x02,0x00,0x34,0xf0,0x7e,0x40,0x93,0x7f,0x00,0x10,0xeb,0x48,0xfe,0xff,0x54,  // 45d0
0xf3,0xff,0xff,0x17,0xff,0xb9,0x00,0x71,0xe1,0x01,0x00,0x54,0x33,0x00,0x80,0x52,  // 45e0
0xe4,0x03,0x17,0x2a,0xee,0xff,0xff,0x17,0xee,0x03,0x17,0x2a,0xd0,0x7d,0x40,0x93,  // 45f0
0x7f,0x00,0x10,0xeb,0x08,0xfd,0xff,0x54,0x22,0x00,0x80,0x52,0xe8,0xff,0xff,0x17,  // 4600
0x84,0x04,0x00,0x51,0xe6,0xff,0xff,0x17,0x7f,0x02,0x00,0x71,0xe4,0x02,0x84,0x1a,  // 4610
0xca,0x00,0x00,0x14,0x7f,0x02,0x00,0x71,0xee,0x01,0x1b,0x32,0xe4,0x02,0x84,0x1a,  // 4620
0xdf,0x95,0x01,0x71,0xa1,0x18,0x00,0x54,0xf0,0x04,0x00,0x91,0xae,0x48,0x70,0x38,  // 4630
0xdf,0xad,0x00,0x71,0xe0,0x14,0x00,0x54,0xdf,0xb5,0x00,0x71,0x01,0x15,0x00,0x54,  // 4640
0xf0,0x08,0x00,0x11,0x0f,0x00,0x80,0x12,0xa6,0x00,0x00,0x14,0x6e,0x00,0x00,0xaa,  // 4650
0xcf,0xfd,0x7f,0xd3,0xef,0x01,0x00,0x52,0xee,0x11,0xf8,0xb7,0x7f,0x00,0x00,0xeb,  // 4660
0xab,0x11,0x00,0x54,0xf3,0x03,0x23,0xaa,0xf3,0x03,0x33,0xaa,0x60,0x00,0x80,0x52,  // 4670
0x4f,0x00,0x80,0x92,0x6b,0x03,0x80,0x52,0xee,0x41,0x22,0x8b,0x6b,0x81,0x11,0xaa,  // 4680
0x2b,0x38,0x00,0xa9,0x01,0x51,0x40,0xf9,0x0b,0xd9,0x40,0xb9,0x2e,0x40,0x00,0x91,  // 4690
0x6f,0x05,0x00,0x11,0xab,0x00,0x13,0x8b,0x0e,0x51,0x00,0xf9,0x0f,0xd9,0x00,0xb9,  // 46a0
0xfa,0x05,0x00,0x14,0xff,0x00,0x00,0xf1,0x2e,0x00,0x80,0x52,0xce,0x05,0x8e,0x9a,  // 46b0
0x5f,0x00,0x00,0x71,0xee,0x25,0xce,0x9a,0x0e,0x2e,0x4c,0xb3,0xcf,0x01,0x41,0xb2,  // 46c0
0xee,0x11,0x8e,0x9a,0xc0,0x01,0x67,0x9e,0xa6,0xb8,0x00,0x34,0x8e,0x04,0x00,0x91,  // 46d0
0xc4,0x11,0xc0,0xda,0xd0,0x21,0xc4,0x9a,0x6f,0x7e,0x10,0x9b,0x66,0x7e,0xd0,0x9b,  // 46e0
0xf3,0x03,0x30,0xaa,0xff,0x01,0x13,0xeb,0xc7,0x20,0x40,0x92,0xe9,0x01,0x00,0x54,  // 46f0
0xff,0xfc,0x07,0xf1,0xa1,0x01,0x00,0x54,0x6e,0x00,0x40,0xf9,0xc0,0x7d,0xd0,0x9b,  // 4700
0xce,0x7d,0x10,0x9b,0x0f,0x00,0x0f,0xab,0xc6,0x34,0x86,0x9a,0xdf,0x01,0x13,0xeb,  // 4710
0xc7,0x20,0x40,0x92,0xa9,0x00,0x00,0x54,0xff,0x05,0x00,0xb1,0x61,0x00,0x00,0x54,  // 4720
0xff,0xfc,0x07,0xf1,0x40,0xec,0xff,0x54,0xd0,0xfc,0x7f,0xd3,0x0e,0x26,0x00,0x91,  // 4730
0xc3,0x24,0xce,0x9a,0xee,0x01,0x07,0xaa,0x8e,0x00,0x00,0xb5,0x6e,0x04,0x40,0x92,  // 4740
0xdf,0x05,0x00,0xf1,0x40,0xeb,0xff,0x54,0x6e,0x00,0x40,0x92,0xcf,0x01,0x03,0x8b,  // 4750
0xee,0x03,0x24,0xaa,0xe3,0xfd,0x76,0xd3,0xce,0x01,0x01,0x8b,0xce,0x01,0x10,0x8b,  // 4760
0x7f,0x00,0x00,0xf1,0xd0,0x05,0x8e,0x9a,0x0e,0xfe,0x1f,0xd1,0xdf,0xf9,0x1f,0xb1,  // 4770
0xe3,0xe9,0xff,0x54,0x7f,0x00,0x00,0xf1,0x2e,0x00,0x80,0x52,0xce,0x05,0x8e,0x9a,  // 4780
0x5f,0x00,0x00,0x71,0xee,0x25,0xce,0x9a,0x0e,0x2e,0x4c,0xb3,0xcf,0x01,0x41,0xb2,  // 4790
0xee,0x11,0x8e,0x9a,0xc1,0x01,0x67,0x9e,0x20,0x20,0x60,0x1e,0x00,0xb2,0x00,0x54,  // 47a0
0x43,0xff,0xff,0x17,0x10,0x04,0x80,0x52,0xe2,0x03,0x0b,0xaa,0x2e,0x04,0x00,0x51,  // 47b0
0xdf,0x01,0x0f,0x6a,0x41,0xc1,0x00,0x54,0x43,0x40,0x10,0xa4,0x2e,0x21,0x00,0xd1,  // 47c0
0x52,0x80,0x00,0x91,0xe2,0x03,0x12,0xaa,0x61,0xa0,0x00,0x24,0x62,0xa0,0x01,0x24,  // 47d0
0xe3,0x1f,0x11,0x05,0xe4,0x1f,0x12,0x05,0x61,0x00,0x02,0x24,0x82,0x00,0x02,0x24,  // 47e0
0xc1,0x19,0xbf,0xe5,0xce,0x57,0x69,0x04,0xcf,0x81,0x5f,0xb8,0x2e,0x21,0x00,0xd1,  // 47f0
0xc2,0x19,0xbf,0xe5,0xce,0x57,0x69,0x04,0xc1,0x81,0x5f,0xb8,0xee,0x05,0x00,0x51,  // 4800
0x3f,0x00,0x0e,0x6a,0x40,0xfd,0xff,0x54,0xee,0x03,0x01,0x2a,0xeb,0x03,0x2b,0xaa,  // 4810
0xfe,0x03,0x1f,0x2a,0xce,0x01,0xc0,0xda,0xce,0x11,0xc0,0xda,0x4e,0x02,0x0e,0x8b,  // 4820
0xd2,0x05,0x00,0x91,0x4b,0x02,0x0b,0x8b,0x6e,0xfd,0x7f,0x93,0xef,0x03,0x0b,0x4b,  // 4830
0xc0,0x01,0x0f,0x0a,0xdf,0x03,0x00,0x71,0x8e,0x01,0x80,0x52,0x8f,0x00,0x80,0x52,  // 4840
0xee,0x01,0x8e,0x9a,0x2f,0x00,0xc0,0xd2,0x10,0x51,0x40,0xf9,0xce,0x81,0x11,0xaa,  // 4850
0xce,0x01,0x0f,0x8b,0x0e,0x2e,0x00,0xa9,0x01,0x51,0x40,0xf9,0x0b,0xd5,0x40,0xb9,  // 4860
0x2e,0x40,0x00,0x91,0x6b,0x05,0x00,0x11,0x0e,0x51,0x00,0xf9,0x0b,0xd5,0x00,0xb9,  // 4870
0xeb,0x03,0x12,0xaa,0x85,0x05,0x00,0x14,0xe3,0x03,0x1f,0x2a,0xfb,0x03,0x04,0xaa,  // 4880
0x65,0x05,0x00,0x14,0x31,0xfc,0xff,0x17,0xff,0x75,0x01,0x71,0xa1,0x47,0x02,0x54,  // 4890
0xd9,0xfd,0xff,0x17,0x0e,0x04,0x00,0xd1,0x7f,0x00,0x0e,0xeb,0xee,0x17,0x9f,0x1a,  // 48a0
0xff,0x01,0x0e,0x6a,0x73,0x01,0x80,0xda,0x54,0xfe,0xff,0x17,0xe0,0x03,0x04,0xaa,  // 48b0
0x26,0xfc,0xff,0x17,0xe7,0x03,0x14,0xaa,0x13,0x00,0x80,0x92,0xc3,0xc7,0xff,0xb5,  // 48c0
0x6a,0xff,0xff,0x17,0xe3,0x03,0x1f,0x2a,0xfb,0x03,0x04,0xcb,0x56,0x05,0x00,0x14,  // 48d0
0xf0,0x08,0x00,0x11,0x2f,0x00,0x80,0x52,0x02,0x00,0x00,0x14,0x2f,0x00,0x80,0x52,  // 48e0
0x13,0x7e,0x40,0x93,0xe7,0x03,0x1f,0x2a,0xdf,0x00,0x13,0xeb,0x4d,0x02,0x00,0x54,  // 48f0
0xe7,0x03,0x1f,0x2a,0xf0,0xe1,0x84,0x52,0x54,0x01,0x80,0x52,0xae,0x68,0xf3,0x38,  // 4900
0xdf,0xc1,0x00,0x71,0x8b,0x01,0x00,0x54,0xce,0x1d,0x00,0x12,0xdf,0xe5,0x00,0x71,  // 4910
0x28,0x01,0x00,0x54,0xff,0x00,0x10,0x6b,0xec,0x00,0x00,0x54,0xe0,0x7c,0x14,0x1b,  // 4920
0xce,0xc1,0x00,0x51,0x73,0x06,0x00,0x91,0xdf,0x00,0x13,0xeb,0x07,0x00,0x2e,0x0b,  // 4930
0x6c,0xfe,0xff,0x54,0xe4,0x10,0x0f,0x1b,0xf3,0x03,0x1f,0xaa,0xd5,0x7f,0x80,0x12,  // 4940
0x97,0xa3,0x00,0x34,0xf3,0x03,0x1f,0xaa,0x9f,0xd8,0x04,0x71,0x15,0x80,0x80,0x52,  // 4950
0x0c,0xa3,0x00,0x54,0xf3,0x03,0x1f,0xaa,0x9f,0x28,0x05,0x31,0xd5,0x7f,0x80,0x12,  // 4960
0x8b,0xa2,0x00,0x54,0x9f,0x04,0x00,0x71,0xe6,0x03,0x1f,0x2a,0xf6,0xcb,0x02,0x29,  // 4970
0x8b,0x1a,0x00,0x54,0xf5,0xe7,0x01,0xb2,0x25,0x04,0x00,0xd1,0x07,0x00,0x80,0x92,  // 4980
0x55,0x33,0x93,0xf2,0x52,0x00,0x00,0x90,0x52,0xa2,0x1d,0x91,0x54,0x01,0x80,0x52,  // 4990
0x35,0x33,0xe0,0xf2,0x06,0x00,0x00,0x14,0xfb,0x03,0x1f,0x2a,0x9f,0x00,0x00,0x71,  // 49a0
0xc6,0x02,0x06,0x0b,0xf7,0x03,0x1b,0x2a,0xed,0x18,0x00,0x54,0x9f,0x20,0x00,0x71,  // 49b0
0xe9,0x00,0x00,0x54,0x76,0x03,0x80,0x52,0x17,0xff,0xff,0x34,0xf3,0x03,0x1e,0x2a,  // 49c0
0xfe,0x03,0x1a,0xaa,0x58,0x03,0x80,0x12,0x08,0x00,0x00,0x14,0x56,0x5a,0x64,0xb8,  // 49d0
0x57,0xfe,0xff,0x34,0xf8,0x03,0x16,0x4b,0xf3,0x03,0x1e,0x2a,0xfe,0x03,0x1a,0xaa,  // 49e0
0x1f,0xf7,0x00,0x31,0x69,0x04,0x00,0x54,0xfa,0x7e,0xb7,0x0a,0xef,0x03,0x1f,0xaa,  // 49f0
0xf9,0x03,0x1f,0xaa,0xf8,0x03,0x18,0x4b,0x5f,0x03,0x0f,0xeb,0xe0,0x0c,0x00,0x54,  // 4a00
0x2e,0x68,0xaf,0x38,0xef,0x05,0x00,0x91,0x2e,0x3b,0x14,0x9b,0xd9,0xc1,0x00,0xd1,  // 4a10
0x2e,0x27,0xd8,0x9a,0x2e,0xff,0xff,0xb4,0xee,0x20,0xd8,0x9a,0xfb,0x02,0x0f,0x6b,  // 4a20
0xf7,0x03,0x2e,0xaa,0x0d,0x0d,0x00,0x54,0xf0,0x03,0x1b,0xaa,0xfa,0x03,0x01,0xaa,  // 4a30
0x2e,0x27,0xd8,0x9a,0x20,0x03,0x17,0x8a,0x10,0x06,0x00,0xf1,0xce,0xc1,0x00,0x11,  // 4a40
0x4e,0x03,0x00,0x39,0x4e,0xcb,0xaf,0x38,0x5a,0x07,0x00,0x91,0x0e,0x38,0x14,0x9b,  // 4a50
0xd9,0xc1,0x00,0xd1,0xe1,0xfe,0xff,0x54,0x5c,0x00,0x00,0x14,0xff,0x02,0x00,0x71,  // 4a60
0xe4,0x03,0x84,0x1a,0x1f,0xe3,0x01,0x31,0x18,0xf3,0x00,0x11,0xea,0xfb,0xff,0x54,  // 4a70
0xfa,0x7e,0xb7,0x0a,0xf0,0x03,0x1f,0xaa,0xef,0x03,0x1f,0xaa,0xf9,0x03,0x1a,0x2a,  // 4a80
0x5f,0x03,0x10,0xeb,0x40,0x01,0x00,0x54,0x2e,0x68,0xb0,0x38,0x10,0x06,0x00,0x91,  // 4a90
0xee,0x39,0x14,0x9b,0xcf,0xc1,0x00,0xd1,0xee,0xfd,0x7c,0xd3,0x2e,0xff,0xff,0xb4,  // 4aa0
0xfa,0x03,0x0f,0xaa,0xf9,0x03,0x10,0x2a,0x08,0x00,0x00,0x14,0x2f,0x07,0x00,0xb4,  // 4ab0
0xee,0x09,0x0f,0x8b,0xff,0x01,0x15,0xeb,0x39,0x07,0x00,0x11,0xda,0xf9,0x7f,0xd3,  // 4ac0
0xef,0x03,0x1a,0xaa,0x63,0xff,0xff,0x54,0xf7,0x02,0x19,0x6b,0xcd,0x01,0x00,0x54,  // 4ad0
0xef,0x03,0x17,0xaa,0xf0,0x03,0x01,0xaa,0x4e,0xff,0x7c,0xd3,0x40,0xef,0x40,0x92,  // 4ae0
0xef,0x05,0x00,0xf1,0xce,0x05,0x1c,0x32,0x0e,0x02,0x00,0x39,0x0e,0xca,0xb9,0x38,  // 4af0
0x10,0x06,0x00,0x91,0x0e,0x38,0x14,0x9b,0xda,0xc1,0x00,0xd1,0xe1,0xfe,0xff,0x54,  // 4b00
0x02,0x00,0x00,0x14,0xf7,0x03,0x1f,0x2a,0x3a,0x01,0x00,0xb5,0x13,0x00,0x00,0x14,  // 4b10
0x4e,0xff,0x7c,0xd3,0xdf,0x01,0x00,0xf1,0x42,0x04,0x9f,0x1a,0x4e,0xef,0x40,0x92,  // 4b20
0xcf,0x09,0x0e,0x8b,0xfa,0xf9,0x7f,0xd3,0x8e,0x01,0x00,0xb4,0xee,0x7e,0x40,0x93,  // 4b30
0x7f,0x00,0x0e,0xeb,0xe9,0xfe,0xff,0x54,0x4f,0xff,0x7c,0xd3,0xf7,0x06,0x00,0x11,  // 4b40
0xef,0x05,0x1c,0x32,0x2f,0x68,0x2e,0x38,0x4e,0xef,0x40,0x92,0xcf,0x09,0x0e,0x8b,  // 4b50
0xfa,0xf9,0x7f,0xd3,0xce,0xfe,0xff,0xb5,0x8e,0x00,0x19,0x4b,0xff,0x06,0x00,0x71,  // 4b60
0xc4,0x05,0x00,0x11,0xcb,0xf7,0xff,0x54,0xf7,0x03,0x17,0x2a,0xae,0x68,0x77,0x38,  // 4b70
0xdf,0xc1,0x00,0x71,0xc1,0x00,0x00,0x54,0xf7,0x06,0x00,0xf1,0x8c,0xff,0xff,0x54,  // 4b80
0xf7,0x03,0x1f,0x2a,0xe4,0x03,0x1f,0x2a,0xb7,0xff,0xff,0x17,0xb6,0xff,0xff,0x17,  // 4b90
0xf7,0x03,0x1f,0x2a,0xb4,0xff,0xff,0x17,0x19,0x06,0x00,0xb4,0x2e,0x27,0xd8,0x9a,  // 4ba0
0x4e,0x06,0x00,0xb4,0xee,0x20,0xd8,0x9a,0x8f,0x00,0x1a,0x4b,0xfb,0x03,0x1f,0x2a,  // 4bb0
0xe4,0x05,0x00,0x11,0xfa,0x03,0x1e,0xaa,0xfe,0x03,0x13,0x2a,0xf7,0x03,0x2e,0xaa,  // 4bc0
0x07,0x00,0x00,0x14,0xfb,0x03,0x1f,0x2a,0x8e,0x00,0x0f,0x4b,0xfa,0x03,0x1e,0xaa,  // 4bd0
0xfe,0x03,0x13,0x2a,0xc4,0x05,0x00,0x11,0x99,0x02,0x00,0xb4,0x07,0x00,0x00,0x14,  // 4be0
0x1f,0x02,0x00,0xf1,0x42,0x04,0x9f,0x1a,0x2e,0x03,0x17,0x8a,0xcf,0x09,0x0e,0x8b,  // 4bf0
0xf9,0xf9,0x7f,0xd3,0xae,0x01,0x00,0xb4,0x6f,0x7f,0x40,0x93,0x30,0x27,0xd8,0x9a,  // 4c00
0x7f,0x00,0x0f,0xeb,0xe9,0xfe,0xff,0x54,0x0e,0xc2,0x00,0x11,0x2e,0x68,0x2f,0x38,  // 4c10
0x7b,0x07,0x00,0x11,0x2e,0x03,0x17,0x8a,0xcf,0x09,0x0e,0x8b,0xf9,0xf9,0x7f,0xd3,  // 4c20
0xce,0xfe,0xff,0xb5,0x01,0x00,0x00,0x14,0x7f,0x07,0x00,0x71,0x0b,0x01,0x00,0x54,  // 4c30
0xfb,0x03,0x1b,0x2a,0xae,0x68,0x7b,0x38,0xdf,0xc1,0x00,0x71,0xc1,0x00,0x00,0x54,  // 4c40
0x7b,0x07,0x00,0xf1,0x8c,0xff,0xff,0x54,0x0f,0x00,0x00,0x14,0x9b,0xea,0xff,0x35,  // 4c50
0x0d,0x00,0x00,0x14,0x52,0xff,0xff,0x17,0xfb,0x03,0x1f,0x2a,0xfa,0x03,0x1e,0xaa,  // 4c60
0xfe,0x03,0x13,0x2a,0x4e,0xff,0xff,0x17,0xef,0x03,0x1a,0x2a,0x2e,0x0b,0x19,0x8b,  // 4c70
0xef,0x05,0x00,0x11,0xd9,0xf9,0x7f,0xd3,0x2e,0x27,0xd8,0x9a,0x8e,0xff,0xff,0xb4,  // 4c80
0x66,0xff,0xff,0x17,0xfb,0x03,0x1f,0x2a,0xe4,0x03,0x1f,0x2a,0xc6,0x02,0x06,0x0b,  // 4c90
0x0d,0x00,0x00,0x14,0x0a,0x02,0xc0,0xda,0x4a,0x11,0xc0,0xda,0x00,0x00,0x80,0x92,  // 4ca0
0x52,0x02,0x0a,0x8b,0x00,0x03,0x00,0x14,0xf6,0x03,0x0e,0x2a,0xcb,0x02,0xc0,0x5a,  // 4cb0
0xee,0x03,0x27,0xaa,0x6b,0x11,0xc0,0x5a,0xd3,0x01,0x0b,0xcb,0x4f,0xfd,0xff,0x17,  // 4cc0
0xfb,0x03,0x17,0x2a,0xf3,0xe7,0x01,0xb2,0xf5,0xe7,0x02,0xb2,0x25,0x04,0x00,0xd1,  // 4cd0
0x53,0x33,0x93,0xf2,0xb5,0x99,0x99,0xf2,0x36,0x01,0x80,0x92,0x33,0x33,0xe0,0xf2,  // 4ce0
0x57,0x01,0x80,0x52,0xfa,0x13,0x00,0xf9,0x04,0x00,0x00,0x14,0x7f,0x03,0x00,0x71,  // 4cf0
0xe4,0x03,0x84,0x1a,0xc6,0x00,0x1a,0x4b,0xc4,0x00,0xf8,0x37,0x04,0x24,0x00,0x35,  // 4d00
0x2e,0x00,0xc0,0x39,0xdf,0xd5,0x00,0x71,0xeb,0x00,0x00,0x54,0x1c,0x01,0x00,0x14,  // 4d10
0x9f,0x20,0x00,0x31,0x82,0x00,0x00,0x54,0x7a,0x03,0x80,0x52,0xfb,0x00,0x00,0x35,  // 4d20
0xf5,0xff,0xff,0x17,0xee,0x03,0x04,0x4b,0x4f,0x00,0x00,0x90,0xef,0xa1,0x1d,0x91,  // 4d30
0xfa,0x59,0x6e,0xb8,0x1b,0xfe,0xff,0x34,0x0f,0x0d,0x80,0x52,0x4e,0x00,0x00,0x90,  // 4d40
0xce,0x31,0x1e,0x91,0x47,0x3b,0xaf,0x9b,0xef,0x03,0x1b,0x2a,0xf2,0x03,0x1e,0x2a,  // 4d50
0xfe,0x03,0x1a,0x2a,0xf0,0x03,0x0f,0xaa,0xf9,0x03,0x01,0xaa,0xf8,0x44,0x40,0xb8,  // 4d60
0xf4,0x03,0x07,0xaa,0x8e,0x16,0x40,0x38,0x4e,0x01,0x00,0x34,0x20,0x03,0x40,0x39,  // 4d70
0x1f,0x00,0x0e,0x6b,0xc1,0x14,0x00,0x54,0x10,0x06,0x00,0xf1,0x39,0x07,0x00,0x91,  // 4d80
0x21,0xff,0xff,0x54,0xee,0x68,0x6f,0x38,0x4e,0x00,0x00,0x34,0x18,0x07,0x00,0x51,  // 4d90
0x0e,0x03,0x1b,0x0b,0x7f,0x07,0x00,0x71,0xc7,0x7d,0x40,0x93,0xab,0x06,0x00,0x54,  // 4da0
0xfb,0x03,0x1f,0xaa,0xf0,0x04,0x00,0xd1,0xef,0x05,0x00,0xd1,0x08,0x00,0x00,0x14,  // 4db0
0x1f,0x00,0x00,0xf1,0x42,0x04,0x9f,0x1a,0xee,0x05,0x00,0x91,0xef,0x05,0x00,0xd1,  // 4dc0
0x30,0x07,0x00,0xd1,0xdf,0x05,0x00,0xf1,0x49,0x02,0x00,0x54,0x2e,0x68,0xaf,0x38,  // 4dd0
0xf9,0x03,0x10,0xaa,0x7f,0x00,0x10,0xeb,0xce,0xc1,0x00,0xd1,0xce,0x21,0xde,0x9a,  // 4de0
0xd4,0x01,0x1b,0x8b,0x8e,0x7e,0xd5,0x9b,0xdb,0xfd,0x43,0xd3,0x60,0x53,0x16,0x9b,  // 4df0
0x09,0xfe,0xff,0x54,0x0e,0xc0,0x00,0x11,0x2e,0x68,0x39,0x38,0xee,0x05,0x00,0x91,  // 4e00
0xef,0x05,0x00,0xd1,0x30,0x07,0x00,0xd1,0xdf,0x05,0x00,0xf1,0x08,0xfe,0xff,0x54,  // 4e10
0x9f,0x2a,0x00,0xf1,0xfe,0x03,0x12,0x2a,0xe3,0x02,0x00,0x54,0x2e,0x7f,0x40,0x93,  // 4e20
0xcf,0x05,0x00,0xd1,0x07,0x00,0x00,0x14,0xdf,0x01,0x00,0xf1,0x42,0x04,0x9f,0x1a,  // 4e30
0x7f,0x27,0x00,0xf1,0xef,0x05,0x00,0xd1,0xfb,0x03,0x10,0xaa,0xc9,0x01,0x00,0x54,  // 4e40
0x6e,0x7f,0xd5,0x9b,0x7f,0x00,0x0f,0xeb,0xd0,0xfd,0x43,0xd3,0x0e,0x6e,0x16,0x9b,  // 4e50
0xc9,0xfe,0xff,0x54,0xce,0xc1,0x00,0x11,0x2e,0x68,0x2f,0x38,0x7f,0x27,0x00,0xf1,  // 4e60
0xef,0x05,0x00,0xd1,0xfb,0x03,0x10,0xaa,0xc8,0xfe,0xff,0x54,0x02,0x00,0x00,0x14,  // 4e70
0xfe,0x03,0x12,0x2a,0x7f,0x00,0x07,0xeb,0x04,0x03,0x04,0x0b,0xfb,0x80,0x83,0x1a,  // 4e80
0x7f,0x07,0x00,0x71,0x2b,0x01,0x00,0x54,0xae,0x68,0x7b,0x38,0xdf,0xc1,0x00,0x71,  // 4e90
0x01,0x01,0x00,0x54,0x7b,0x07,0x00,0xf1,0x8c,0xff,0xff,0x54,0xfb,0x03,0x1f,0x2a,  // 4ea0
0xe4,0x03,0x1f,0x2a,0x03,0x00,0x00,0x14,0x7f,0x03,0x00,0x71,0xe4,0x03,0x84,0x1a,  // 4eb0
0x3a,0xf2,0xff,0x36,0xf9,0x03,0x1e,0x2a,0x5f,0xf7,0x00,0x31,0x08,0x0b,0x00,0x54,  // 4ec0
0xfe,0x03,0x1a,0x2a,0x07,0x00,0x00,0x14,0x7f,0x03,0x00,0x71,0xe4,0x03,0x84,0x1a,  // 4ed0
0xd0,0xf3,0x00,0x11,0xdf,0xe3,0x01,0x31,0xfe,0x03,0x10,0x2a,0x2a,0x0a,0x00,0x54,  // 4ee0
0x67,0x7f,0xbb,0x0a,0xf0,0x03,0x1f,0xaa,0xef,0x03,0x1f,0xaa,0xf8,0x03,0x07,0x2a,  // 4ef0
0xff,0x00,0x10,0xeb,0x40,0x01,0x00,0x54,0x2e,0x68,0xb0,0x38,0x10,0x06,0x00,0x91,  // 4f00
0xee,0x39,0x17,0x9b,0xcf,0xc1,0x00,0xd1,0xee,0xfd,0x7c,0xd3,0x2e,0xff,0xff,0xb4,  // 4f10
0xe7,0x03,0x0f,0xaa,0xf8,0x03,0x10,0x2a,0x08,0x00,0x00,0x14,0x4f,0x07,0x00,0xb4,  // 4f20
0xee,0x09,0x0f,0x8b,0xff,0x01,0x13,0xeb,0x18,0x07,0x00,0x11,0xc7,0xf9,0x7f,0xd3,  // 4f30
0xef,0x03,0x07,0xaa,0x63,0xff,0xff,0x54,0x7b,0x03,0x18,0x6b,0xed,0x01,0x00,0x54,  // 4f40
0xef,0x03,0x1b,0xaa,0xf0,0x03,0x01,0xaa,0xee,0xfc,0x7c,0xd3,0xe0,0xec,0x40,0x92,  // 4f50
0xef,0x05,0x00,0xf1,0xce,0x05,0x1c,0x32,0x0e,0x02,0x00,0x39,0x0e,0xca,0xb8,0x38,  // 4f60
0x10,0x06,0x00,0x91,0x0e,0x38,0x17,0x9b,0xc7,0xc1,0x00,0xd1,0xe1,0xfe,0xff,0x54,  // 4f70
0x87,0x01,0x00,0xb5,0x16,0x00,0x00,0x14,0xfb,0x03,0x1f,0x2a,0x27,0x01,0x00,0xb5,  // 4f80
0x13,0x00,0x00,0x14,0xee,0xfc,0x7c,0xd3,0xdf,0x01,0x00,0xf1,0x42,0x04,0x9f,0x1a,  // 4f90
0xee,0xec,0x40,0x92,0xcf,0x09,0x0e,0x8b,0xe7,0xf9,0x7f,0xd3,0x8e,0x01,0x00,0xb4,  // 4fa0
0x6e,0x7f,0x40,0x93,0x7f,0x00,0x0e,0xeb,0xe9,0xfe,0xff,0x54,0xef,0xfc,0x7c,0xd3,  // 4fb0
0x7b,0x07,0x00,0x11,0xef,0x05,0x1c,0x32,0x2f,0x68,0x2e,0x38,0xee,0xec,0x40,0x92,  // 4fc0
0xcf,0x09,0x0e,0x8b,0xe7,0xf9,0x7f,0xd3,0xce,0xfe,0xff,0xb5,0x8e,0x00,0x18,0x4b,  // 4fd0
0x7f,0x07,0x00,0x71,0xc4,0x05,0x00,0x11,0x8b,0xf7,0xff,0x54,0xfb,0x03,0x1b,0x2a,  // 4fe0
0xae,0x68,0x7b,0x38,0xdf,0xc1,0x00,0x71,0xc1,0x00,0x00,0x54,0x7b,0x07,0x00,0xf1,  // 4ff0
0x8c,0xff,0xff,0x54,0xfb,0x03,0x1f,0x2a,0xe4,0x03,0x1f,0x2a,0xb5,0xff,0xff,0x17,  // 5000
0xb4,0xff,0xff,0x17,0xfb,0x03,0x1f,0x2a,0xb2,0xff,0xff,0x17,0x10,0x1c,0x00,0x13,  // 5010
0x1f,0x82,0x2e,0x6b,0xcb,0xeb,0xff,0x54,0x5e,0xff,0xff,0x17,0xf0,0x03,0x1a,0x2a,  // 5020
0x6f,0x7f,0xbb,0x0a,0xe7,0x03,0x1f,0xaa,0xf8,0x03,0x1f,0xaa,0xfe,0x03,0x10,0x4b,  // 5030
0xff,0x01,0x07,0xeb,0x40,0x03,0x00,0x54,0x2e,0x68,0xa7,0x38,0xe7,0x04,0x00,0x91,  // 5040
0x0e,0x3b,0x17,0x9b,0xd8,0xc1,0x00,0xd1,0x0e,0x27,0xde,0x9a,0x2e,0xff,0xff,0xb4,  // 5050
0xef,0x03,0x07,0x2a,0x0e,0x00,0x80,0x92,0x7b,0x03,0x0f,0x6b,0xce,0x21,0xde,0x9a,  // 5060
0xe7,0x03,0x2e,0xaa,0x0d,0x03,0x00,0x54,0xf0,0x03,0x1b,0xaa,0xf4,0x03,0x01,0xaa,  // 5070
0x0e,0x27,0xde,0x9a,0x00,0x03,0x07,0x8a,0x10,0x06,0x00,0xf1,0xce,0xc1,0x00,0x11,  // 5080
0x8e,0x02,0x00,0x39,0x8e,0xca,0xaf,0x38,0x94,0x06,0x00,0x91,0x0e,0x38,0x17,0x9b,  // 5090
0xd8,0xc1,0x00,0xd1,0xe1,0xfe,0xff,0x54,0x0c,0x00,0x00,0x14,0xd8,0x05,0x00,0xb4,  // 50a0
0x0e,0x27,0xde,0x9a,0x0e,0x06,0x00,0xb4,0x0e,0x00,0x80,0x92,0x8f,0x00,0x0f,0x4b,  // 50b0
0xfb,0x03,0x1f,0x2a,0xce,0x21,0xde,0x9a,0xe4,0x05,0x00,0x11,0xe7,0x03,0x2e,0xaa,  // 50c0
0x05,0x00,0x00,0x14,0xfb,0x03,0x1f,0x2a,0x8e,0x00,0x0f,0x4b,0xc4,0x05,0x00,0x11,  // 50d0
0x98,0x02,0x00,0xb4,0x07,0x00,0x00,0x14,0x1f,0x02,0x00,0xf1,0x42,0x04,0x9f,0x1a,  // 50e0
0x0e,0x03,0x07,0x8a,0xcf,0x09,0x0e,0x8b,0xf8,0xf9,0x7f,0xd3,0xae,0x01,0x00,0xb4,  // 50f0
0x6f,0x7f,0x40,0x93,0x10,0x27,0xde,0x9a,0x7f,0x00,0x0f,0xeb,0xe9,0xfe,0xff,0x54,  // 5100
0x0e,0xc2,0x00,0x11,0x2e,0x68,0x2f,0x38,0x7b,0x07,0x00,0x11,0x0e,0x03,0x07,0x8a,  // 5110
0xcf,0x09,0x0e,0x8b,0xf8,0xf9,0x7f,0xd3,0xce,0xfe,0xff,0xb5,0x01,0x00,0x00,0x14,  // 5120
0x7f,0x07,0x00,0x71,0xfe,0x03,0x19,0x2a,0x2b,0xde,0xff,0x54,0xfb,0x03,0x1b,0x2a,  // 5130
0xae,0x68,0x7b,0x38,0xdf,0xc1,0x00,0x71,0xe1,0xdd,0xff,0x54,0x7b,0x07,0x00,0xf1,  // 5140
0x8c,0xff,0xff,0x54,0xfb,0x03,0x1f,0x2a,0xe4,0x03,0x1f,0x2a,0xc6,0x00,0x1a,0x4b,  // 5150
0xea,0xfe,0xff,0x17,0xfb,0x03,0x1f,0x2a,0xfe,0x03,0x19,0x2a,0xc6,0x00,0x1a,0x4b,  // 5160
0xe6,0xfe,0xff,0x17,0x0e,0x0b,0x18,0x8b,0xef,0x05,0x00,0x11,0xd8,0xf9,0x7f,0xd3,  // 5170
0x0e,0x27,0xde,0x9a,0x8e,0xff,0xff,0xb4,0xb7,0xff,0xff,0x17,0xdf,0xf8,0x0f,0x31,  // 5180
0x2c,0x0b,0x00,0x54,0xf6,0xcb,0x42,0x29,0xfa,0x13,0x40,0xf9,0xb4,0x7f,0x80,0x12,  // 5190
0xbb,0x40,0x00,0x34,0xdf,0xe8,0x10,0x31,0xc6,0xf4,0x0f,0x11,0xa8,0x39,0x00,0x54,  // 51a0
0x54,0x01,0x80,0x52,0x07,0x00,0x00,0x14,0x7f,0x03,0x00,0x71,0xe4,0x03,0x84,0x1a,  // 51b0
0xd0,0xf0,0x00,0x11,0xdf,0xe0,0x01,0x31,0xe6,0x03,0x10,0x2a,0xca,0x38,0x00,0x54,  // 51c0
0x67,0x7f,0xbb,0x0a,0xf0,0x03,0x1f,0xaa,0xef,0x03,0x1f,0xaa,0xf5,0x03,0x07,0x2a,  // 51d0
0xff,0x00,0x10,0xeb,0x40,0x01,0x00,0x54,0x2e,0x68,0xb0,0x38,0x10,0x06,0x00,0x91,  // 51e0
0xee,0x39,0x14,0x9b,0xcf,0xc1,0x00,0xd1,0xee,0xfd,0x7c,0xd3,0x2e,0xff,0xff,0xb4,  // 51f0
0xe7,0x03,0x0f,0xaa,0xf5,0x03,0x10,0x2a,0x08,0x00,0x00,0x14,0x0f,0x07,0x00,0xb4,  // 5200
0xee,0x09,0x0f,0x8b,0xff,0x01,0x13,0xeb,0xb5,0x06,0x00,0x11,0xc7,0xf9,0x7f,0xd3,  // 5210
0xef,0x03,0x07,0xaa,0x63,0xff,0xff,0x54,0x7b,0x03,0x15,0x6b,0xcd,0x01,0x00,0x54,  // 5220
0xef,0x03,0x1b,0xaa,0xf0,0x03,0x01,0xaa,0xee,0xfc,0x7c,0xd3,0xe0,0xec,0x40,0x92,  // 5230
0xef,0x05,0x00,0xf1,0xce,0x05,0x1c,0x32,0x0e,0x02,0x00,0x39,0x0e,0xca,0xb5,0x38,  // 5240
0x10,0x06,0x00,0x91,0x0e,0x38,0x14,0x9b,0xc7,0xc1,0x00,0xd1,0xe1,0xfe,0xff,0x54,  // 5250
0x02,0x00,0x00,0x14,0xfb,0x03,0x1f,0x2a,0x07,0x01,0x00,0xb5,0x12,0x00,0x00,0x14,  // 5260
0xff,0x01,0x00,0xf1,0x42,0x04,0x9f,0x1a,0xee,0xec,0x40,0x92,0xcf,0x09,0x0e,0x8b,  // 5270
0xe7,0xf9,0x7f,0xd3,0x8e,0x01,0x00,0xb4,0x6e,0x7f,0x40,0x93,0xef,0xfc,0x7c,0xd3,  // 5280
0x7f,0x00,0x0e,0xeb,0xe9,0xfe,0xff,0x54,0xef,0x05,0x1c,0x32,0x2f,0x68,0x2e,0x38,  // 5290
0x7b,0x07,0x00,0x11,0xee,0xec,0x40,0x92,0xcf,0x09,0x0e,0x8b,0xe7,0xf9,0x7f,0xd3,  // 52a0
0xce,0xfe,0xff,0xb5,0x8e,0x00,0x15,0x4b,0x7f,0x07,0x00,0x71,0xc4,0x05,0x00,0x11,  // 52b0
0xcb,0xf7,0xff,0x54,0xfb,0x03,0x1b,0x2a,0xae,0x68,0x7b,0x38,0xdf,0xc1,0x00,0x71,  // 52c0
0xc1,0x00,0x00,0x54,0x7b,0x07,0x00,0xf1,0x8c,0xff,0xff,0x54,0xfb,0x03,0x1f,0x2a,  // 52d0
0xe4,0x03,0x1f,0x2a,0xb7,0xff,0xff,0x17,0xb6,0xff,0xff,0x17,0xfb,0x03,0x1f,0x2a,  // 52e0
0xb4,0xff,0xff,0x17,0xf6,0xcb,0x42,0x29,0xfa,0x13,0x40,0xf9,0xf3,0x03,0x1f,0xaa,  // 52f0
0xdf,0x00,0x10,0x71,0x15,0x80,0x80,0x52,0xcc,0x55,0x00,0x54,0xe7,0x03,0x1f,0x2a,  // 5300
0xd4,0x04,0x00,0x51,0x9b,0x3a,0x00,0x35,0x44,0x02,0x00,0x14,0xf2,0x03,0x02,0xaa,  // 5310
0xee,0x03,0x0f,0x2a,0x80,0xcb,0x38,0x25,0x01,0xd0,0x38,0x25,0xce,0x01,0xc0,0xda,  // 5320
0x42,0xc4,0x38,0x25,0x03,0xc0,0x38,0x25,0xe4,0xc3,0x38,0x25,0x23,0x23,0x83,0x52,  // 5330
0xc5,0xc8,0x88,0x52,0xce,0x11,0xc0,0xda,0x27,0x27,0x87,0x52,0x16,0x80,0x84,0x52,  // 5340
0x52,0x02,0x0e,0x8b,0xe2,0x03,0x1a,0xaa,0xe1,0xc3,0x01,0x32,0x23,0x23,0xa3,0x72,  // 5350
0xe4,0xc7,0x02,0x32,0xc5,0xc8,0xa8,0x72,0xe6,0xcb,0x03,0x32,0x27,0x27,0xa7,0x72,  // 5360
0xf3,0xc3,0x00,0x32,0xf4,0xfd,0x97,0x52,0xb5,0x17,0x80,0x52,0x16,0x94,0xbf,0x72,  // 5370
0x57,0x00,0x00,0xb0,0xf7,0x52,0x01,0x91,0x18,0x04,0x80,0x52,0xf9,0x03,0x12,0xaa,  // 5380
0xf0,0x03,0x12,0xaa,0x2e,0x07,0x40,0x39,0x0f,0x06,0x00,0x91,0x3a,0x0b,0x00,0x91,  // 5390
0xdf,0xd5,0x01,0xf1,0x20,0x01,0x00,0x54,0xee,0x6a,0x6e,0x38,0x2e,0x28,0x00,0x34,  // 53a0
0xea,0x0f,0x00,0xf9,0xf2,0x03,0x1a,0xaa,0xfb,0x17,0x00,0xf9,0x0e,0x02,0x00,0x39,  // 53b0
0xf0,0x03,0x0f,0xaa,0x6d,0x00,0x00,0x14,0x39,0x23,0x40,0xb8,0x0e,0xfa,0x99,0x52,  // 53c0
0xea,0x0f,0x00,0xf9,0xee,0xf9,0xb9,0x72,0xfb,0x17,0x00,0xf9,0x2e,0x03,0x0e,0x0b,  // 53d0
0x2a,0x00,0x39,0x0a,0x5f,0x01,0x0e,0x6a,0x01,0x95,0x00,0x54,0x2e,0x03,0x03,0x0b,  // 53e0
0xce,0x01,0x19,0x2a,0xdf,0xc1,0x01,0x72,0x81,0x94,0x00,0x54,0x2e,0xdb,0x00,0x12,  // 53f0
0x9e,0x00,0x0e,0x4b,0xfe,0x23,0x00,0xb9,0xde,0x01,0x05,0x0b,0xfb,0x23,0x40,0xb9,  // 5400
0xde,0x03,0x1b,0x0a,0xdf,0x03,0x0a,0x6a,0x81,0x93,0x00,0x54,0xde,0x00,0x0e,0x4b,  // 5410
0xce,0x01,0x07,0x0b,0xce,0x01,0x1e,0x0a,0xdf,0x01,0x0a,0x6a,0xe1,0x92,0x00,0x54,  // 5420
0x2e,0x0b,0xc0,0x5a,0x72,0x12,0x6e,0x0a,0xce,0xcd,0x00,0x12,0x52,0x0e,0x12,0x2a,  // 5430
0x4e,0x02,0x0e,0x0b,0xce,0x11,0x4e,0x2a,0xd2,0x5d,0x10,0x53,0xce,0x1d,0x00,0x12,  // 5440
0xd9,0x21,0x12,0x2a,0x52,0x13,0x00,0x91,0x3f,0x03,0x02,0x71,0xe3,0x1e,0x00,0x54,  // 5450
0xf0,0x0d,0x00,0x91,0x3f,0xff,0x1f,0x71,0xe9,0x1e,0x00,0x54,0x2e,0x3b,0x40,0x51,  // 5460
0xdf,0x05,0x20,0x31,0xc9,0x06,0x00,0x54,0x2e,0x7f,0x0a,0x53,0xdf,0xd9,0x00,0x71,  // 5470
0x28,0x1f,0x00,0x54,0x4e,0x02,0x40,0x39,0xdf,0x71,0x01,0x71,0xc1,0x1e,0x00,0x54,  // 5480
0x4e,0x06,0x40,0x39,0xdf,0xd5,0x01,0x71,0x61,0x1e,0x00,0x54,0x4f,0x22,0x40,0xb8,  // 5490
0x0e,0xfa,0x99,0x52,0xee,0xf9,0xb9,0x72,0xee,0x01,0x0e,0x0b,0x3a,0x00,0x2f,0x0a,  // 54a0
0x5f,0x03,0x0e,0x6a,0xa1,0x8e,0x00,0x54,0xee,0x01,0x03,0x0b,0xce,0x01,0x0f,0x2a,  // 54b0
0xdf,0xc1,0x01,0x72,0x21,0x8e,0x00,0x54,0xee,0xd9,0x00,0x12,0x9b,0x00,0x0e,0x4b,  // 54c0
0xde,0x01,0x05,0x0b,0xdb,0x03,0x1b,0x0a,0x7f,0x03,0x1a,0x6a,0x61,0x8d,0x00,0x54,  // 54d0
0xdb,0x00,0x0e,0x4b,0xce,0x01,0x07,0x0b,0xce,0x01,0x1b,0x0a,0xdf,0x01,0x1a,0x6a,  // 54e0
0xc1,0x8c,0x00,0x54,0xee,0x09,0xc0,0x5a,0x52,0x1a,0x00,0x91,0x6f,0x12,0x6e,0x0a,  // 54f0
0xce,0xcd,0x00,0x12,0xef,0x0d,0x0f,0x2a,0xee,0x01,0x0e,0x0b,0xda,0x11,0x4e,0x2a,  // 5500
0x4e,0x7f,0x08,0x53,0xcf,0x1d,0x18,0x12,0xee,0x39,0x40,0x51,0x4f,0x1f,0x00,0x33,  // 5510
0xdf,0x05,0x10,0x31,0x88,0x1a,0x00,0x54,0x14,0xc2,0x1f,0x78,0xff,0x01,0x02,0x71,  // 5520
0xf9,0x03,0x0f,0x2a,0x15,0xe2,0x1f,0x38,0x10,0x0e,0x00,0x91,0x42,0xf9,0xff,0x54,  // 5530
0x10,0x12,0x00,0xd1,0x0f,0x16,0x00,0x38,0x0c,0x00,0x00,0x14,0x2e,0x7f,0x0c,0x53,  // 5540
0x0f,0x10,0x80,0x52,0x1a,0x10,0x80,0x52,0x2f,0x2f,0x06,0x33,0x3a,0x17,0x00,0x33,  // 5550
0xce,0x09,0x1b,0x32,0x0e,0xc2,0x1f,0x38,0x0e,0x06,0x00,0xd1,0x0f,0xd2,0x1f,0x38,  // 5560
0x1a,0xe2,0x1f,0x38,0xf0,0x03,0x0e,0xaa,0x4e,0x02,0x40,0x39,0xfb,0x17,0x40,0xf9,  // 5570
0xf9,0x03,0x12,0xaa,0xea,0x0f,0x40,0xf9,0xdf,0x71,0x01,0x71,0x40,0xf0,0xff,0x54,  // 5580
0xfe,0x03,0x1b,0xaa,0x0b,0x06,0x28,0x37,0x45,0xa2,0x00,0xa4,0x2a,0x21,0x00,0xd1,  // 5590
0xa1,0xa0,0x00,0x24,0xa2,0xa0,0x02,0x24,0xe6,0x1f,0x11,0x05,0xe7,0x1f,0x12,0x05,  // 55a0
0xc1,0x00,0x01,0x24,0xe2,0x00,0x01,0x24,0x41,0x19,0xbf,0xe5,0xca,0x57,0x69,0x04,  // 55b0
0x4f,0x81,0x5f,0xb8,0x2a,0x21,0x00,0xd1,0x42,0x19,0xbf,0xe5,0xca,0x57,0x69,0x04,  // 55c0
0x5a,0x81,0x5f,0xb8,0xee,0x05,0x00,0x51,0x5f,0x03,0x0e,0x6a,0xa1,0x85,0x00,0x54,  // 55d0
0x4e,0x07,0x00,0x51,0xdf,0x01,0x0f,0x6a,0x81,0x07,0x00,0x54,0x05,0xe2,0x00,0xe4,  // 55e0
0x2a,0x21,0x00,0xd1,0x59,0x82,0x00,0x91,0x45,0x42,0x18,0xa4,0x10,0x82,0x00,0x91,  // 55f0
0xf2,0x03,0x19,0xaa,0xa1,0xa0,0x00,0x24,0xa2,0xa0,0x02,0x24,0xe6,0x1f,0x11,0x05,  // 5600
0xe7,0x1f,0x12,0x05,0xc1,0x00,0x01,0x24,0xe2,0x00,0x01,0x24,0x41,0x19,0xbf,0xe5,  // 5610
0xca,0x57,0x69,0x04,0x4f,0x81,0x5f,0xb8,0x2a,0x21,0x00,0xd1,0x42,0x19,0xbf,0xe5,  // 5620
0xca,0x57,0x69,0x04,0x5a,0x81,0x5f,0xb8,0xee,0x05,0x00,0x51,0x5f,0x03,0x0e,0x6a,  // 5630
0x00,0xfd,0xff,0x54,0x14,0x04,0x00,0x14,0x05,0xe2,0x00,0xe4,0x52,0x82,0x00,0x91,  // 5640
0x10,0x82,0x00,0x91,0x45,0xa2,0x00,0xa4,0x2a,0x21,0x00,0xd1,0xa6,0xc0,0x23,0x05,  // 5650
0xa1,0xa0,0x00,0x24,0xa2,0xa0,0x02,0x24,0xe6,0xc3,0x29,0x25,0xe7,0x1f,0x12,0x05,  // 5660
0xc3,0xa0,0x04,0x24,0xe6,0x1f,0x11,0x05,0xe2,0x00,0x01,0x24,0xc1,0x00,0x01,0x24,  // 5670
0xf0,0x1f,0x13,0x05,0x41,0x19,0xbf,0xe5,0xca,0x57,0x69,0x04,0x03,0x02,0x01,0x24,  // 5680
0x4f,0x81,0x5f,0xb8,0x2a,0x21,0x00,0xd1,0x42,0x19,0xbf,0xe5,0xca,0x57,0x69,0x04,  // 5690
0x5a,0x81,0x5f,0xb8,0x2a,0x21,0x00,0xd1,0x43,0x19,0xbf,0xe5,0xca,0x57,0x69,0x04,  // 56a0
0x59,0x81,0x5f,0xb8,0x2e,0x03,0x0f,0x2a,0xce,0x05,0x00,0x51,0xdf,0x01,0x1a,0x6a,  // 56b0
0x81,0x7e,0x00,0x54,0x4e,0x07,0x00,0x51,0x3f,0x03,0x0e,0x6a,0x21,0x98,0x00,0x54,  // 56c0
0xdf,0x01,0x0f,0x6a,0xa0,0xfb,0xff,0x54,0x4f,0x02,0x40,0x39,0xea,0x0f,0x40,0xf9,  // 56d0
0xf9,0x03,0x12,0xaa,0xfb,0x03,0x1e,0xaa,0xff,0x71,0x01,0x71,0x40,0xe5,0xff,0x54,  // 56e0
0xf9,0x03,0x1f,0xaa,0x1b,0x02,0x19,0x8b,0x5a,0x02,0x19,0x8b,0x6f,0x03,0x00,0x39,  // 56f0
0x4e,0x07,0x40,0x39,0xdf,0x71,0x01,0x71,0x00,0x05,0x00,0x54,0x6e,0x07,0x00,0x39,  // 5700
0x4e,0x0b,0x40,0x39,0xdf,0x71,0x01,0x71,0xe0,0x04,0x00,0x54,0x6e,0x0b,0x00,0x39,  // 5710
0x5b,0x02,0x19,0x8b,0x0f,0x02,0x19,0x8b,0x6e,0x0f,0x40,0x39,0xdf,0x71,0x01,0x71,  // 5720
0xe0,0x04,0x00,0x54,0xee,0x0d,0x00,0x39,0x6e,0x13,0x40,0x39,0xdf,0x71,0x01,0x71,  // 5730
0xe0,0x04,0x00,0x54,0xee,0x11,0x00,0x39,0x5b,0x02,0x19,0x8b,0x0f,0x02,0x19,0x8b,  // 5740
0x6e,0x17,0x40,0x39,0xdf,0x71,0x01,0x71,0xe0,0x04,0x00,0x54,0xee,0x15,0x00,0x39,  // 5750
0x6e,0x1b,0x40,0x39,0xdf,0x71,0x01,0x71,0xe0,0x04,0x00,0x54,0xee,0x19,0x00,0x39,  // 5760
0x4f,0x02,0x19,0x8b,0x1b,0x02,0x19,0x8b,0xee,0x1d,0x40,0x39,0xdf,0x71,0x01,0x71,  // 5770
0xe0,0x04,0x00,0x54,0x6e,0x1f,0x00,0x39,0x39,0x23,0x00,0x91,0xef,0x21,0x40,0x39,  // 5780
0xff,0x71,0x01,0x71,0x01,0xfb,0xff,0x54,0x52,0x02,0x19,0x8b,0x10,0x02,0x19,0x8b,  // 5790
0x5a,0x06,0x00,0xd1,0x21,0x00,0x00,0x14,0x52,0x07,0x00,0x91,0x70,0x07,0x00,0x91,  // 57a0
0x1e,0x00,0x00,0x14,0x4e,0x02,0x19,0x8b,0x0f,0x02,0x19,0x8b,0xda,0x05,0x00,0x91,  // 57b0
0xd2,0x09,0x00,0x91,0xf0,0x09,0x00,0x91,0x18,0x00,0x00,0x14,0x7a,0x0b,0x00,0x91,  // 57c0
0x72,0x0f,0x00,0x91,0xf0,0x0d,0x00,0x91,0x14,0x00,0x00,0x14,0x4e,0x02,0x19,0x8b,  // 57d0
0x0f,0x02,0x19,0x8b,0xda,0x0d,0x00,0x91,0xd2,0x11,0x00,0x91,0xf0,0x11,0x00,0x91,  // 57e0
0x0e,0x00,0x00,0x14,0x7a,0x13,0x00,0x91,0x72,0x17,0x00,0x91,0xf0,0x15,0x00,0x91,  // 57f0
0x0a,0x00,0x00,0x14,0x4e,0x02,0x19,0x8b,0x0f,0x02,0x19,0x8b,0xda,0x15,0x00,0x91,  // 5800
0xd2,0x19,0x00,0x91,0xf0,0x19,0x00,0x91,0x04,0x00,0x00,0x14,0xfa,0x19,0x00,0x91,  // 5810
0xf2,0x1d,0x00,0x91,0x70,0x1f,0x00,0x91,0xea,0x0f,0x40,0xf9,0x59,0x07,0x00,0x91,  // 5820
0xfb,0x03,0x1e,0xaa,0xd8,0xfe,0xff,0x17,0xef,0x03,0x19,0x2a,0x19,0x16,0x00,0x38,  // 5830
0x4e,0xff,0xff,0x17,0x2e,0x7f,0x06,0x53,0x0f,0x10,0x80,0x52,0x2f,0x17,0x00,0x33,  // 5840
0xce,0x05,0x1a,0x32,0x0e,0xc2,0x1f,0x38,0x0e,0x0a,0x00,0xd1,0x0f,0xd2,0x1f,0x38,  // 5850
0x45,0xff,0xff,0x17,0x0e,0x06,0x00,0xd1,0x14,0xc2,0x1f,0x78,0x15,0xe2,0x1f,0x38,  // 5860
0x41,0xff,0xff,0x17,0xee,0x29,0x19,0x0b,0x0f,0x10,0x80,0x52,0x19,0x10,0x80,0x52,  // 5870
0xce,0x01,0x16,0x0b,0xcf,0x45,0x0c,0x33,0xdb,0x7d,0x12,0x53,0xd9,0x2d,0x06,0x33,  // 5880
0x0e,0x10,0x80,0x52,0x4e,0x17,0x00,0x33,0x0f,0xd2,0x1f,0x38,0x6f,0x0f,0x1c,0x32,  // 5890
0x19,0xe2,0x1f,0x38,0x0f,0xc2,0x1f,0x38,0x0e,0xf2,0x1f,0x38,0x33,0xff,0xff,0x17,  // 58a0
0x20,0x00,0x80,0x92,0xe3,0x03,0x00,0x4b,0xeb,0x03,0x12,0xaa,0x62,0xef,0xff,0x17,  // 58b0
0xce,0x01,0xc0,0x5a,0x6b,0x01,0x06,0x8b,0xef,0x03,0x27,0xaa,0xeb,0x01,0x0b,0x8b,  // 58c0
0xce,0x11,0xc0,0x5a,0x6b,0x01,0x0e,0xcb,0x73,0x01,0x13,0xcb,0x4b,0xfa,0xff,0x17,  // 58d0
0xf0,0x03,0x06,0x2a,0x75,0x7f,0xbb,0x0a,0xef,0x03,0x1f,0xaa,0xf3,0x03,0x1f,0xaa,  // 58e0
0xe6,0x03,0x10,0x4b,0x50,0x01,0x80,0x52,0xbf,0x02,0x0f,0xeb,0xa0,0x03,0x00,0x54,  // 58f0
0x2e,0x68,0xaf,0x38,0xef,0x05,0x00,0x91,0x6e,0x3a,0x10,0x9b,0xd3,0xc1,0x00,0xd1,  // 5900
0x6e,0x26,0xc6,0x9a,0x2e,0xff,0xff,0xb4,0xf5,0x03,0x0f,0x2a,0x0e,0x00,0x80,0x92,  // 5910
0x8f,0x00,0x15,0x4b,0x7b,0x03,0x15,0x6b,0xce,0x21,0xc6,0x9a,0xe4,0x05,0x00,0x11,  // 5920
0xe7,0x03,0x2e,0xaa,0x4d,0x04,0x00,0x54,0x4f,0x01,0x80,0x52,0xf0,0x03,0x1b,0xaa,  // 5930
0xf4,0x03,0x01,0xaa,0x6e,0x26,0xc6,0x9a,0x60,0x02,0x07,0x8a,0x10,0x06,0x00,0xf1,  // 5940
0xce,0xc1,0x00,0x11,0x8e,0x02,0x00,0x39,0x8e,0xca,0xb5,0x38,0x94,0x06,0x00,0x91,  // 5950
0x0e,0x38,0x0f,0x9b,0xd3,0xc1,0x00,0xd1,0xe1,0xfe,0xff,0x54,0x15,0x00,0x00,0x14,  // 5960
0xb4,0x7f,0x80,0x12,0x13,0x02,0x00,0xb4,0x6e,0x26,0xc6,0x9a,0x0e,0x01,0x00,0xb4,  // 5970
0x0e,0x00,0x80,0x92,0x8f,0x00,0x15,0x4b,0xfb,0x03,0x1f,0x2a,0xce,0x21,0xc6,0x9a,  // 5980
0xe4,0x05,0x00,0x11,0xe7,0x03,0x2e,0xaa,0x0b,0x00,0x00,0x14,0x6e,0x0a,0x13,0x8b,  // 5990
0xb5,0x06,0x00,0x11,0xd3,0xf9,0x7f,0xd3,0x6e,0x26,0xc6,0x9a,0x8e,0xff,0xff,0xb4,  // 59a0
0xdb,0xff,0xff,0x17,0xe7,0x03,0x1f,0x2a,0x9c,0x00,0x00,0x14,0xfb,0x03,0x1f,0x2a,  // 59b0
0x73,0x02,0x00,0xb4,0x07,0x00,0x00,0x14,0x1f,0x02,0x00,0xf1,0x42,0x04,0x9f,0x1a,  // 59c0
0x6e,0x02,0x07,0x8a,0xcf,0x09,0x0e,0x8b,0xf3,0xf9,0x7f,0xd3,0x8e,0x01,0x00,0xb4,  // 59d0
0x6f,0x7f,0x40,0x93,0x70,0x26,0xc6,0x9a,0x7f,0x00,0x0f,0xeb,0xe9,0xfe,0xff,0x54,  // 59e0
0x0e,0xc2,0x00,0x11,0x2e,0x68,0x2f,0x38,0x7b,0x07,0x00,0x11,0x6e,0x02,0x07,0x8a,  // 59f0
0xcf,0x09,0x0e,0x8b,0xf3,0xf9,0x7f,0xd3,0xce,0xfe,0xff,0xb5,0x7f,0x07,0x00,0x71,  // 5a00
0x6b,0x01,0x00,0x54,0xfb,0x03,0x1b,0x2a,0xae,0x68,0x7b,0x38,0xdf,0xc1,0x00,0x71,  // 5a10
0x01,0x02,0x00,0x54,0x7b,0x07,0x00,0xf1,0x8c,0xff,0xff,0x54,0xe6,0x03,0x1f,0x2a,  // 5a20
0xf3,0x03,0x1f,0x2a,0xb4,0x7f,0x80,0x12,0x81,0x00,0x00,0x14,0xe6,0x03,0x1f,0x2a,  // 5a30
0xf3,0x03,0x1f,0x2a,0xb4,0x7f,0x80,0x12,0xfb,0x00,0x00,0x35,0x7c,0x00,0x00,0x14,  // 5a40
0xf6,0x03,0x0f,0x2a,0x9a,0xfc,0xff,0x17,0xf6,0x03,0x15,0x2a,0x98,0xfc,0xff,0x17,  // 5a50
0xb4,0x7f,0x80,0x12,0xf0,0x03,0x1f,0xaa,0xef,0x03,0x1b,0x2a,0x86,0xb1,0x82,0x52,  // 5a60
0x1f,0x9a,0x00,0xf1,0x60,0x02,0x00,0x54,0x2e,0x00,0x00,0xf0,0xce,0x31,0x1e,0x91,  // 5a70
0x20,0x68,0x70,0x38,0xce,0x01,0x10,0x8b,0xce,0x69,0x66,0x38,0x1f,0x00,0x0e,0x6b,  // 5a80
0xc1,0x01,0x00,0x54,0x10,0x06,0x00,0x91,0xff,0x01,0x10,0xeb,0xa1,0xfe,0xff,0x54,  // 5a90
0x2e,0x00,0x00,0xf0,0xce,0x31,0x1e,0x91,0x90,0xb1,0x82,0x52,0xce,0x01,0x0f,0x8b,  // 5aa0
0x06,0x02,0x80,0x52,0xce,0x69,0x70,0x38,0x2e,0x01,0x00,0x35,0x09,0x00,0x00,0x14,  // 5ab0
0x06,0x02,0x80,0x52,0x07,0x00,0x00,0x14,0xce,0x1d,0x00,0x13,0x10,0x1c,0x00,0x13,  // 5ac0
0x06,0x02,0x80,0x52,0x1f,0x02,0x0e,0x6b,0x4a,0x00,0x00,0x54,0xe6,0x01,0x80,0x52,  // 5ad0
0xc7,0x00,0x0f,0x0b,0xe0,0x03,0x16,0x2a,0xff,0x05,0x00,0x71,0xf3,0x7c,0x40,0x93,  // 5ae0
0x8b,0x07,0x00,0x54,0xf9,0xe7,0x02,0xb2,0xf5,0x03,0x1f,0xaa,0x76,0x06,0x00,0xd1,  // 5af0
0xf8,0x05,0x00,0xd1,0x17,0x40,0xff,0xd2,0xb9,0x99,0x99,0xf2,0x3a,0x01,0x80,0x92,  // 5b00
0xef,0x03,0x07,0x2a,0x09,0x00,0x00,0x14,0xdf,0x01,0x00,0xf1,0x42,0x04,0x9f,0x1a,  // 5b10
0x0e,0x07,0x00,0x91,0x18,0x07,0x00,0xd1,0xef,0x05,0x00,0x51,0xdf,0x05,0x00,0xf1,  // 5b20
0xd6,0x06,0x00,0xd1,0x29,0x02,0x00,0x54,0x2e,0x68,0xb8,0x38,0x7f,0x00,0x16,0xeb,  // 5b30
0xae,0xd6,0x0e,0x8b,0xdb,0x01,0x17,0x8b,0x6e,0x7f,0xd9,0x9b,0xd5,0xfd,0x43,0xd3,  // 5b40
0xae,0x6e,0x1a,0x9b,0x29,0xfe,0xff,0x54,0xce,0xc1,0x00,0x11,0x2e,0x68,0x36,0x38,  // 5b50
0x0e,0x07,0x00,0x91,0x18,0x07,0x00,0xd1,0xef,0x05,0x00,0x51,0xdf,0x05,0x00,0xf1,  // 5b60
0xd6,0x06,0x00,0xd1,0x28,0xfe,0xff,0x54,0xfa,0x13,0x40,0xf9,0x7f,0x2b,0x00,0xf1,  // 5b70
0x03,0x03,0x00,0x54,0xee,0x7d,0x40,0x93,0xf6,0xe7,0x02,0xb2,0x37,0x01,0x80,0x92,  // 5b80
0xb6,0x99,0x99,0xf2,0xcf,0x05,0x00,0xd1,0x07,0x00,0x00,0x14,0xdf,0x01,0x00,0xf1,  // 5b90
0x42,0x04,0x9f,0x1a,0xbf,0x26,0x00,0xf1,0xef,0x05,0x00,0xd1,0xf5,0x03,0x10,0xaa,  // 5ba0
0x89,0x01,0x00,0x54,0xae,0x7e,0xd6,0x9b,0x7f,0x00,0x0f,0xeb,0xd0,0xfd,0x43,0xd3,  // 5bb0
0x0e,0x56,0x17,0x9b,0xc9,0xfe,0xff,0x54,0xce,0xc1,0x00,0x11,0x2e,0x68,0x2f,0x38,  // 5bc0
0xbf,0x26,0x00,0xf1,0xef,0x05,0x00,0xd1,0xf5,0x03,0x10,0xaa,0xc8,0xfe,0xff,0x54,  // 5bd0
0x7f,0x00,0x13,0xeb,0xc4,0x00,0x04,0x0b,0xe7,0x80,0x83,0x1a,0xff,0x04,0x00,0x71,  // 5be0
0x4b,0x01,0x00,0x54,0xf6,0x03,0x00,0x2a,0xae,0x68,0x67,0x38,0xdf,0xc1,0x00,0x71,  // 5bf0
0x41,0x01,0x00,0x54,0xe7,0x04,0x00,0xf1,0x8c,0xff,0xff,0x54,0xe6,0x03,0x1f,0x2a,  // 5c00
0xf3,0x03,0x1f,0x2a,0x0a,0x00,0x00,0x14,0xe6,0x03,0x1f,0x2a,0xf3,0x03,0x1f,0x2a,  // 5c10
0xf6,0x03,0x00,0x2a,0xc7,0x00,0x00,0x34,0x9f,0x50,0x00,0x71,0x0f,0x00,0x80,0x92,  // 5c20
0xe6,0x03,0x04,0x2a,0xf3,0x03,0x07,0x2a,0xcc,0x0b,0x00,0x54,0xdf,0x00,0x13,0x6b,  // 5c30
0xe4,0x03,0x1f,0x2a,0xe3,0x03,0x1f,0xaa,0xcf,0xb0,0x93,0x1a,0xff,0x05,0x00,0x71,  // 5c40
0x6b,0x01,0x00,0x54,0xe3,0x03,0x1f,0xaa,0x50,0x01,0x80,0x52,0xe4,0x03,0x0f,0xaa,  // 5c50
0xe5,0x03,0x01,0xaa,0xae,0x14,0x80,0x38,0x84,0x04,0x00,0xf1,0x6e,0x38,0x10,0x9b,  // 5c60
0xc3,0xc1,0x00,0xd1,0x81,0xff,0xff,0x54,0xe4,0x03,0x0f,0x2a,0xcf,0x00,0x04,0x6b,  // 5c70
0xed,0x03,0x00,0x54,0xff,0x11,0x00,0x71,0x03,0x03,0x00,0x54,0x2e,0x00,0x80,0x52,  // 5c80
0x40,0xe0,0xd8,0x25,0xc0,0x0d,0x08,0x4e,0x4e,0x01,0x80,0x52,0xc2,0x0d,0x08,0x4e,  // 5c90
0x01,0x1c,0xa0,0x4e,0x61,0x1c,0x08,0x4e,0xe3,0x75,0x1e,0x12,0x84,0x00,0x03,0x0b,  // 5ca0
0xf0,0x03,0x03,0x2a,0x40,0x00,0xd0,0x04,0x41,0x00,0xd0,0x04,0x10,0x12,0x00,0x71,  // 5cb0
0xa1,0xff,0xff,0x54,0x22,0x38,0xc0,0x4e,0x20,0x78,0xc0,0x4e,0xff,0x01,0x03,0x6b,  // 5cc0
0x40,0x00,0xd0,0x04,0x20,0xe0,0xd8,0x25,0x01,0x40,0x00,0x6e,0x20,0x00,0xd0,0x04,  // 5cd0
0x03,0x00,0x66,0x9e,0xc0,0x00,0x00,0x54,0xcf,0x00,0x04,0x4b,0x6e,0x08,0x03,0x8b,  // 5ce0
0xef,0x05,0x00,0x71,0xc3,0xf9,0x7f,0xd3,0xa1,0xff,0xff,0x54,0x66,0x04,0xf8,0x37,  // 5cf0
0x7f,0x02,0x06,0x6b,0x2d,0x04,0x00,0x54,0x2f,0x40,0x26,0x8b,0xf0,0x01,0xc0,0x39,  // 5d00
0x1f,0xd6,0x00,0x71,0xe1,0x00,0x00,0x54,0xce,0x04,0x00,0x11,0xdf,0x01,0x13,0x6b,  // 5d10
0x81,0x00,0x00,0x54,0x82,0x02,0x00,0x34,0x6f,0x04,0x00,0x91,0x18,0x00,0x00,0x14,  // 5d20
0x1f,0xd2,0x00,0x71,0xf0,0xd7,0x9f,0x1a,0x6f,0x04,0x00,0x91,0x90,0x02,0x00,0x35,  // 5d30
0x12,0x00,0x00,0x14,0x6b,0x01,0x06,0x8b,0xee,0x03,0x27,0xaa,0xcb,0x01,0x0b,0x8b,  // 5d40
0x6b,0x41,0x30,0xcb,0x73,0x01,0x13,0xcb,0x2c,0xf9,0xff,0x17,0xe3,0x00,0x80,0x52,  // 5d50
0xeb,0x03,0x00,0xaa,0x38,0xee,0xff,0x17,0x2a,0x00,0x80,0x52,0x0a,0x21,0x03,0x39,  // 5d60
0xf7,0x05,0x00,0x14,0xa6,0x00,0x00,0x34,0xee,0xf1,0x5f,0x38,0xd0,0x01,0x00,0x12,  // 5d70
0x6f,0x04,0x00,0x91,0x50,0x00,0x00,0x35,0xef,0x03,0x03,0xaa,0x0e,0x04,0xe0,0xd2,  // 5d80
0xff,0x01,0x0e,0xeb,0xe1,0x00,0x00,0x54,0xf3,0x03,0x1f,0xaa,0x9f,0xfe,0x0f,0x71,  // 5d90
0x94,0x06,0x00,0x11,0x0f,0x02,0xe0,0xd2,0x15,0x80,0x80,0x52,0xa0,0x00,0x00,0x54,  // 5da0
0xff,0x01,0x4c,0xf2,0xce,0x7f,0x80,0x12,0xf3,0x03,0x0f,0xaa,0xd5,0x01,0x94,0x1a,  // 5db0
0xae,0xfe,0x0f,0x11,0x6f,0xce,0x40,0x92,0x5f,0xb6,0x00,0x71,0xce,0x29,0x00,0x12,  // 5dc0
0xc0,0x02,0x62,0x1e,0xfb,0x17,0x40,0xf9,0xee,0xd1,0x0e,0xaa,0xcf,0x01,0x41,0xb2,  // 5dd0
0xee,0x01,0x8e,0x9a,0xc1,0x01,0x67,0x9e,0x00,0x08,0x61,0x1e,0x0f,0x00,0x66,0x9e,  // 5de0
0x10,0xfe,0xef,0xd2,0xe0,0x03,0x1f,0x2a,0x83,0x00,0x80,0x52,0xee,0xf9,0x40,0x92,  // 5df0
0xdf,0x01,0x10,0xeb,0x41,0x03,0x00,0x54,0x5f,0x4f,0x00,0xf1,0xc0,0x02,0x00,0x54,  // 5e00
0x5f,0x2f,0x00,0xf1,0x00,0x01,0x00,0x54,0x5f,0x0f,0x00,0xf1,0x41,0xc1,0xfd,0x54,  // 5e10
0x01,0x51,0x40,0xf9,0x7a,0x00,0x80,0x52,0x4e,0x83,0x11,0xaa,0x2e,0x6c,0x00,0xa9,  // 5e20
0x05,0x00,0x00,0x14,0x7a,0x01,0x80,0x52,0x0e,0x51,0x40,0xf9,0x4f,0x83,0x11,0xaa,  // 5e30
0xcf,0x6d,0x00,0xa9,0x0e,0xd9,0x40,0xb9,0x01,0x51,0x40,0xf9,0xe0,0x03,0x03,0x2a,  // 5e40
0xce,0x05,0x00,0x11,0x2f,0x40,0x00,0x91,0x0e,0xd9,0x00,0xb9,0x0f,0x51,0x00,0xf9,  // 5e50
0x0e,0x00,0x00,0x14,0xe0,0x03,0x03,0x2a,0xef,0x03,0x1b,0xaa,0x7a,0x02,0x80,0x52,  // 5e60
0x0e,0x51,0x40,0xf9,0xfb,0x03,0x0f,0xaa,0x50,0x83,0x11,0xaa,0xd0,0x3d,0x00,0xa9,  // 5e70
0x0e,0xd9,0x40,0xb9,0x01,0x51,0x40,0xf9,0xce,0x05,0x00,0x11,0x30,0x40,0x00,0x91,  // 5e80
0x0e,0xd9,0x00,0xb9,0x10,0x51,0x00,0xf9,0x1f,0x00,0x00,0x71,0x6e,0x01,0x80,0x52,  // 5e90
0xc3,0x01,0x80,0x1a,0x00,0xbd,0xfd,0x35,0x0e,0x61,0x40,0xf9,0x2f,0x80,0x00,0x91,  // 5ea0
0xff,0x01,0x0e,0xeb,0x88,0xbc,0xfd,0x54,0xe0,0x03,0x0b,0xaa,0x0f,0x14,0x40,0x38,  // 5eb0
0xff,0x81,0x00,0x71,0xc8,0x07,0x00,0x54,0x2e,0x00,0x80,0x52,0x10,0xc0,0x84,0xd2,  // 5ec0
0xce,0x21,0xcf,0x9a,0x30,0x00,0xc0,0xf2,0xdf,0x01,0x10,0xea,0x00,0x07,0x00,0x54,  // 5ed0
0x6f,0x05,0x40,0x39,0x60,0x09,0x00,0x91,0xff,0x81,0x00,0x71,0x88,0x06,0x00,0x54,  // 5ee0
0x2b,0x00,0x80,0x52,0x0e,0xc0,0x84,0xd2,0x6b,0x21,0xcf,0x9a,0x2e,0x00,0xc0,0xf2,  // 5ef0
0x7f,0x01,0x0e,0xea,0xc0,0x05,0x00,0x54,0x0b,0x49,0x40,0xf9,0x0f,0x00,0x0b,0xcb,  // 5f00
0xff,0xfd,0x00,0xf1,0xe8,0x00,0x00,0x54,0x0e,0x00,0x80,0x92,0x10,0x4d,0x40,0xf9,  // 5f10
0xce,0x21,0xcf,0x9a,0x0f,0x02,0x0e,0xea,0x01,0x04,0x00,0x54,0x60,0x01,0x01,0x91,  // 5f20
0xe0,0xe3,0x18,0x25,0x1f,0x20,0x03,0xd5,0xeb,0x10,0x04,0x10,0x01,0xc0,0x38,0x25,  // 5f30
0x60,0xa1,0x00,0xa4,0x0b,0x04,0x80,0x52,0x02,0xa0,0x00,0xa4,0x03,0x40,0x0b,0xa4,  // 5f40
0x2e,0x21,0x00,0xd1,0xaf,0x57,0x69,0x04,0x00,0x00,0x01,0x91,0x44,0xc0,0x21,0x05,  // 5f50
0x65,0xc0,0x21,0x05,0x84,0x06,0x80,0x05,0x85,0x06,0x80,0x05,0x04,0x30,0x24,0x05,  // 5f60
0x05,0x30,0x25,0x05,0x41,0xa0,0x04,0x24,0x62,0xa0,0x05,0x24,0xc1,0x19,0xbf,0xe5,  // 5f70
0xc2,0x15,0xbf,0xe5,0xce,0x57,0x69,0x04,0xce,0x81,0x5f,0xb8,0xef,0x81,0x5f,0xb8,  // 5f80
0xce,0x81,0x0f,0xaa,0xdf,0x05,0x00,0xb1,0x80,0xfd,0xff,0x54,0xef,0x03,0x2e,0xaa,  // 5f90
0x0b,0x00,0x01,0xd1,0x0b,0x3d,0x09,0xa9,0xee,0x01,0xc0,0xda,0xce,0x11,0xc0,0xda,  // 5fa0
0x60,0x01,0x0e,0x8b,0x0f,0x14,0x40,0x38,0x95,0x02,0x00,0x14,0x94,0x02,0x00,0x14,  // 5fb0
0x6b,0x01,0x06,0x8b,0xee,0x03,0x27,0xaa,0xcb,0x01,0x0b,0x8b,0x6b,0x41,0x2f,0xcb,  // 5fc0
0x73,0x01,0x13,0xcb,0x8d,0xf8,0xff,0x17,0x0b,0x02,0xc0,0xda,0x6b,0x11,0xc0,0xda,  // 5fd0
0x52,0x02,0x0b,0x8b,0x0b,0x00,0x80,0x92,0x69,0x01,0x00,0x14,0xf2,0x03,0x02,0xaa,  // 5fe0
0xee,0x03,0x0f,0x2a,0x80,0xcb,0x38,0x25,0x01,0xd0,0x38,0x25,0xce,0x01,0xc0,0xda,  // 5ff0
0x42,0xc4,0x38,0x25,0x03,0xc0,0x38,0x25,0xe4,0xc3,0x38,0x25,0x23,0x23,0x83,0x52,  // 6000
0xc5,0xc8,0x88,0x52,0xce,0x11,0xc0,0xda,0x27,0x27,0x87,0x52,0x16,0x80,0x84,0x52,  // 6010
0x52,0x02,0x0e,0x8b,0xe1,0x03,0x1a,0xaa,0xe2,0xc3,0x01,0x32,0x23,0x23,0xa3,0x72,  // 6020
0xe4,0xc7,0x02,0x32,0xc5,0xc8,0xa8,0x72,0xe6,0xcb,0x03,0x32,0x27,0x27,0xa7,0x72,  // 6030
0xf3,0xc3,0x00,0x32,0xf4,0xfd,0x97,0x52,0xb5,0x17,0x80,0x52,0x16,0x94,0xbf,0x72,  // 6040
0x57,0x00,0x00,0x90,0xf7,0x52,0x01,0x91,0x18,0x04,0x80,0x52,0xf9,0x03,0x12,0xaa,  // 6050
0xf0,0x03,0x12,0xaa,0x2e,0x07,0x40,0x39,0x0f,0x06,0x00,0x91,0x3a,0x0b,0x00,0x91,  // 6060
0xdf,0xd5,0x01,0xf1,0x20,0x01,0x00,0x54,0xee,0x6a,0x6e,0x38,0x2e,0x28,0x00,0x34,  // 6070
0xea,0x0f,0x00,0xf9,0xf2,0x03,0x1a,0xaa,0xfb,0x17,0x00,0xf9,0x0e,0x02,0x00,0x39,  // 6080
0xf0,0x03,0x0f,0xaa,0x6d,0x00,0x00,0x14,0x39,0x23,0x40,0xb8,0x0e,0xfa,0x99,0x52,  // 6090
0xea,0x0f,0x00,0xf9,0xee,0xf9,0xb9,0x72,0xfb,0x17,0x00,0xf9,0x2e,0x03,0x0e,0x0b,  // 60a0
0x4a,0x00,0x39,0x0a,0x5f,0x01,0x0e,0x6a,0x61,0x3a,0x00,0x54,0x2e,0x03,0x03,0x0b,  // 60b0
0xce,0x01,0x19,0x2a,0xdf,0xc1,0x01,0x72,0xe1,0x39,0x00,0x54,0x2e,0xdb,0x00,0x12,  // 60c0
0x9e,0x00,0x0e,0x4b,0xfe,0x17,0x00,0xb9,0xde,0x01,0x05,0x0b,0xfb,0x17,0x40,0xb9,  // 60d0
0xde,0x03,0x1b,0x0a,0xdf,0x03,0x0a,0x6a,0xe1,0x38,0x00,0x54,0xde,0x00,0x0e,0x4b,  // 60e0
0xce,0x01,0x07,0x0b,0xce,0x01,0x1e,0x0a,0xdf,0x01,0x0a,0x6a,0x41,0x38,0x00,0x54,  // 60f0
0x2e,0x0b,0xc0,0x5a,0x72,0x12,0x6e,0x0a,0xce,0xcd,0x00,0x12,0x52,0x0e,0x12,0x2a,  // 6100
0x4e,0x02,0x0e,0x0b,0xce,0x11,0x4e,0x2a,0xd2,0x5d,0x10,0x53,0xce,0x1d,0x00,0x12,  // 6110
0xd9,0x21,0x12,0x2a,0x52,0x13,0x00,0x91,0x3f,0x03,0x02,0x71,0xe3,0x1e,0x00,0x54,  // 6120
0xf0,0x0d,0x00,0x91,0x3f,0xff,0x1f,0x71,0xe9,0x1e,0x00,0x54,0x2e,0x3b,0x40,0x51,  // 6130
0xdf,0x05,0x20,0x31,0xc9,0x06,0x00,0x54,0x2e,0x7f,0x0a,0x53,0xdf,0xd9,0x00,0x71,  // 6140
0x28,0x1f,0x00,0x54,0x4e,0x02,0x40,0x39,0xdf,0x71,0x01,0x71,0xc1,0x1e,0x00,0x54,  // 6150
0x4e,0x06,0x40,0x39,0xdf,0xd5,0x01,0x71,0x61,0x1e,0x00,0x54,0x4f,0x22,0x40,0xb8,  // 6160
0x0e,0xfa,0x99,0x52,0xee,0xf9,0xb9,0x72,0xee,0x01,0x0e,0x0b,0x5a,0x00,0x2f,0x0a,  // 6170
0x5f,0x03,0x0e,0x6a,0x01,0x34,0x00,0x54,0xee,0x01,0x03,0x0b,0xce,0x01,0x0f,0x2a,  // 6180
0xdf,0xc1,0x01,0x72,0x81,0x33,0x00,0x54,0xee,0xd9,0x00,0x12,0x9b,0x00,0x0e,0x4b,  // 6190
0xde,0x01,0x05,0x0b,0xdb,0x03,0x1b,0x0a,0x7f,0x03,0x1a,0x6a,0xc1,0x32,0x00,0x54,  // 61a0
0xdb,0x00,0x0e,0x4b,0xce,0x01,0x07,0x0b,0xce,0x01,0x1b,0x0a,0xdf,0x01,0x1a,0x6a,  // 61b0
0x21,0x32,0x00,0x54,0xee,0x09,0xc0,0x5a,0x52,0x1a,0x00,0x91,0x6f,0x12,0x6e,0x0a,  // 61c0
0xce,0xcd,0x00,0x12,0xef,0x0d,0x0f,0x2a,0xee,0x01,0x0e,0x0b,0xda,0x11,0x4e,0x2a,  // 61d0
0x4e,0x7f,0x08,0x53,0xcf,0x1d,0x18,0x12,0xee,0x39,0x40,0x51,0x4f,0x1f,0x00,0x33,  // 61e0
0xdf,0x05,0x10,0x31,0x88,0x1a,0x00,0x54,0x14,0xc2,0x1f,0x78,0xff,0x01,0x02,0x71,  // 61f0
0xf9,0x03,0x0f,0x2a,0x15,0xe2,0x1f,0x38,0x10,0x0e,0x00,0x91,0x42,0xf9,0xff,0x54,  // 6200
0x10,0x12,0x00,0xd1,0x0f,0x16,0x00,0x38,0x0c,0x00,0x00,0x14,0x2e,0x7f,0x0c,0x53,  // 6210
0x0f,0x10,0x80,0x52,0x1a,0x10,0x80,0x52,0x2f,0x2f,0x06,0x33,0x3a,0x17,0x00,0x33,  // 6220
0xce,0x09,0x1b,0x32,0x0e,0xc2,0x1f,0x38,0x0e,0x06,0x00,0xd1,0x0f,0xd2,0x1f,0x38,  // 6230
0x1a,0xe2,0x1f,0x38,0xf0,0x03,0x0e,0xaa,0x4e,0x02,0x40,0x39,0xfb,0x17,0x40,0xf9,  // 6240
0xf9,0x03,0x12,0xaa,0xea,0x0f,0x40,0xf9,0xdf,0x71,0x01,0x71,0x40,0xf0,0xff,0x54,  // 6250
0xfe,0x03,0x1b,0xaa,0x00,0x06,0x28,0x37,0x45,0xa2,0x00,0xa4,0x2a,0x21,0x00,0xd1,  // 6260
0xa1,0xa0,0x00,0x24,0xa2,0xa0,0x02,0x24,0xe6,0x1f,0x11,0x05,0xe7,0x1f,0x12,0x05,  // 6270
0xc1,0x00,0x01,0x24,0xe2,0x00,0x01,0x24,0x41,0x19,0xbf,0xe5,0xca,0x57,0x69,0x04,  // 6280
0x4f,0x81,0x5f,0xb8,0x2a,0x21,0x00,0xd1,0x42,0x19,0xbf,0xe5,0xca,0x57,0x69,0x04,  // 6290
0x5a,0x81,0x5f,0xb8,0xee,0x05,0x00,0x51,0x5f,0x03,0x0e,0x6a,0x41,0x2b,0x00,0x54,  // 62a0
0x4e,0x07,0x00,0x51,0xdf,0x01,0x0f,0x6a,0x81,0x07,0x00,0x54,0x05,0xe2,0x00,0xe4,  // 62b0
0x2a,0x21,0x00,0xd1,0x59,0x82,0x00,0x91,0x45,0x42,0x18,0xa4,0x10,0x82,0x00,0x91,  // 62c0
0xf2,0x03,0x19,0xaa,0xa1,0xa0,0x00,0x24,0xa2,0xa0,0x02,0x24,0xe6,0x1f,0x11,0x05,  // 62d0
0xe7,0x1f,0x12,0x05,0xc1,0x00,0x01,0x24,0xe2,0x00,0x01,0x24,0x41,0x19,0xbf,0xe5,  // 62e0
0xca,0x57,0x69,0x04,0x4f,0x81,0x5f,0xb8,0x2a,0x21,0x00,0xd1,0x42,0x19,0xbf,0xe5,  // 62f0
0xca,0x57,0x69,0x04,0x5a,0x81,0x5f,0xb8,0xee,0x05,0x00,0x51,0x5f,0x03,0x0e,0x6a,  // 6300
0x00,0xfd,0xff,0x54,0x41,0x01,0x00,0x14,0x05,0xe2,0x00,0xe4,0x52,0x82,0x00,0x91,  // 6310
0x10,0x82,0x00,0x91,0x45,0xa2,0x00,0xa4,0x2a,0x21,0x00,0xd1,0xa6,0xc0,0x23,0x05,  // 6320
0xa1,0xa0,0x00,0x24,0xa2,0xa0,0x02,0x24,0xe6,0xc3,0x29,0x25,0xe7,0x1f,0x12,0x05,  // 6330
0xc3,0xa0,0x04,0x24,0xe6,0x1f,0x11,0x05,0xe2,0x00,0x01,0x24,0xc1,0x00,0x01,0x24,  // 6340
0xf0,0x1f,0x13,0x05,0x41,0x19,0xbf,0xe5,0xca,0x57,0x69,0x04,0x03,0x02,0x01,0x24,  // 6350
0x4f,0x81,0x5f,0xb8,0x2a,0x21,0x00,0xd1,0x42,0x19,0xbf,0xe5,0xca,0x57,0x69,0x04,  // 6360
0x5a,0x81,0x5f,0xb8,0x2a,0x21,0x00,0xd1,0x43,0x19,0xbf,0xe5,0xca,0x57,0x69,0x04,  // 6370
0x59,0x81,0x5f,0xb8,0x2e,0x03,0x0f,0x2a,0xce,0x05,0x00,0x51,0xdf,0x01,0x1a,0x6a,  // 6380
0x21,0x24,0x00,0x54,0x4e,0x07,0x00,0x51,0x3f,0x03,0x0e,0x6a,0xe1,0x31,0x00,0x54,  // 6390
0xdf,0x01,0x0f,0x6a,0xa0,0xfb,0xff,0x54,0x4f,0x02,0x40,0x39,0xea,0x0f,0x40,0xf9,  // 63a0
0xf9,0x03,0x12,0xaa,0xfb,0x03,0x1e,0xaa,0xff,0x71,0x01,0x71,0x40,0xe5,0xff,0x54,  // 63b0
0xf9,0x03,0x1f,0xaa,0x1b,0x02,0x19,0x8b,0x5a,0x02,0x19,0x8b,0x6f,0x03,0x00,0x39,  // 63c0
0x4e,0x07,0x40,0x39,0xdf,0x71,0x01,0x71,0x00,0x05,0x00,0x54,0x6e,0x07,0x00,0x39,  // 63d0
0x4e,0x0b,0x40,0x39,0xdf,0x71,0x01,0x71,0xe0,0x04,0x00,0x54,0x6e,0x0b,0x00,0x39,  // 63e0
0x5b,0x02,0x19,0x8b,0x0f,0x02,0x19,0x8b,0x6e,0x0f,0x40,0x39,0xdf,0x71,0x01,0x71,  // 63f0
0xe0,0x04,0x00,0x54,0xee,0x0d,0x00,0x39,0x6e,0x13,0x40,0x39,0xdf,0x71,0x01,0x71,  // 6400
0xe0,0x04,0x00,0x54,0xee,0x11,0x00,0x39,0x5b,0x02,0x19,0x8b,0x0f,0x02,0x19,0x8b,  // 6410
0x6e,0x17,0x40,0x39,0xdf,0x71,0x01,0x71,0xe0,0x04,0x00,0x54,0xee,0x15,0x00,0x39,  // 6420
0x6e,0x1b,0x40,0x39,0xdf,0x71,0x01,0x71,0xe0,0x04,0x00,0x54,0xee,0x19,0x00,0x39,  // 6430
0x4f,0x02,0x19,0x8b,0x1b,0x02,0x19,0x8b,0xee,0x1d,0x40,0x39,0xdf,0x71,0x01,0x71,  // 6440
0xe0,0x04,0x00,0x54,0x6e,0x1f,0x00,0x39,0x39,0x23,0x00,0x91,0xef,0x21,0x40,0x39,  // 6450
0xff,0x71,0x01,0x71,0x01,0xfb,0xff,0x54,0x52,0x02,0x19,0x8b,0x10,0x02,0x19,0x8b,  // 6460
0x5a,0x06,0x00,0xd1,0x21,0x00,0x00,0x14,0x52,0x07,0x00,0x91,0x70,0x07,0x00,0x91,  // 6470
0x1e,0x00,0x00,0x14,0x4e,0x02,0x19,0x8b,0x0f,0x02,0x19,0x8b,0xda,0x05,0x00,0x91,  // 6480
0xd2,0x09,0x00,0x91,0xf0,0x09,0x00,0x91,0x18,0x00,0x00,0x14,0x7a,0x0b,0x00,0x91,  // 6490
0x72,0x0f,0x00,0x91,0xf0,0x0d,0x00,0x91,0x14,0x00,0x00,0x14,0x4e,0x02,0x19,0x8b,  // 64a0
0x0f,0x02,0x19,0x8b,0xda,0x0d,0x00,0x91,0xd2,0x11,0x00,0x91,0xf0,0x11,0x00,0x91,  // 64b0
0x0e,0x00,0x00,0x14,0x7a,0x13,0x00,0x91,0x72,0x17,0x00,0x91,0xf0,0x15,0x00,0x91,  // 64c0
0x0a,0x00,0x00,0x14,0x4e,0x02,0x19,0x8b,0x0f,0x02,0x19,0x8b,0xda,0x15,0x00,0x91,  // 64d0
0xd2,0x19,0x00,0x91,0xf0,0x19,0x00,0x91,0x04,0x00,0x00,0x14,0xfa,0x19,0x00,0x91,  // 64e0
0xf2,0x1d,0x00,0x91,0x70,0x1f,0x00,0x91,0xea,0x0f,0x40,0xf9,0x59,0x07,0x00,0x91,  // 64f0
0xfb,0x03,0x1e,0xaa,0xd8,0xfe,0xff,0x17,0xef,0x03,0x19,0x2a,0x19,0x16,0x00,0x38,  // 6500
0x4e,0xff,0xff,0x17,0x2e,0x7f,0x06,0x53,0x0f,0x10,0x80,0x52,0x2f,0x17,0x00,0x33,  // 6510
0xce,0x05,0x1a,0x32,0x0e,0xc2,0x1f,0x38,0x0e,0x0a,0x00,0xd1,0x0f,0xd2,0x1f,0x38,  // 6520
0x45,0xff,0xff,0x17,0x0e,0x06,0x00,0xd1,0x14,0xc2,0x1f,0x78,0x15,0xe2,0x1f,0x38,  // 6530
0x41,0xff,0xff,0x17,0xee,0x29,0x19,0x0b,0x0f,0x10,0x80,0x52,0x19,0x10,0x80,0x52,  // 6540
0xce,0x01,0x16,0x0b,0xcf,0x45,0x0c,0x33,0xdb,0x7d,0x12,0x53,0xd9,0x2d,0x06,0x33,  // 6550
0x0e,0x10,0x80,0x52,0x4e,0x17,0x00,0x33,0x0f,0xd2,0x1f,0x38,0x6f,0x0f,0x1c,0x32,  // 6560
0x19,0xe2,0x1f,0x38,0x0f,0xc2,0x1f,0x38,0x0e,0xf2,0x1f,0x38,0x33,0xff,0xff,0x17,  // 6570
0x2b,0x00,0x80,0x92,0x3e,0x00,0x80,0x52,0xfa,0x03,0x01,0xaa,0xe0,0x03,0x0b,0x4b,  // 6580
0xad,0xf8,0xff,0x17,0x00,0x00,0x80,0x92,0x03,0x00,0x80,0x92,0xe7,0x03,0x05,0xaa,  // 6590
0x5f,0x42,0x00,0xf1,0x62,0xaf,0xfe,0x54,0xd5,0xf5,0xff,0x17,0xe7,0x03,0x1f,0x2a,  // 65a0
0x00,0xe2,0x84,0x52,0x64,0xf4,0xff,0x17,0x6b,0x01,0x00,0xcb,0x63,0x01,0x40,0x39,  // 65b0
0x6e,0xc0,0x00,0x51,0xdf,0x25,0x00,0x71,0xa8,0x03,0x00,0x54,0xe4,0x03,0x1f,0xaa,  // 65c0
0xe0,0x03,0x1f,0xaa,0x4b,0x01,0x80,0x52,0x8e,0x7c,0x0b,0x9b,0xaf,0x00,0x00,0x8b,  // 65d0
0xce,0x41,0x23,0x8b,0xe3,0x05,0x40,0x39,0x6f,0xc0,0x00,0x51,0xc4,0xc1,0x00,0xd1,  // 65e0
0xff,0x25,0x00,0x71,0x02,0x98,0x52,0xfa,0x00,0x04,0x00,0x91,0xe3,0xfe,0xff,0x54,  // 65f0
0xff,0x25,0x00,0x71,0xab,0x00,0x00,0x8b,0x48,0x02,0x00,0x54,0xe7,0x03,0x1f,0xaa,  // 6600
0xab,0x00,0x07,0x8b,0xe7,0x04,0x00,0x91,0x6b,0x01,0x00,0x8b,0x63,0x05,0x40,0x39,  // 6610
0x6b,0xc0,0x00,0x51,0x7f,0x29,0x00,0x71,0x43,0xff,0xff,0x54,0xab,0x00,0x00,0x8b,  // 6620
0x26,0x00,0x80,0x52,0x6b,0x01,0x07,0x8b,0x5b,0xf4,0xff,0x17,0xe6,0x03,0x1f,0x2a,  // 6630
0xe0,0x03,0x1f,0xaa,0xe7,0x03,0x1f,0x2a,0xe4,0x03,0x1f,0xaa,0x56,0xf4,0xff,0x17,  // 6640
0xe6,0x03,0x1f,0x2a,0xe7,0x03,0x1f,0x2a,0x53,0xf4,0xff,0x17,0xff,0x04,0x00,0x71,  // 6650
0x01,0xe6,0xfe,0x54,0x4e,0x01,0x80,0x52,0x8e,0x7c,0xce,0x9b,0xff,0x03,0x0e,0xeb,  // 6660
0x80,0x18,0x00,0x54,0x5f,0x00,0x00,0x71,0x0e,0x00,0x80,0x12,0x27,0x00,0x80,0x52,  // 6670
0xd6,0x15,0x8e,0x5a,0x56,0xf7,0xff,0x17,0x60,0x01,0x80,0x92,0x8a,0xfc,0xff,0x17,  // 6680
0xf9,0x03,0x12,0xaa,0x32,0x03,0x40,0x39,0x5f,0x8a,0x00,0x71,0x41,0x01,0x00,0x54,  // 6690
0x32,0x07,0x00,0x91,0x00,0x02,0x00,0xcb,0xea,0x0f,0x40,0xf9,0x81,0x01,0x80,0x52,  // 66a0
0xfa,0x03,0x02,0xaa,0xfb,0x03,0x1e,0xaa,0x3e,0x00,0x80,0x52,0x20,0x6c,0xfe,0xb6,  // 66b0
0x7d,0xfc,0xff,0x17,0xeb,0x03,0x1f,0xaa,0x0f,0x02,0x0b,0x8b,0xf2,0x01,0x00,0x39,  // 66c0
0x32,0x03,0x0b,0x8b,0x4e,0x06,0x40,0x39,0xdf,0x89,0x00,0x71,0x80,0x04,0x00,0x54,  // 66d0
0xee,0x05,0x00,0x39,0x4e,0x0a,0x40,0x39,0xdf,0x89,0x00,0x71,0xa0,0x04,0x00,0x54,  // 66e0
0xee,0x09,0x00,0x39,0x32,0x03,0x0b,0x8b,0x4e,0x0e,0x40,0x39,0xdf,0x89,0x00,0x71,  // 66f0
0xc0,0x04,0x00,0x54,0xee,0x0d,0x00,0x39,0x4e,0x12,0x40,0x39,0xdf,0x89,0x00,0x71,  // 6700
0xe0,0x04,0x00,0x54,0xee,0x11,0x00,0x39,0x32,0x03,0x0b,0x8b,0x4e,0x16,0x40,0x39,  // 6710
0xdf,0x89,0x00,0x71,0x00,0x05,0x00,0x54,0xee,0x15,0x00,0x39,0x4e,0x1a,0x40,0x39,  // 6720
0xdf,0x89,0x00,0x71,0x20,0x05,0x00,0x54,0xee,0x19,0x00,0x39,0x32,0x03,0x0b,0x8b,  // 6730
0x4e,0x1e,0x40,0x39,0xdf,0x89,0x00,0x71,0x40,0x05,0x00,0x54,0xee,0x1d,0x00,0x39,  // 6740
0x6b,0x21,0x00,0x91,0x52,0x22,0x40,0x39,0x5f,0x8a,0x00,0x71,0x61,0xfb,0xff,0x54,  // 6750
0x39,0x03,0x0b,0x8b,0x10,0x02,0x0b,0x8b,0xce,0xff,0xff,0x17,0x0e,0x02,0x00,0xcb,  // 6760
0x52,0x0a,0x00,0x91,0xcb,0x01,0x0b,0x8b,0x60,0x05,0x00,0x91,0xcb,0xff,0xff,0x17,  // 6770
0x0f,0x02,0x00,0xcb,0x2e,0x03,0x0b,0x8b,0xeb,0x01,0x0b,0x8b,0xd2,0x0d,0x00,0x91,  // 6780
0x60,0x09,0x00,0x91,0xc5,0xff,0xff,0x17,0x0e,0x02,0x00,0xcb,0x52,0x12,0x00,0x91,  // 6790
0xcb,0x01,0x0b,0x8b,0x60,0x0d,0x00,0x91,0xc0,0xff,0xff,0x17,0x0f,0x02,0x00,0xcb,  // 67a0
0x2e,0x03,0x0b,0x8b,0xeb,0x01,0x0b,0x8b,0xd2,0x15,0x00,0x91,0x60,0x11,0x00,0x91,  // 67b0
0xba,0xff,0xff,0x17,0x0e,0x02,0x00,0xcb,0x52,0x1a,0x00,0x91,0xcb,0x01,0x0b,0x8b,  // 67c0
0x60,0x15,0x00,0x91,0xb5,0xff,0xff,0x17,0x0f,0x02,0x00,0xcb,0x2e,0x03,0x0b,0x8b,  // 67d0
0xeb,0x01,0x0b,0x8b,0xd2,0x1d,0x00,0x91,0x60,0x19,0x00,0x91,0xaf,0xff,0xff,0x17,  // 67e0
0x0e,0x02,0x00,0xcb,0x52,0x22,0x00,0x91,0xcb,0x01,0x0b,0x8b,0x60,0x1d,0x00,0x91,  // 67f0
0xaa,0xff,0xff,0x17,0xfb,0x17,0x40,0xf9,0xea,0x0f,0x40,0xf9,0x6b,0x01,0x80,0x92,  // 6800
0x5d,0xff,0xff,0x17,0xf9,0x03,0x12,0xaa,0x20,0x03,0x40,0x39,0x1f,0x88,0x00,0x71,  // 6810
0x01,0x01,0x00,0x54,0x32,0x07,0x00,0x91,0x0b,0x02,0x0b,0xcb,0xea,0x0f,0x40,0xf9,  // 6820
0xfa,0x03,0x01,0xaa,0xfb,0x03,0x1e,0xaa,0x3e,0x00,0x80,0x52,0xff,0xf7,0xff,0x17,  // 6830
0xf2,0x03,0x1f,0xaa,0x0f,0x02,0x12,0x8b,0xe0,0x01,0x00,0x39,0x20,0x03,0x12,0x8b,  // 6840
0x0e,0x04,0x40,0x39,0xdf,0x89,0x00,0x71,0x80,0x04,0x00,0x54,0xee,0x05,0x00,0x39,  // 6850
0x0e,0x08,0x40,0x39,0xdf,0x89,0x00,0x71,0xa0,0x04,0x00,0x54,0xee,0x09,0x00,0x39,  // 6860
0x20,0x03,0x12,0x8b,0x0e,0x0c,0x40,0x39,0xdf,0x89,0x00,0x71,0xc0,0x04,0x00,0x54,  // 6870
0xee,0x0d,0x00,0x39,0x0e,0x10,0x40,0x39,0xdf,0x89,0x00,0x71,0xe0,0x04,0x00,0x54,  // 6880
0xee,0x11,0x00,0x39,0x20,0x03,0x12,0x8b,0x0e,0x14,0x40,0x39,0xdf,0x89,0x00,0x71,  // 6890
0x00,0x05,0x00,0x54,0xee,0x15,0x00,0x39,0x0e,0x18,0x40,0x39,0xdf,0x89,0x00,0x71,  // 68a0
0x20,0x05,0x00,0x54,0xee,0x19,0x00,0x39,0x20,0x03,0x12,0x8b,0x0e,0x1c,0x40,0x39,  // 68b0
0xdf,0x89,0x00,0x71,0x40,0x05,0x00,0x54,0xee,0x1d,0x00,0x39,0x52,0x22,0x00,0x91,  // 68c0
0x00,0x20,0x40,0x39,0x1f,0x88,0x00,0x71,0x61,0xfb,0xff,0x54,0x39,0x03,0x12,0x8b,  // 68d0
0x10,0x02,0x12,0x8b,0xd0,0xff,0xff,0x17,0x0b,0x02,0x0b,0xcb,0x6b,0x01,0x12,0x8b,  // 68e0
0x12,0x08,0x00,0x91,0x6b,0x05,0x00,0x91,0xcd,0xff,0xff,0x17,0x0b,0x02,0x0b,0xcb,  // 68f0
0x2e,0x03,0x12,0x8b,0x6b,0x01,0x12,0x8b,0xd2,0x0d,0x00,0x91,0x6b,0x09,0x00,0x91,  // 6900
0xc7,0xff,0xff,0x17,0x0b,0x02,0x0b,0xcb,0x6b,0x01,0x12,0x8b,0x12,0x10,0x00,0x91,  // 6910
0x6b,0x0d,0x00,0x91,0xc2,0xff,0xff,0x17,0x0b,0x02,0x0b,0xcb,0x2e,0x03,0x12,0x8b,  // 6920
0x6b,0x01,0x12,0x8b,0xd2,0x15,0x00,0x91,0x6b,0x11,0x00,0x91,0xbc,0xff,0xff,0x17,  // 6930
0x0b,0x02,0x0b,0xcb,0x6b,0x01,0x12,0x8b,0x12,0x18,0x00,0x91,0x6b,0x15,0x00,0x91,  // 6940
0xb7,0xff,0xff,0x17,0x0b,0x02,0x0b,0xcb,0x2e,0x03,0x12,0x8b,0x6b,0x01,0x12,0x8b,  // 6950
0xd2,0x1d,0x00,0x91,0x6b,0x19,0x00,0x91,0xb1,0xff,0xff,0x17,0x0b,0x02,0x0b,0xcb,  // 6960
0x6b,0x01,0x12,0x8b,0x12,0x20,0x00,0x91,0x6b,0x1d,0x00,0x91,0xac,0xff,0xff,0x17,  // 6970
0x6e,0xf1,0x5f,0x38,0x8f,0x08,0x04,0x8b,0x27,0x00,0x80,0x52,0xce,0xc1,0x00,0x51,  // 6980
0xef,0xf9,0x7f,0xd3,0xce,0x7d,0x40,0x93,0xd0,0xfd,0x7f,0x93,0xef,0x01,0x0e,0xab,  // 6990
0x10,0x36,0x90,0x9a,0x0e,0x02,0x40,0x93,0xd0,0x01,0x10,0xca,0xb0,0xcb,0xfe,0xb5,  // 69a0
0x8e,0xcb,0xfe,0xb7,0x82,0x00,0x00,0x34,0xe0,0x03,0x1f,0x2a,0xe0,0x01,0x63,0x9e,  // 69b0
0xf6,0xf5,0xff,0x17,0xe3,0x03,0x1f,0x2a,0xfb,0x03,0x0f,0xaa,0x16,0xfd,0xff,0x17,  // 69c0
0x2a,0x03,0xc0,0xda,0xb5,0xf8,0xff,0x17,0x2b,0x03,0xc0,0xda,0xea,0x0f,0x40,0xf9,  // 69d0
0xfa,0x03,0x01,0xaa,0xfb,0x03,0x1e,0xaa,0x3e,0x00,0x80,0x52,0x6b,0x11,0xc0,0xda,  // 69e0
0x52,0x02,0x0b,0x8b,0x0b,0x00,0x80,0x92,0xe5,0xfe,0xff,0x17,0x7f,0x05,0x40,0xf1,  // 69f0
0x0b,0xe5,0x00,0xb9,0x68,0x44,0xfe,0x54,0x62,0x00,0x00,0x14,0xab,0x01,0x40,0xf9,  // 6a00
0xee,0x1d,0x00,0x12,0xdf,0xb1,0x00,0x71,0x6b,0x01,0x04,0x91,0xab,0x01,0x00,0xf9,  // 6a10
0xe1,0x07,0x00,0x54,0x0b,0x14,0x40,0x38,0x2e,0x00,0x80,0x52,0x0f,0xc0,0x84,0xd2,  // 6a20
0xce,0x21,0xcb,0x9a,0x2f,0x00,0xc0,0xf2,0x7f,0x81,0x00,0x71,0xce,0x01,0x0f,0x8a,  // 6a30
0xc4,0x99,0x40,0xfa,0xc0,0x42,0xfe,0x54,0x0b,0x14,0x40,0x38,0x7f,0x81,0x00,0x71,  // 6a40
0x48,0x06,0x00,0x54,0x2e,0x00,0x80,0x52,0xce,0x21,0xcb,0x9a,0xdf,0x01,0x0f,0xea,  // 6a50
0xc0,0x05,0x00,0x54,0x0b,0x49,0x40,0xf9,0x0f,0x00,0x0b,0xcb,0xff,0xfd,0x00,0xf1,  // 6a60
0xe8,0x00,0x00,0x54,0x0e,0x00,0x80,0x92,0x10,0x4d,0x40,0xf9,0xce,0x21,0xcf,0x9a,  // 6a70
0x0f,0x02,0x0e,0xea,0x01,0x04,0x00,0x54,0x60,0x01,0x01,0x91,0xe0,0xe3,0x18,0x25,  // 6a80
0x1f,0x20,0x03,0xd5,0x0b,0xb6,0x03,0x10,0x01,0xc0,0x38,0x25,0x60,0xa1,0x00,0xa4,  // 6a90
0x0b,0x04,0x80,0x52,0x02,0xa0,0x00,0xa4,0x03,0x40,0x0b,0xa4,0x2e,0x21,0x00,0xd1,  // 6aa0
0xaf,0x57,0x69,0x04,0x00,0x00,0x01,0x91,0x44,0xc0,0x21,0x05,0x65,0xc0,0x21,0x05,  // 6ab0
0x84,0x06,0x80,0x05,0x85,0x06,0x80,0x05,0x04,0x30,0x24,0x05,0x05,0x30,0x25,0x05,  // 6ac0
0x41,0xa0,0x04,0x24,0x62,0xa0,0x05,0x24,0xc1,0x19,0xbf,0xe5,0xc2,0x15,0xbf,0xe5,  // 6ad0
0xce,0x57,0x69,0x04,0xce,0x81,0x5f,0xb8,0xef,0x81,0x5f,0xb8,0xce,0x81,0x0f,0xaa,  // 6ae0
0xdf,0x05,0x00,0xb1,0x80,0xfd,0xff,0x54,0xef,0x03,0x2e,0xaa,0x0b,0x00,0x01,0xd1,  // 6af0
0x0b,0x3d,0x09,0xa9,0xee,0x01,0xc0,0xda,0xce,0x11,0xc0,0xda,0x60,0x01,0x0e,0x8b,  // 6b00
0x0b,0x14,0x40,0x38,0xe2,0xf1,0xff,0x17,0xe1,0xf1,0xff,0x17,0xdf,0xf5,0x01,0x71,  // 6b10
0x21,0x03,0x00,0x54,0xe2,0x03,0x08,0xaa,0x6b,0x7d,0x48,0xd3,0x4d,0x8c,0x4b,0xf8,  // 6b20
0x4e,0x14,0x40,0xb9,0x51,0xc0,0x7e,0xa9,0x4f,0x28,0x40,0xb9,0xce,0x05,0x00,0x11,  // 6b30
0x4e,0x14,0x00,0xb9,0xee,0x01,0x0b,0x0b,0xad,0x11,0x10,0x8b,0x4e,0x28,0x00,0xb9,  // 6b40
0xae,0x05,0x40,0xf9,0x2f,0x02,0x0d,0xcb,0x4e,0x00,0x1f,0xf8,0xee,0xfd,0x44,0xd3,  // 6b50
0xaf,0x01,0x40,0xf9,0xab,0x39,0x01,0x29,0xeb,0x9d,0x60,0x92,0xab,0x01,0x00,0xf9,  // 6b60
0x4b,0x80,0x5f,0xf8,0x4d,0x2c,0x40,0xb9,0x7f,0x01,0x0d,0xeb,0x08,0xf4,0xff,0x54,  // 6b70
0x04,0x00,0x00,0x14,0x23,0x01,0x80,0x52,0xeb,0x03,0x00,0xaa,0xae,0xea,0xff,0x17,  // 6b80
0x11,0x55,0x40,0xf9,0xed,0x03,0x1f,0xaa,0x6b,0x05,0x00,0xd1,0x0b,0x59,0x00,0xf9,  // 6b90
0x3f,0x06,0x00,0xb1,0x60,0x00,0x00,0x54,0x4b,0x00,0x40,0xf9,0x6d,0x11,0x11,0x8b,  // 6ba0
0xad,0x08,0x00,0xb4,0xeb,0x03,0x00,0xaa,0x72,0x15,0x40,0x38,0x5f,0x82,0x00,0x71,  // 6bb0
0x68,0x07,0x00,0x54,0x2e,0x00,0x80,0x52,0x0f,0xc0,0x84,0xd2,0xce,0x21,0xd2,0x9a,  // 6bc0
0x2f,0x00,0xc0,0xf2,0xdf,0x01,0x0f,0xea,0xa0,0x06,0x00,0x54,0x12,0x04,0x40,0x39,  // 6bd0
0x2b,0x00,0x80,0x52,0x6b,0x21,0xd2,0x9a,0x5f,0x82,0x00,0x71,0x6b,0x01,0x0f,0x8a,  // 6be0
0x64,0x99,0x40,0xfa,0x0b,0x08,0x00,0x91,0xa0,0x05,0x00,0x54,0x0f,0x49,0x40,0xf9,  // 6bf0
0x70,0x01,0x0f,0xcb,0x1f,0xfe,0x00,0xf1,0xe8,0x00,0x00,0x54,0x0b,0x00,0x80,0x92,  // 6c00
0x0e,0x4d,0x40,0xf9,0x6b,0x21,0xd0,0x9a,0xd0,0x01,0x0b,0xea,0x01,0x04,0x00,0x54,  // 6c10
0xeb,0x01,0x01,0x91,0xe0,0xe3,0x18,0x25,0x1f,0x20,0x03,0xd5,0x4e,0xa9,0x03,0x10,  // 6c20
0x01,0xc0,0x38,0x25,0x0f,0x04,0x80,0x52,0xc0,0xa1,0x00,0xa4,0x62,0xa1,0x00,0xa4,  // 6c30
0x63,0x41,0x0f,0xa4,0x2e,0x21,0x00,0xd1,0xb0,0x57,0x69,0x04,0x6b,0x01,0x01,0x91,  // 6c40
0x44,0xc0,0x21,0x05,0x65,0xc0,0x21,0x05,0x84,0x06,0x80,0x05,0x85,0x06,0x80,0x05,  // 6c50
0x04,0x30,0x24,0x05,0x05,0x30,0x25,0x05,0x41,0xa0,0x04,0x24,0x62,0xa0,0x05,0x24,  // 6c60
0xc1,0x19,0xbf,0xe5,0xc2,0x15,0xbf,0xe5,0xce,0x57,0x69,0x04,0xce,0x81,0x5f,0xb8,  // 6c70
0x10,0x82,0x5f,0xb8,0xce,0x81,0x10,0xaa,0xdf,0x05,0x00,0xb1,0x80,0xfd,0xff,0x54,  // 6c80
0xf0,0x03,0x2e,0xaa,0x6f,0x01,0x01,0xd1,0x0f,0x41,0x09,0xa9,0x0b,0x02,0xc0,0xda,  // 6c90
0x6b,0x11,0xc0,0xda,0xeb,0x01,0x0b,0x8b,0x72,0x15,0x40,0x38,0xae,0x01,0x40,0x39,  // 6ca0
0xe0,0x03,0x0b,0xaa,0xef,0x03,0x12,0x2a,0xdf,0x19,0x00,0xf1,0x80,0xea,0xff,0x54,  // 6cb0
0xc6,0x08,0x00,0x14,0xe3,0x03,0x1f,0x2a,0xeb,0x03,0x00,0xaa,0x5e,0xea,0xff,0x17,  // 6cc0
0xee,0x03,0x2c,0xaa,0xeb,0x03,0x00,0xaa,0x9f,0x6a,0x01,0x71,0xd2,0x01,0x00,0x8b,  // 6cd0
0xc3,0x00,0x80,0x52,0xcd,0x0a,0x00,0x54,0x9f,0x96,0x01,0x71,0x60,0x05,0x00,0x91,  // 6ce0
0x4c,0x11,0x00,0x54,0x9f,0x6e,0x01,0x71,0x61,0x4a,0xfd,0x54,0x2d,0x80,0x12,0xaa,  // 6cf0
0x0e,0x51,0x40,0xf9,0xcd,0x01,0x00,0xf9,0x0d,0x55,0x40,0xf9,0xcd,0x05,0x00,0xf9,  // 6d00
0x0d,0x0d,0x4b,0xa9,0x12,0x51,0x40,0xf9,0x0f,0x61,0x40,0xf9,0x4e,0x02,0x03,0xcb,  // 6d10
0xd3,0xfd,0x44,0x93,0xdf,0x41,0x00,0xb1,0x4e,0x82,0x00,0x91,0xc2,0x11,0x4f,0xfa,  // 6d20
0x4e,0x42,0x00,0x91,0x0e,0x4d,0x0a,0xa9,0xae,0x05,0x00,0x91,0x4d,0x92,0x9f,0x9a,  // 6d30
0x0e,0x59,0x00,0xf9,0x4d,0x40,0x00,0xb4,0x74,0x01,0x40,0x39,0x9f,0x82,0x00,0x71,  // 6d40
0x28,0x06,0x00,0x54,0x8e,0x20,0xd4,0x9a,0xdf,0x01,0x05,0xea,0xc0,0x05,0x00,0x54,  // 6d50
0x74,0x05,0x40,0x39,0x00,0x04,0x00,0x91,0x9f,0x82,0x00,0x71,0xa8,0x05,0x00,0x54,  // 6d60
0x8b,0x20,0xd4,0x9a,0x7f,0x01,0x05,0xea,0x40,0x05,0x00,0x54,0x0b,0x49,0x40,0xf9,  // 6d70
0x0e,0x00,0x0b,0xcb,0xdf,0xfd,0x00,0xf1,0xc8,0x00,0x00,0x54,0x0f,0x4d,0x40,0xf9,  // 6d80
0xce,0x20,0xce,0x9a,0xef,0x01,0x0e,0xea,0x61,0x03,0x00,0x54,0x60,0x01,0x01,0x91,  // 6d90
0xa1,0xa2,0x00,0xa4,0x02,0xa0,0x00,0xa4,0x03,0x40,0x07,0xa4,0x2b,0x21,0x00,0xd1,  // 6da0
0xae,0x57,0x69,0x04,0x00,0x00,0x01,0x91,0x44,0xc0,0x20,0x05,0x65,0xc0,0x20,0x05,  // 6db0
0x84,0x06,0x80,0x05,0x85,0x06,0x80,0x05,0x24,0x30,0x24,0x05,0x25,0x30,0x25,0x05,  // 6dc0
0x41,0xa0,0x04,0x24,0x62,0xa0,0x05,0x24,0x61,0x19,0xbf,0xe5,0x62,0x15,0xbf,0xe5,  // 6dd0
0xcb,0x57,0x69,0x04,0x6b,0x81,0x5f,0xb8,0xce,0x81,0x5f,0xb8,0x6b,0x81,0x0e,0xaa,  // 6de0
0x7f,0x05,0x00,0xb1,0x80,0xfd,0xff,0x54,0xef,0x03,0x2b,0xaa,0x0b,0x00,0x01,0xd1,  // 6df0
0x0b,0x3d,0x09,0xa9,0xee,0x01,0xc0,0xda,0xce,0x11,0xc0,0xda,0x60,0x01,0x0e,0x8b,  // 6e00
0x14,0x14,0x40,0x38,0x9f,0x76,0x01,0x71,0xc1,0xf5,0xff,0x54,0x03,0x00,0x00,0x14,  // 6e10
0x9f,0x76,0x01,0x71,0x61,0xf5,0xff,0x54,0x0b,0xd1,0x40,0xb9,0x6d,0x10,0x13,0x8b,  // 6e20
0x6b,0x05,0x00,0x11,0x0b,0xd1,0x00,0xb9,0x9c,0x02,0x00,0x14,0x8e,0xc2,0x00,0x51,  // 6e30
0xdf,0x29,0x00,0x71,0x42,0x0d,0x00,0x54,0xe2,0x03,0x1f,0x2a,0x0f,0xc1,0x41,0x39,  // 6e40
0xee,0x03,0x00,0x52,0x66,0x01,0x0e,0xcb,0xcf,0x0d,0x08,0x37,0xd7,0x00,0x40,0x39,  // 6e50
0xeb,0xc2,0x00,0x71,0x61,0x08,0x00,0x54,0xeb,0x03,0x06,0xaa,0x6f,0x1d,0x40,0x38,  // 6e60
0xff,0xb9,0x00,0x71,0x20,0x40,0x00,0x54,0xe4,0x03,0x1f,0xaa,0xff,0x15,0x01,0x71,  // 6e70
0xe5,0x03,0x1f,0x2a,0x60,0x00,0x00,0x54,0xff,0x95,0x01,0x71,0x01,0x47,0x00,0x54,  // 6e80
0xe7,0x03,0x05,0x2a,0x6e,0x09,0x00,0x91,0x6f,0x1d,0x40,0x38,0x30,0x00,0x80,0x52,  // 6e90
0x11,0x00,0x80,0x12,0x63,0x00,0x80,0x52,0xff,0xb5,0x00,0x71,0x6b,0x11,0x8e,0x9a,  // 6ea0
0x10,0x12,0x91,0x1a,0xff,0xad,0x00,0x71,0xcb,0x01,0x8b,0x9a,0x2e,0x00,0x80,0x52,  // 6eb0
0x73,0x01,0x40,0x39,0xcf,0x01,0x90,0x1a,0x71,0xc2,0x00,0x51,0x3f,0x26,0x00,0x71,  // 6ec0
0xa8,0xfb,0x00,0x54,0xe1,0x03,0x1f,0x2a,0xf0,0x03,0x1f,0xaa,0x43,0x01,0x80,0x52,  // 6ed0
0x6e,0x01,0x10,0x8b,0x31,0x4c,0x03,0x1b,0x10,0x06,0x00,0x91,0xd3,0x05,0x40,0x39,  // 6ee0
0x6e,0xc2,0x00,0x51,0x21,0xc2,0x00,0x51,0xdf,0x29,0x00,0x71,0x23,0xff,0xff,0x54,  // 6ef0
0x0e,0x06,0x00,0xd1,0x6b,0x01,0x10,0x8b,0xdf,0x25,0x00,0xf1,0xa2,0x47,0x01,0x54,  // 6f00
0x27,0x1c,0x0f,0x1b,0x87,0x02,0x00,0x14,0x9f,0xce,0x01,0x71,0x6c,0x27,0x00,0x54,  // 6f10
0x9f,0x9a,0x01,0x71,0xa0,0x32,0x00,0x54,0x9f,0xba,0x01,0x71,0xc1,0x38,0xfd,0x54,  // 6f20
0xe0,0x03,0x0b,0xaa,0xa1,0x01,0x80,0x52,0x0e,0x14,0x40,0x38,0xdf,0xd5,0x01,0x71,  // 6f30
0x21,0x01,0x00,0x54,0x6e,0x05,0x40,0x39,0x60,0x09,0x00,0x91,0xdf,0xb1,0x01,0x71,  // 6f40
0xa1,0x00,0x00,0x54,0x6e,0x09,0x40,0x39,0x60,0x0d,0x00,0x91,0xdf,0xb1,0x01,0x71,  // 6f50
0xe1,0x03,0x81,0x1a,0x02,0x51,0x40,0xf9,0x4b,0x7e,0x60,0xd3,0xa6,0x01,0x00,0x14,  // 6f60
0x7f,0x25,0x00,0x71,0x63,0x00,0x80,0x52,0xe8,0x2e,0x00,0x54,0xe4,0x03,0x1f,0xaa,  // 6f70
0xe1,0x03,0x1f,0xaa,0x4b,0x01,0x80,0x52,0xe3,0x03,0x17,0x2a,0x8e,0x7c,0x0b,0x9b,  // 6f80
0xcf,0x00,0x01,0x8b,0x21,0x04,0x00,0x91,0xce,0x41,0x23,0x8b,0xe3,0x05,0x40,0x39,  // 6f90
0x6f,0xc0,0x00,0x51,0xc4,0xc1,0x00,0xd1,0xff,0x29,0x00,0x71,0x03,0xff,0xff,0x54,  // 6fa0
0x2b,0x04,0x00,0xd1,0xe5,0x03,0x1f,0x2a,0xe7,0x03,0x1f,0x2a,0x7f,0x4d,0x00,0xf1,  // 6fb0
0xcb,0x00,0x01,0x8b,0x42,0x42,0x01,0x54,0x7f,0xb8,0x00,0x71,0x41,0x3b,0x00,0x54,  // 6fc0
0x73,0x1d,0x40,0x38,0x63,0x00,0x80,0x52,0xf4,0x03,0x0b,0xaa,0x6e,0xc2,0x00,0x51,  // 6fd0
0xdf,0x29,0x00,0x71,0xa3,0x37,0x00,0x54,0x97,0x07,0x00,0x14,0x9f,0x8a,0x00,0x71,  // 6fe0
0x20,0x31,0x00,0x54,0x9f,0xb6,0x00,0x71,0x61,0x32,0xfd,0x54,0x22,0x00,0x80,0x52,  // 6ff0
0x0f,0xc1,0x41,0x39,0x4e,0x00,0x00,0x52,0x66,0x01,0x0e,0xcb,0x8f,0xf2,0x0f,0x36,  // 7000
0xc5,0x01,0x40,0x93,0x4e,0x01,0x06,0xcb,0x13,0x00,0x80,0x92,0xc0,0x01,0x05,0xeb,  // 7010
0xa0,0x62,0x00,0x54,0xce,0x00,0x40,0x39,0xdf,0xc1,0x00,0x71,0x61,0x02,0x00,0x54,  // 7020
0xe1,0x03,0x1f,0x2a,0x1f,0x04,0x00,0xf1,0x33,0x00,0x80,0x52,0x2f,0x00,0x80,0x52,  // 7030
0x00,0x62,0x00,0x54,0xce,0x04,0x40,0x39,0xe1,0x03,0x1f,0x2a,0x33,0x00,0x80,0x52,  // 7040
0x2f,0x00,0x80,0x52,0xce,0xb9,0x00,0x51,0xdf,0xdd,0x00,0x71,0x28,0x61,0x00,0x54,  // 7050
0xee,0x21,0xce,0x9a,0xef,0x03,0x09,0xb2,0x2f,0x00,0x80,0xf2,0xdf,0x01,0x0f,0xea,  // 7060
0x2f,0x00,0x80,0x52,0x60,0x60,0x00,0x54,0x1f,0x80,0x00,0xf1,0x04,0x00,0x80,0x92,  // 7070
0x43,0x3b,0x01,0x54,0xe1,0xc5,0x38,0x25,0x22,0xc7,0x38,0x25,0xe7,0x03,0x1f,0xaa,  // 7080
0xc3,0xc5,0x38,0x25,0xa4,0xcc,0x38,0x25,0x13,0x00,0x80,0x12,0xa5,0xc8,0x38,0x25,  // 7090
0x66,0xc5,0x38,0x25,0x01,0x00,0x80,0x92,0xa7,0xc5,0x38,0x25,0x03,0x00,0x80,0x92,  // 70a0
0xd0,0x40,0x07,0xa4,0x2e,0x21,0x00,0xd1,0xcf,0x57,0x69,0x04,0x70,0x57,0x69,0x04,  // 70b0
0x51,0x57,0x69,0x04,0x34,0x57,0x69,0x04,0xf5,0x57,0x29,0x04,0x96,0x57,0x69,0x04,  // 70c0
0x11,0x82,0x01,0x24,0x12,0x82,0x02,0x24,0x03,0xa2,0x03,0x24,0xc1,0x19,0xbf,0xe5,  // 70d0
0x01,0xa2,0x04,0x24,0xc2,0x15,0xbf,0xe5,0x02,0xa2,0x05,0x24,0xef,0x81,0x5f,0xb8,  // 70e0
0xc3,0x11,0xbf,0xe5,0x03,0xa2,0x06,0x24,0xc1,0x0d,0xbf,0xe5,0x01,0xa2,0x07,0x24,  // 70f0
0xd6,0x82,0x5f,0xb8,0xc2,0x09,0xbf,0xe5,0x10,0x82,0x5f,0xb8,0xc3,0x05,0xbf,0xe5,  // 7100
0x31,0x82,0x5f,0xb8,0xc1,0x01,0xbf,0xe5,0xae,0x57,0x69,0x04,0x94,0x82,0x5f,0xb8,  // 7110
0xce,0x81,0x5f,0xb8,0xb5,0x82,0x5f,0xb8,0xee,0x01,0x2e,0x0a,0x2f,0x02,0x10,0x2a,  // 7120
0xb5,0x02,0x14,0x2a,0xee,0x01,0x0e,0x2a,0xb0,0x02,0x16,0x2a,0xce,0x01,0x10,0x2a,  // 7130
0xee,0x03,0x2e,0xaa,0xce,0x01,0xc0,0xda,0xd4,0x11,0xc0,0xda,0x9f,0x82,0x00,0x71,  // 7140
0xa0,0x00,0x00,0x54,0x6e,0x22,0xd4,0x1a,0xd6,0x02,0x2e,0x0a,0xef,0x01,0x2e,0x0a,  // 7150
0xb5,0x02,0x2e,0x0a,0xce,0x06,0x00,0x51,0xce,0x01,0x16,0x6a,0xc1,0x88,0x00,0x54,  // 7160
0xee,0x05,0x00,0x51,0xce,0x01,0x0f,0x6a,0x61,0x88,0x00,0x54,0xae,0x06,0x00,0x51,  // 7170
0xce,0x01,0x15,0x6a,0x01,0x88,0x00,0x54,0xd6,0x00,0x00,0x34,0x7f,0x04,0x00,0xb1,  // 7180
0xc1,0x87,0x00,0x54,0xce,0x02,0xc0,0x5a,0xce,0x11,0xc0,0x5a,0xe3,0x00,0x0e,0x8b,  // 7190
0xcf,0x00,0x00,0x34,0x3f,0x04,0x00,0xb1,0x41,0xc7,0x00,0x54,0xee,0x01,0xc0,0x5a,  // 71a0
0xce,0x11,0xc0,0x5a,0xe1,0x00,0x0e,0x8b,0xd5,0x00,0x00,0x34,0x9f,0x04,0x00,0xb1,  // 71b0
0xc1,0xc6,0x00,0x54,0xae,0x02,0xc0,0x5a,0xce,0x11,0xc0,0x5a,0xe4,0x00,0x0e,0x8b,  // 71c0
0x9f,0x82,0x00,0x71,0x41,0x1c,0x00,0x54,0x00,0x80,0x00,0xd1,0xe7,0x80,0x00,0x91,  // 71d0
0x1f,0x7c,0x00,0xf1,0x68,0xf6,0xff,0x54,0xc7,0x00,0x07,0x8b,0x1f,0x40,0x00,0xf1,  // 71e0
0x83,0x0b,0x00,0x54,0xc1,0xe5,0x01,0x4f,0x62,0xe5,0x01,0x4f,0x0e,0x00,0x00,0xd0,  // 71f0
0xa3,0xe5,0x01,0x4f,0x04,0xe6,0x06,0x4f,0x0f,0x00,0x00,0xd0,0x45,0xe5,0x00,0x4f,  // 7200
0xe6,0xe7,0x06,0x4f,0xd0,0xb9,0xc2,0x3d,0xa7,0xe4,0x02,0x4f,0xf1,0xbd,0xc2,0x3d,  // 7210
0xf3,0x03,0x1f,0xaa,0xf4,0x00,0x06,0xcb,0x15,0x00,0x80,0x12,0xf2,0x68,0xf3,0x3c,  // 7220
0x53,0x86,0x24,0x4e,0x54,0x8e,0x22,0x6e,0x55,0x8e,0x23,0x6e,0x56,0x1e,0x26,0x4e,  // 7230
0x52,0x8e,0x21,0x6e,0x94,0x1e,0xb5,0x4e,0xb3,0x34,0x33,0x6e,0xd6,0x8e,0x27,0x6e,  // 7240
0x73,0x1e,0xb2,0x4e,0xd5,0x1e,0xb4,0x4e,0x52,0x1e,0x30,0x4e,0x94,0x1e,0x30,0x4e,  // 7250
0x73,0x1e,0xb5,0x4e,0xd5,0x1e,0x30,0x4e,0x52,0x02,0x11,0x4e,0x94,0x02,0x11,0x4e,  // 7260
0x73,0x1e,0x30,0x4e,0x52,0xba,0x71,0x4e,0x94,0xba,0x71,0x4e,0x73,0x02,0x11,0x4e,  // 7270
0x4f,0x02,0x26,0x1e,0x98,0x02,0x26,0x1e,0x73,0xba,0x71,0x4e,0x6e,0x02,0x26,0x1e,  // 7280
0xb3,0x02,0x11,0x4e,0xee,0x03,0x2e,0x2a,0xce,0x3d,0x10,0x32,0x73,0xba,0x71,0x4e,  // 7290
0xce,0x01,0xc0,0x5a,0xd6,0x11,0xc0,0x5a,0xae,0x22,0xd6,0x1a,0x71,0x02,0x26,0x1e,  // 72a0
0xdf,0x42,0x00,0x71,0xf0,0x01,0x2e,0x0a,0xf7,0x01,0x90,0x1a,0x2f,0x02,0x2e,0x0a,  // 72b0
0x0e,0x03,0x2e,0x0a,0xf9,0x06,0x00,0x51,0x30,0x02,0x8f,0x1a,0x0f,0x03,0x8e,0x1a,  // 72c0
0x2e,0x03,0x17,0x6a,0x21,0xb1,0x00,0x54,0x0e,0x06,0x00,0x51,0xce,0x01,0x10,0x6a,  // 72d0
0xc1,0xb0,0x00,0x54,0xee,0x05,0x00,0x51,0xce,0x01,0x0f,0x6a,0x61,0xb0,0x00,0x54,  // 72e0
0xf7,0x00,0x00,0x34,0xee,0x02,0xc0,0x5a,0x7f,0x04,0x00,0xb1,0xc3,0x11,0xc0,0x5a,  // 72f0
0x61,0xf6,0x00,0x54,0x8e,0x02,0x13,0x8b,0xc3,0x01,0x03,0x8b,0xf0,0x00,0x00,0x34,  // 7300
0x0e,0x02,0xc0,0x5a,0x3f,0x04,0x00,0xb1,0xd0,0x11,0xc0,0x5a,0x21,0xf6,0x00,0x54,  // 7310
0x8e,0x02,0x13,0x8b,0xc1,0x01,0x10,0x8b,0xef,0x00,0x00,0x34,0xee,0x01,0xc0,0x5a,  // 7320
0x9f,0x04,0x00,0xb1,0xcf,0x11,0xc0,0x5a,0xe1,0xf5,0x00,0x54,0x8e,0x02,0x13,0x8b,  // 7330
0xc4,0x01,0x0f,0x8b,0xdf,0x42,0x00,0x71,0xa1,0x21,0x00,0x54,0x00,0x40,0x00,0xd1,  // 7340
0x73,0x42,0x00,0x91,0x1f,0x3c,0x00,0xf1,0xa8,0xf6,0xff,0x54,0xe7,0x00,0x13,0x8b,  // 7350
0x1f,0x20,0x03,0xd5,0x95,0x6f,0x03,0x10,0x20,0x21,0x00,0xb4,0xee,0x03,0x27,0xaa,  // 7360
0xab,0x00,0x0b,0x8b,0xf4,0x00,0x00,0x8b,0xd3,0x01,0x0b,0x8b,0xeb,0x00,0x06,0xcb,  // 7370
0xe5,0x03,0x07,0xaa,0x09,0x00,0x00,0x14,0x3f,0x04,0x00,0xb1,0xe1,0x03,0x0b,0xaa,  // 7380
0x41,0x22,0x00,0x54,0x00,0x04,0x00,0xd1,0x73,0x06,0x00,0xd1,0x6b,0x05,0x00,0x91,  // 7390
0xe7,0x03,0x05,0xaa,0x40,0x58,0x00,0xb4,0xaf,0x14,0x40,0x38,0xee,0xc1,0x00,0x51,  // 73a0
0xdf,0x29,0x00,0x71,0x03,0xff,0xff,0x54,0xff,0xb5,0x00,0x71,0x6d,0x01,0x00,0x54,  // 73b0
0xff,0x95,0x01,0x71,0x20,0xfe,0xff,0x54,0xff,0x15,0x01,0x71,0xe0,0xfd,0xff,0x54,  // 73c0
0xff,0xb9,0x00,0x71,0xc1,0x1d,0x00,0x54,0x7f,0x04,0x00,0xb1,0xe3,0x03,0x0b,0xaa,  // 73d0
0xa0,0xfd,0xff,0x54,0xfd,0x00,0x00,0x14,0xff,0xad,0x00,0x71,0x60,0x00,0x00,0x54,  // 73e0
0xff,0xb5,0x00,0x71,0xc1,0x1c,0x00,0x54,0x9f,0x04,0x00,0xb1,0xe4,0x03,0x0b,0xaa,  // 73f0
0xa0,0xfc,0xff,0x54,0xf5,0x00,0x00,0x14,0x9f,0xd2,0x01,0x71,0xc0,0x0d,0x00,0x54,  // 7400
0x9f,0xee,0x01,0x71,0x81,0x11,0xfd,0x54,0xcd,0x00,0x80,0x52,0x0e,0x51,0x40,0xf9,  // 7410
0xad,0x81,0x12,0xaa,0xcd,0x01,0x00,0xf9,0x0d,0x55,0x40,0xf9,0xcd,0x05,0x00,0xf9,  // 7420
0x0d,0x05,0x4b,0xa9,0x12,0x51,0x40,0xf9,0x0f,0x61,0x40,0xf9,0x4e,0x02,0x01,0xcb,  // 7430
0xc3,0xfd,0x44,0x93,0xdf,0x41,0x00,0xb1,0x4e,0x82,0x00,0x91,0xc2,0x11,0x4f,0xfa,  // 7440
0x4e,0x42,0x00,0x91,0x0e,0x0d,0x0a,0xa9,0xae,0x05,0x00,0x91,0x4d,0x92,0x9f,0x9a,  // 7450
0x0e,0x59,0x00,0xf9,0x4d,0x07,0x00,0xb4,0x6b,0x01,0x40,0x39,0x7f,0x81,0x00,0x71,  // 7460
0x08,0x21,0x00,0x54,0x2e,0x00,0x80,0x52,0x0f,0xc0,0x84,0xd2,0xce,0x21,0xcb,0x9a,  // 7470
0x2f,0x00,0xc0,0xf2,0xdf,0x01,0x0f,0xea,0x40,0x20,0x00,0x54,0x0b,0x14,0x40,0x38,  // 7480
0x7f,0x81,0x00,0x71,0xe8,0x1f,0x00,0x54,0x2e,0x00,0x80,0x52,0xce,0x21,0xcb,0x9a,  // 7490
0xdf,0x01,0x0f,0xea,0x60,0x1f,0x00,0x54,0x0b,0x49,0x40,0xf9,0x0f,0x00,0x0b,0xcb,  // 74a0
0xff,0xfd,0x00,0xf1,0xe8,0x00,0x00,0x54,0x0e,0x00,0x80,0x92,0x10,0x4d,0x40,0xf9,  // 74b0
0xce,0x21,0xcf,0x9a,0x0f,0x02,0x0e,0xea,0x81,0x03,0x00,0x54,0x60,0x01,0x01,0x91,  // 74c0
0xa1,0xa2,0x00,0xa4,0x0b,0x04,0x80,0x52,0x02,0xa0,0x00,0xa4,0x03,0x40,0x0b,0xa4,  // 74d0
0x2e,0x21,0x00,0xd1,0xaf,0x57,0x69,0x04,0x00,0x00,0x01,0x91,0x44,0xc0,0x20,0x05,  // 74e0
0x65,0xc0,0x20,0x05,0x84,0x06,0x80,0x05,0x85,0x06,0x80,0x05,0x24,0x30,0x24,0x05,  // 74f0
0x25,0x30,0x25,0x05,0x41,0xa0,0x04,0x24,0x62,0xa0,0x05,0x24,0xc1,0x19,0xbf,0xe5,  // 7500
0xc2,0x15,0xbf,0xe5,0xce,0x57,0x69,0x04,0xce,0x81,0x5f,0xb8,0xef,0x81,0x5f,0xb8,  // 7510
0xce,0x81,0x0f,0xaa,0xdf,0x05,0x00,0xb1,0x80,0xfd,0xff,0x54,0xef,0x03,0x2e,0xaa,  // 7520
0x0b,0x00,0x01,0xd1,0x0b,0x3d,0x09,0xa9,0xee,0x01,0xc0,0xda,0xce,0x11,0xc0,0xda,  // 7530
0x60,0x01,0x0e,0x8b,0x0b,0x14,0x40,0x38,0xd2,0x00,0x00,0x14,0x63,0x01,0x80,0x52,  // 7540
0x3d,0xe8,0xff,0x17,0xeb,0x03,0x06,0xaa,0x3b,0x06,0x00,0x14,0x8b,0x02,0x07,0x8b,  // 7550
0x1f,0x20,0x03,0xd5,0x95,0x5f,0x03,0x10,0xc7,0x00,0x0b,0x8b,0x13,0x00,0x80,0x92,  // 7560
0x23,0x11,0x00,0xb5,0xc0,0x01,0x00,0x14,0xe0,0x03,0x0b,0xaa,0xa1,0x01,0x80,0x52,  // 7570
0x0e,0x14,0x40,0x38,0xdf,0x85,0x01,0x71,0xa1,0x01,0x00,0x54,0x6e,0x05,0x40,0x39,  // 7580
0x60,0x09,0x00,0x91,0xdf,0xb1,0x01,0x71,0x21,0x01,0x00,0x54,0x6e,0x09,0x40,0x39,  // 7590
0x60,0x0d,0x00,0x91,0xdf,0xcd,0x01,0x71,0xa1,0x00,0x00,0x54,0x6e,0x0d,0x40,0x39,  // 75a0
0x60,0x11,0x00,0x91,0xdf,0x95,0x01,0x71,0xe1,0x03,0x81,0x1a,0x4b,0x00,0x80,0x52,  // 75b0
0x0f,0x00,0x00,0x14,0xe0,0x03,0x0b,0xaa,0xa1,0x01,0x80,0x52,0x0e,0x14,0x40,0x38,  // 75c0
0xdf,0xc9,0x01,0x71,0x21,0x01,0x00,0x54,0x6e,0x05,0x40,0x39,0x60,0x09,0x00,0x91,  // 75d0
0xdf,0xd5,0x01,0x71,0xa1,0x00,0x00,0x54,0x6e,0x09,0x40,0x39,0x60,0x0d,0x00,0x91,  // 75e0
0xdf,0x95,0x01,0x71,0xe1,0x03,0x81,0x1a,0x4b,0x01,0x80,0x52,0x02,0x51,0x40,0xf9,  // 75f0
0x6b,0x81,0x12,0xaa,0xee,0x03,0x02,0xaa,0xcb,0x05,0x01,0xf8,0x0e,0x51,0x00,0xf9,  // 7600
0x30,0x06,0x00,0x14,0x01,0x39,0x40,0xf9,0x81,0x0e,0x28,0x37,0x63,0xa1,0x00,0xa4,  // 7610
0x81,0xcb,0x38,0x25,0x42,0xc4,0x38,0x25,0x2e,0x21,0x00,0xd1,0x61,0xa0,0x01,0x24,  // 7620
0x62,0xa0,0x02,0x24,0x03,0xd0,0x38,0x25,0xe4,0x1f,0x11,0x05,0xe5,0x1f,0x12,0x05,  // 7630
0x81,0x00,0x03,0x24,0xa2,0x00,0x03,0x24,0xc1,0x19,0xbf,0xe5,0xce,0x57,0x69,0x04,  // 7640
0xcf,0x81,0x5f,0xb8,0x2e,0x21,0x00,0xd1,0xc2,0x19,0xbf,0xe5,0xce,0x57,0x69,0x04,  // 7650
0xc2,0x81,0x5f,0xb8,0xee,0x05,0x00,0x51,0x5f,0x00,0x0e,0x6a,0x60,0x3a,0x00,0x54,  // 7660
0xe0,0x03,0x0b,0xaa,0xea,0x01,0x00,0x14,0xeb,0x03,0x06,0xaa,0x63,0x00,0x80,0x52,  // 7670
0x73,0x2d,0x40,0x38,0x6e,0xc2,0x00,0x51,0xdf,0x25,0x00,0x71,0xc8,0xbd,0x00,0x54,  // 7680
0xeb,0x03,0x1f,0xaa,0x7f,0xc2,0x00,0x71,0xc1,0x00,0x00,0x54,0xce,0x00,0x0b,0x8b,  // 7690
0x6b,0x05,0x00,0x91,0xd3,0x0d,0x40,0x39,0x7f,0xc2,0x00,0x71,0x80,0xff,0xff,0x54,  // 76a0
0x7f,0x16,0x01,0x71,0x40,0x11,0x00,0x54,0x7f,0x96,0x01,0x71,0x00,0x11,0x00,0x54,  // 76b0
0xce,0x00,0x0b,0x8b,0xe1,0x03,0x1f,0xaa,0xe5,0x03,0x1f,0x2a,0xe4,0x03,0x1f,0xaa,  // 76c0
0xd4,0x09,0x00,0x91,0xe7,0x03,0x0b,0x4b,0x30,0x02,0x80,0x52,0x0b,0x02,0x01,0xcb,  // 76d0
0x7f,0x05,0x00,0xf1,0x2b,0x0d,0x00,0x54,0x4e,0x02,0x80,0x52,0xe3,0x03,0x1f,0xaa,  // 76e0
0x0f,0x02,0x01,0x4b,0x8b,0x02,0x0b,0x8b,0xd0,0x01,0x01,0xcb,0x41,0x01,0x80,0x52,  // 76f0
0x93,0x02,0x40,0x39,0x6e,0xc2,0x00,0x51,0xdf,0x25,0x00,0x71,0x48,0x0f,0x00,0x54,  // 7700
0x8e,0x4c,0x01,0x9b,0x63,0x04,0x00,0xd1,0x94,0x06,0x00,0x91,0x11,0x02,0x03,0x8b,  // 7710
0x3f,0x06,0x00,0xf1,0xc4,0xc1,0x00,0xd1,0xcc,0xfe,0xff,0x54,0x73,0x01,0x40,0x39,  // 7720
0x73,0x00,0x00,0x14,0x7f,0x14,0x01,0x71,0xe0,0xba,0xff,0x54,0x7f,0x94,0x01,0x71,  // 7730
0xa0,0xba,0xff,0x54,0x67,0x0b,0x01,0x35,0x02,0x3a,0x00,0x34,0xee,0x07,0x41,0xb2,  // 7740
0x9f,0x00,0x0e,0xeb,0x43,0x3b,0x00,0x54,0x81,0x00,0x63,0x9e,0xe1,0x03,0x1f,0x2a,  // 7750
0x2e,0x00,0x66,0x9e,0xcf,0x01,0x41,0xd2,0xce,0x05,0x00,0x14,0xe3,0x03,0x1f,0x2a,  // 7760
0xfb,0x03,0x1f,0xaa,0x42,0xb7,0x00,0x36,0xbb,0x05,0x00,0x14,0xeb,0x40,0x36,0x8b,  // 7770
0x1f,0x20,0x03,0xd5,0x95,0x4e,0x03,0x10,0x67,0x01,0x13,0x8b,0x13,0x00,0x80,0x92,  // 7780
0x23,0x27,0x00,0xb4,0x04,0x27,0x00,0xb4,0xe1,0x26,0x00,0xb4,0xeb,0x00,0x06,0xcb,  // 7790
0x6e,0x05,0x00,0xd1,0x7f,0x00,0x0e,0xeb,0x60,0x01,0x00,0x54,0x9f,0x00,0x0e,0xeb,  // 77a0
0x20,0x01,0x00,0x54,0x3f,0x00,0x0e,0xeb,0xe0,0x00,0x00,0x54,0x8e,0x04,0x00,0xf1,  // 77b0
0xcb,0x24,0x00,0x54,0x3f,0x00,0x0e,0xeb,0x80,0x24,0x00,0x54,0xf3,0x03,0x24,0xaa,  // 77c0
0x29,0x01,0x00,0x14,0xf3,0x03,0x0b,0xcb,0xe1,0x03,0x1f,0x2a,0xef,0x03,0x13,0xaa,  // 77d0
0x13,0x25,0xf8,0xb6,0x24,0x01,0x00,0x14,0x81,0xcb,0x38,0x25,0x02,0xd0,0x38,0x25,  // 77e0
0xe0,0x03,0x0b,0xaa,0x43,0xc4,0x38,0x25,0xe4,0xc3,0x38,0x25,0x05,0xa0,0x00,0xa4,  // 77f0
0x2e,0x21,0x00,0xd1,0xa6,0xc0,0x20,0x05,0xa1,0xa0,0x01,0x24,0xa2,0xa0,0x03,0x24,  // 7800
0xe6,0xc3,0x29,0x25,0xe5,0x1f,0x11,0x05,0xc3,0xa0,0x04,0x24,0xe6,0x1f,0x12,0x05,  // 7810
0xa1,0x00,0x02,0x24,0xe7,0x1f,0x13,0x05,0xc2,0x00,0x02,0x24,0xc1,0x19,0xbf,0xe5,  // 7820
0xce,0x57,0x69,0x04,0xcf,0x81,0x5f,0xb8,0x2e,0x21,0x00,0xd1,0xe3,0x00,0x02,0x24,  // 7830
0xc2,0x19,0xbf,0xe5,0xce,0x57,0x69,0x04,0xc2,0x81,0x5f,0xb8,0x2e,0x21,0x00,0xd1,  // 7840
0xc3,0x19,0xbf,0xe5,0xce,0x57,0x69,0x04,0xd0,0x81,0x5f,0xb8,0x0e,0x02,0x0f,0x2a,  // 7850
0xce,0x05,0x00,0x51,0xdf,0x01,0x02,0x6a,0xa1,0x2d,0x00,0x54,0x4e,0x04,0x00,0x51,  // 7860
0xdf,0x01,0x0f,0x6a,0x61,0xa9,0x00,0x54,0x1f,0x02,0x0e,0x6a,0xe1,0xcc,0x00,0x54,  // 7870
0x00,0x80,0x00,0x91,0xde,0xff,0xff,0x17,0xef,0x03,0x1f,0x2a,0x1b,0x00,0x00,0x14,  // 7880
0x7f,0xf5,0x01,0x71,0x41,0xd0,0xfd,0x54,0x0b,0xcd,0x40,0xb9,0x2d,0x10,0x03,0x8b,  // 7890
0x6b,0x05,0x00,0x11,0x0b,0xcd,0x00,0xb9,0xab,0x05,0x40,0xf9,0x0b,0x55,0x00,0xf9,  // 78a0
0x0b,0x00,0x00,0xd0,0x60,0x89,0x45,0xfd,0x4b,0x02,0x40,0xf9,0x6b,0x9d,0x60,0x92,  // 78b0
0x40,0x06,0x00,0xfd,0x4b,0x02,0x00,0xf9,0x0b,0x59,0x40,0xf9,0x0d,0xe5,0x40,0xb9,  // 78c0
0x7f,0x01,0x0d,0xeb,0x48,0x89,0xff,0x54,0xae,0xfc,0xff,0x17,0xcb,0x00,0x0b,0x8b,  // 78d0
0xe5,0x03,0x1f,0x2a,0xe7,0x03,0x1f,0x2a,0xe4,0x03,0x1f,0xaa,0x6b,0x09,0x00,0x91,  // 78e0
0x69,0xfd,0xff,0x17,0xef,0x03,0x03,0x4b,0xeb,0x03,0x14,0xaa,0x6e,0xc2,0x00,0x51,  // 78f0
0xe7,0x00,0x0f,0x4b,0xdf,0x25,0x00,0x71,0xc8,0x00,0x00,0x54,0x73,0x1d,0x40,0x38,  // 7900
0x6e,0xc2,0x00,0x51,0xdf,0x29,0x00,0x71,0xa3,0xff,0xff,0x54,0x25,0x00,0x80,0x52,  // 7910
0xee,0x1b,0x80,0x52,0x6e,0x02,0x0e,0x0a,0xdf,0x15,0x01,0x71,0x40,0xab,0xff,0x54,  // 7920
0x8e,0xfc,0x74,0xd3,0x5f,0x00,0x00,0x71,0x0f,0x00,0x80,0x12,0xf9,0x15,0x8f,0x5a,  // 7930
0x0e,0x05,0x00,0xb5,0x81,0x00,0x63,0x9e,0x2e,0x7f,0x1f,0x53,0x2f,0x00,0x66,0x9e,  // 7940
0xee,0xfd,0x0e,0xaa,0xc1,0x01,0x67,0x9e,0x87,0xa6,0x00,0x34,0x64,0xa6,0x00,0xb4,  // 7950
0xee,0x04,0x00,0x51,0xdf,0x91,0x00,0x71,0xc8,0x02,0x00,0x54,0xff,0x5c,0x00,0x71,  // 7960
0xef,0x03,0x07,0x2a,0xe3,0x00,0x00,0x54,0xee,0x58,0x00,0x51,0x0f,0x00,0x00,0xd0,  // 7970
0xef,0x81,0x2c,0x91,0xe2,0x59,0x6e,0xfc,0xcf,0x02,0x80,0x52,0x41,0x08,0x61,0x1e,  // 7980
0x0e,0x00,0x00,0xd0,0xc2,0x81,0x45,0xfd,0x20,0x20,0x62,0x1e,0x8c,0x02,0x00,0x54,  // 7990
0x0e,0x00,0x00,0xd0,0xc2,0x85,0x45,0xfd,0x20,0x20,0x62,0x1e,0x04,0x02,0x00,0x54,  // 79a0
0x0e,0x00,0x00,0xd0,0xce,0x81,0x2c,0x91,0xc2,0x59,0x6f,0xfc,0x1a,0x05,0x00,0x14,  // 79b0
0xff,0x58,0x00,0x31,0xe3,0x00,0x00,0x54,0xee,0x03,0x07,0x4b,0x0f,0x00,0x00,0xd0,  // 79c0
0xef,0x81,0x2c,0x91,0xe2,0x59,0x6e,0xfc,0x21,0x18,0x62,0x1e,0x13,0x05,0x00,0x14,  // 79d0
0xee,0x70,0x05,0x51,0xdf,0xe1,0x0a,0x31,0xc3,0x06,0x00,0x54,0xee,0x70,0x05,0x11,  // 79e0
0x0f,0x00,0x00,0xd0,0xef,0x61,0x2f,0x91,0xf3,0x51,0x2e,0x8b,0x4e,0x4d,0x8a,0x52,  // 79f0
0xe0,0x03,0x15,0xaa,0x95,0x10,0xc0,0xda,0x6e,0x00,0xa0,0x72,0x90,0x20,0xd5,0x9a,  // 7a00
0x74,0x06,0x40,0xf9,0xee,0x7c,0x0e,0x1b,0x8f,0x7e,0x10,0x9b,0xe1,0x03,0x30,0xaa,  // 7a10
0xce,0x7d,0x10,0x13,0x87,0x7e,0xd0,0x9b,0xce,0xfd,0x10,0x11,0xc3,0x7d,0x40,0x93,  // 7a20
0xff,0x01,0x01,0xeb,0xf6,0x20,0x40,0x92,0xe9,0x01,0x00,0x54,0xdf,0xfe,0x07,0xf1,  // 7a30
0xa1,0x01,0x00,0x54,0x6e,0x02,0x40,0xf9,0xd1,0x7d,0xd0,0x9b,0xce,0x7d,0x10,0x9b,  // 7a40
0x2f,0x02,0x0f,0xab,0xe7,0x34,0x87,0x9a,0xdf,0x01,0x01,0xeb,0xf6,0x20,0x40,0x92,  // 7a50
0xa9,0x00,0x00,0x54,0xff,0x05,0x00,0xb1,0x61,0x00,0x00,0x54,0xdf,0xfe,0x07,0xf1,  // 7a60
0x80,0x02,0x00,0x54,0xf0,0xfc,0x7f,0xd3,0x0e,0x26,0x00,0x91,0xe1,0x24,0xce,0x9a,  // 7a70
0xee,0x01,0x16,0xaa,0x8e,0x00,0x00,0xb5,0x2e,0x04,0x40,0x92,0xdf,0x05,0x00,0xf1,  // 7a80
0x80,0x01,0x00,0x54,0x2e,0x00,0x40,0x92,0xcf,0x01,0x01,0x8b,0xee,0x03,0x35,0xaa,  // 7a90
0xe1,0xfd,0x76,0xd3,0xce,0x01,0x03,0x8b,0xce,0x01,0x10,0x8b,0x3f,0x00,0x00,0xf1,  // 7aa0
0xd0,0x05,0x8e,0x9a,0x0e,0xfe,0x1f,0xd1,0xdf,0xf9,0x1f,0xb1,0xc2,0x0f,0x00,0x54,  // 7ab0
0x04,0x29,0x40,0xf9,0x02,0x21,0x40,0xf9,0x67,0x01,0x06,0xcb,0x24,0x05,0x00,0xb4,  // 7ac0
0xef,0xe3,0x60,0x04,0xe0,0x03,0x1f,0xaa,0x9f,0x00,0x0f,0xeb,0xe3,0x03,0x00,0x54,  // 7ad0
0x50,0x50,0xbf,0x04,0xe0,0x03,0x1f,0xaa,0x9f,0x00,0x10,0xeb,0xa2,0x01,0x00,0x54,  // 7ae0
0xe1,0xe3,0x58,0x25,0x01,0xc0,0x78,0x25,0xee,0x03,0x0f,0xcb,0xf0,0x03,0x00,0xaa,  // 7af0
0x80,0x00,0x0e,0x8a,0x41,0x44,0x30,0xe4,0x10,0x02,0x0f,0x8b,0x1f,0x00,0x10,0xeb,  // 7b00
0xa1,0xff,0xff,0x54,0x9f,0x00,0x00,0xeb,0x01,0x02,0x00,0x54,0x14,0x00,0x00,0x14,  // 7b10
0xce,0x57,0xbf,0x04,0x31,0x50,0xbf,0x04,0xe1,0x03,0x1f,0xaa,0x80,0x00,0x0e,0x8a,  // 7b20
0x43,0x00,0x11,0x8b,0x40,0x40,0x01,0xe4,0x60,0x40,0x01,0xe4,0x21,0x00,0x10,0x8b,  // 7b30
0x1f,0x00,0x01,0xeb,0x81,0xff,0xff,0x54,0x8e,0x00,0x00,0xeb,0x00,0x01,0x00,0x54,  // 7b40
0xdf,0x01,0x0f,0xeb,0xe2,0xfc,0xff,0x54,0x4f,0x00,0x00,0x8b,0x90,0x00,0x00,0xcb,  // 7b50
0x10,0x06,0x00,0xf1,0xff,0x15,0x00,0x38,0xc1,0xff,0xff,0x54,0xd7,0x00,0x40,0x39,  // 7b60
0xff,0xb6,0x00,0x71,0xf5,0x03,0x1f,0xaa,0xd6,0x7f,0x80,0x12,0xf3,0x17,0x9f,0x1a,  // 7b70
0xfe,0x2b,0x00,0xb9,0xff,0x00,0x13,0xeb,0x6d,0x93,0x00,0x54,0xf4,0x03,0x1f,0x2a,  // 7b80
0xe3,0x03,0x1f,0x2a,0xe5,0x03,0x1f,0x2a,0xf8,0x03,0x1f,0x2a,0x06,0x00,0x00,0x14,  // 7b90
0x4f,0x68,0x30,0x38,0x18,0x07,0x00,0x11,0x73,0x06,0x00,0x91,0xff,0x00,0x13,0xeb,  // 7ba0
0x2d,0x03,0x00,0x54,0xcf,0x68,0x73,0x38,0xee,0xc1,0x00,0x51,0xdf,0x25,0x00,0x71,  // 7bb0
0x08,0x01,0x00,0x54,0xff,0xc1,0x00,0x71,0x61,0x01,0x00,0x54,0x18,0x02,0x00,0x34,  // 7bc0
0x10,0x7f,0x40,0x93,0x9f,0x00,0x10,0xeb,0x48,0xfe,0xff,0x54,0xf3,0xff,0xff,0x17,  // 7bd0
0xff,0xb9,0x00,0x71,0xe1,0x01,0x00,0x54,0x34,0x00,0x80,0x52,0xe5,0x03,0x18,0x2a,  // 7be0
0xee,0xff,0xff,0x17,0xee,0x03,0x18,0x2a,0xd0,0x7d,0x40,0x93,0x9f,0x00,0x10,0xeb,  // 7bf0
0x08,0xfd,0xff,0x54,0x23,0x00,0x80,0x52,0xe8,0xff,0xff,0x17,0xa5,0x04,0x00,0x51,  // 7c00
0xe6,0xff,0xff,0x17,0x9f,0x02,0x00,0x71,0x05,0x03,0x85,0x1a,0xc5,0x00,0x00,0x14,  // 7c10
0x9f,0x02,0x00,0x71,0xee,0x01,0x1b,0x32,0x05,0x03,0x85,0x1a,0xdf,0x95,0x01,0x71,  // 7c20
0x01,0x18,0x00,0x54,0x70,0x06,0x00,0x91,0xce,0x48,0x70,0x38,0xdf,0xad,0x00,0x71,  // 7c30
0x40,0x14,0x00,0x54,0xdf,0xb5,0x00,0x71,0x61,0x14,0x00,0x54,0x70,0x0a,0x00,0x11,  // 7c40
0x0f,0x00,0x80,0x12,0xa1,0x00,0x00,0x14,0x6e,0x00,0x01,0xaa,0xcf,0xfd,0x7f,0xd3,  // 7c50
0xef,0x01,0x00,0x52,0x8e,0x11,0xf8,0xb7,0x7f,0x00,0x01,0xeb,0x4b,0x11,0x00,0x54,  // 7c60
0xf3,0x03,0x23,0xaa,0xf3,0x03,0x33,0xaa,0x61,0x00,0x80,0x52,0x4f,0x00,0x80,0x92,  // 7c70
0x6b,0x03,0x80,0x52,0x0e,0x51,0x40,0xf9,0xef,0x41,0x22,0x8b,0x6b,0x81,0x12,0xaa,  // 7c80
0xc0,0x00,0x13,0x8b,0xcb,0x3d,0x00,0xa9,0x02,0x51,0x40,0xf9,0x0b,0xd9,0x40,0xb9,  // 7c90
0x4e,0x40,0x00,0x91,0x6b,0x05,0x00,0x11,0x0e,0x51,0x00,0xf9,0x0b,0xd9,0x00,0xb9,  // 7ca0
0x88,0x04,0x00,0x14,0x3f,0x00,0x00,0xf1,0x2e,0x00,0x80,0x52,0xf5,0x03,0x00,0xaa,  // 7cb0
0xce,0x05,0x8e,0x9a,0x5f,0x00,0x00,0x71,0xee,0x25,0xce,0x9a,0x0e,0x2e,0x4c,0xb3,  // 7cc0
0xcf,0x01,0x41,0xb2,0xee,0x11,0x8e,0x9a,0xc1,0x01,0x67,0x9e,0x65,0x8a,0x00,0x34,  // 7cd0
0x8e,0x04,0x00,0x91,0xc4,0x11,0xc0,0xda,0xd0,0x21,0xc4,0x9a,0x8f,0x7e,0x10,0x9b,  // 7ce0
0xe1,0x03,0x30,0xaa,0x85,0x7e,0xd0,0x9b,0xff,0x01,0x01,0xeb,0xa7,0x20,0x40,0x92,  // 7cf0
0xe9,0x01,0x00,0x54,0xff,0xfc,0x07,0xf1,0xa1,0x01,0x00,0x54,0x6e,0x02,0x40,0xf9,  // 7d00
0xd1,0x7d,0xd0,0x9b,0xce,0x7d,0x10,0x9b,0x2f,0x02,0x0f,0xab,0xa5,0x34,0x85,0x9a,  // 7d10
0xdf,0x01,0x01,0xeb,0xa7,0x20,0x40,0x92,0xa9,0x00,0x00,0x54,0xff,0x05,0x00,0xb1,  // 7d20
0x61,0x00,0x00,0x54,0xff,0xfc,0x07,0xf1,0x40,0xec,0xff,0x54,0xb0,0xfc,0x7f,0xd3,  // 7d30
0x0e,0x26,0x00,0x91,0xa1,0x24,0xce,0x9a,0xee,0x01,0x07,0xaa,0x8e,0x00,0x00,0xb5,  // 7d40
0x2e,0x04,0x40,0x92,0xdf,0x05,0x00,0xf1,0x40,0xeb,0xff,0x54,0x2e,0x00,0x40,0x92,  // 7d50
0xcf,0x01,0x01,0x8b,0xee,0x03,0x24,0xaa,0xe1,0xfd,0x76,0xd3,0xce,0x01,0x03,0x8b,  // 7d60
0xce,0x01,0x10,0x8b,0x3f,0x00,0x00,0xf1,0xd0,0x05,0x8e,0x9a,0x0e,0xfe,0x1f,0xd1,  // 7d70
0xdf,0xf9,0x1f,0xb1,0xe3,0xe9,0xff,0x54,0x3f,0x00,0x00,0xf1,0x2e,0x00,0x80,0x52,  // 7d80
0xce,0x05,0x8e,0x9a,0x5f,0x00,0x00,0x71,0xee,0x25,0xce,0x9a,0x0e,0x2e,0x4c,0xb3,  // 7d90
0xcf,0x01,0x41,0xb2,0xee,0x11,0x8e,0x9a,0xc2,0x01,0x67,0x9e,0x40,0x20,0x61,0x1e,  // 7da0
0xc0,0x83,0x00,0x54,0x43,0xff,0xff,0x17,0x10,0x04,0x80,0x52,0xe3,0x03,0x0b,0xaa,  // 7db0
0x4e,0x04,0x00,0x51,0xdf,0x01,0x0f,0x6a,0x21,0xa3,0x00,0x54,0x64,0x40,0x10,0xa4,  // 7dc0
0x2e,0x21,0x00,0xd1,0x60,0x80,0x00,0x91,0xe3,0x03,0x00,0xaa,0x81,0xa0,0x01,0x24,  // 7dd0
0x82,0xa0,0x02,0x24,0xe4,0x1f,0x11,0x05,0xe5,0x1f,0x12,0x05,0x81,0x00,0x03,0x24,  // 7de0
0xa2,0x00,0x03,0x24,0xc1,0x19,0xbf,0xe5,0xce,0x57,0x69,0x04,0xcf,0x81,0x5f,0xb8,  // 7df0
0x2e,0x21,0x00,0xd1,0xc2,0x19,0xbf,0xe5,0xce,0x57,0x69,0x04,0xc2,0x81,0x5f,0xb8,  // 7e00
0xee,0x05,0x00,0x51,0x5f,0x00,0x0e,0x6a,0x40,0xfd,0xff,0x54,0xee,0x03,0x02,0x2a,  // 7e10
0xeb,0x03,0x2b,0xaa,0xfe,0x03,0x1f,0x2a,0xce,0x01,0xc0,0xda,0xce,0x11,0xc0,0xda,  // 7e20
0x0e,0x00,0x0e,0x8b,0xc0,0x05,0x00,0x91,0x0b,0x00,0x0b,0x8b,0x6e,0xfd,0x7f,0x93,  // 7e30
0xef,0x03,0x0b,0x4b,0xc1,0x01,0x0f,0x0a,0xdf,0x03,0x00,0x71,0x8e,0x01,0x80,0x52,  // 7e40
0x8f,0x00,0x80,0x52,0xee,0x01,0x8e,0x9a,0x2f,0x00,0xc0,0xd2,0x10,0x51,0x40,0xf9,  // 7e50
0xce,0x81,0x12,0xaa,0xce,0x01,0x0f,0x8b,0x0e,0x2e,0x00,0xa9,0x02,0x51,0x40,0xf9,  // 7e60
0x0b,0xd5,0x40,0xb9,0x4e,0x40,0x00,0x91,0x6b,0x05,0x00,0x11,0x0e,0x51,0x00,0xf9,  // 7e70
0x0b,0xd5,0x00,0xb9,0x13,0x04,0x00,0x14,0xe3,0x03,0x1f,0x2a,0xfb,0x03,0x04,0xaa,  // 7e80
0xf3,0x03,0x00,0x14,0x2e,0x04,0x00,0xd1,0x7f,0x00,0x0e,0xeb,0xee,0x17,0x9f,0x1a,  // 7e90
0xff,0x01,0x0e,0x6a,0x73,0x01,0x81,0xda,0x4c,0xfe,0xff,0x17,0xe7,0x03,0x14,0xaa,  // 7ea0
0x13,0x00,0x80,0x92,0x03,0xc7,0xff,0xb5,0x6f,0xff,0xff,0x17,0xe3,0x03,0x1f,0x2a,  // 7eb0
0xfb,0x03,0x04,0xcb,0xe8,0x03,0x00,0x14,0x70,0x0a,0x00,0x11,0x2f,0x00,0x80,0x52,  // 7ec0
0x02,0x00,0x00,0x14,0x2f,0x00,0x80,0x52,0x14,0x7e,0x40,0x93,0xf3,0x03,0x1f,0x2a,  // 7ed0
0xff,0x00,0x14,0xeb,0x4d,0x02,0x00,0x54,0xf3,0x03,0x1f,0x2a,0xf0,0xe1,0x84,0x52,  // 7ee0
0x55,0x01,0x80,0x52,0xce,0x68,0xf4,0x38,0xdf,0xc1,0x00,0x71,0x8b,0x01,0x00,0x54,  // 7ef0
0xce,0x1d,0x00,0x12,0xdf,0xe5,0x00,0x71,0x28,0x01,0x00,0x54,0x7f,0x02,0x10,0x6b,  // 7f00
0xec,0x00,0x00,0x54,0x71,0x7e,0x15,0x1b,0xce,0xc1,0x00,0x51,0x94,0x06,0x00,0x91,  // 7f10
0xff,0x00,0x14,0xeb,0x33,0x02,0x2e,0x0b,0x6c,0xfe,0xff,0x54,0x65,0x16,0x0f,0x1b,  // 7f20
0xf5,0x03,0x1f,0xaa,0xd6,0x7f,0x80,0x12,0xf8,0x75,0x00,0x34,0xf5,0x03,0x1f,0xaa,  // 7f30
0xbf,0xd8,0x04,0x71,0x16,0x80,0x80,0x52,0x6c,0x75,0x00,0x54,0xf5,0x03,0x1f,0xaa,  // 7f40
0xbf,0x28,0x05,0x31,0xd6,0x7f,0x80,0x12,0xeb,0x74,0x00,0x54,0xe6,0xe7,0x01,0xb2,  // 7f50
0xbf,0x04,0x00,0x71,0xf3,0x03,0x1f,0x2a,0x46,0x33,0x93,0xf2,0xf7,0xe7,0x02,0x29,  // 7f60
0x26,0x33,0xe0,0xf2,0x8b,0x19,0x00,0x54,0x47,0x04,0x00,0xd1,0x00,0x00,0x80,0x92,  // 7f70
0x56,0x01,0x80,0x52,0x06,0x00,0x00,0x14,0xfe,0x03,0x1f,0x2a,0xbf,0x00,0x00,0x71,  // 7f80
0xf3,0x02,0x13,0x0b,0xf8,0x03,0x1e,0x2a,0x8d,0x18,0x00,0x54,0xbf,0x20,0x00,0x71,  // 7f90
0xe9,0x00,0x00,0x54,0x77,0x03,0x80,0x52,0x18,0xff,0xff,0x34,0xf5,0x03,0x1b,0xaa,  // 7fa0
0xfb,0x03,0x1a,0xaa,0x59,0x03,0x80,0x12,0x0a,0x00,0x00,0x14,0x2e,0x00,0x00,0xb0,  // 7fb0
0xce,0xa1,0x1d,0x91,0xd7,0x59,0x65,0xb8,0x18,0xfe,0xff,0x34,0xf9,0x03,0x17,0x4b,  // 7fc0
0xf5,0x03,0x1b,0xaa,0xfb,0x03,0x1a,0xaa,0x3f,0xf7,0x00,0x31,0x69,0x04,0x00,0x54,  // 7fd0
0x14,0x7f,0xb8,0x0a,0xef,0x03,0x1f,0xaa,0xfa,0x03,0x1f,0xaa,0xf9,0x03,0x19,0x4b,  // 7fe0
0x9f,0x02,0x0f,0xeb,0xc0,0x0c,0x00,0x54,0x4e,0x68,0xaf,0x38,0xef,0x05,0x00,0x91,  // 7ff0
0x4e,0x3b,0x16,0x9b,0xda,0xc1,0x00,0xd1,0x4e,0x27,0xd9,0x9a,0x2e,0xff,0xff,0xb4,  // 8000
0x0e,0x20,0xd9,0x9a,0x1e,0x03,0x0f,0x6b,0xf4,0x03,0x2e,0xaa,0xad,0x0c,0x00,0x54,  // 8010
0xf0,0x03,0x1e,0xaa,0xe1,0x03,0x02,0xaa,0x4e,0x27,0xd9,0x9a,0x51,0x03,0x14,0x8a,  // 8020
0x10,0x06,0x00,0xf1,0xce,0xc1,0x00,0x11,0x2e,0x00,0x00,0x39,0x2e,0xc8,0xaf,0x38,  // 8030
0x21,0x04,0x00,0x91,0x2e,0x3a,0x16,0x9b,0xda,0xc1,0x00,0xd1,0xe1,0xfe,0xff,0x54,  // 8040
0x59,0x00,0x00,0x14,0x1f,0x03,0x00,0x71,0xe5,0x03,0x85,0x1a,0x3f,0xe3,0x01,0x31,  // 8050
0x39,0xf3,0x00,0x11,0xea,0xfb,0xff,0x54,0x01,0x7f,0xb8,0x0a,0xf0,0x03,0x1f,0xaa,  // 8060
0xef,0x03,0x1f,0xaa,0xfa,0x03,0x01,0x2a,0x3f,0x00,0x10,0xeb,0x40,0x01,0x00,0x54,  // 8070
0x4e,0x68,0xb0,0x38,0x10,0x06,0x00,0x91,0xee,0x39,0x16,0x9b,0xcf,0xc1,0x00,0xd1,  // 8080
0xee,0xfd,0x7c,0xd3,0x2e,0xff,0xff,0xb4,0xf4,0x03,0x0f,0xaa,0xfa,0x03,0x10,0x2a,  // 8090
0x08,0x00,0x00,0x14,0x0f,0x07,0x00,0xb4,0xee,0x09,0x0f,0x8b,0xff,0x01,0x06,0xeb,  // 80a0
0x5a,0x07,0x00,0x11,0xd4,0xf9,0x7f,0xd3,0xef,0x03,0x14,0xaa,0x63,0xff,0xff,0x54,  // 80b0
0x18,0x03,0x1a,0x6b,0xcd,0x01,0x00,0x54,0xef,0x03,0x18,0xaa,0xf0,0x03,0x02,0xaa,  // 80c0
0x8e,0xfe,0x7c,0xd3,0x91,0xee,0x40,0x92,0xef,0x05,0x00,0xf1,0xce,0x05,0x1c,0x32,  // 80d0
0x0e,0x02,0x00,0x39,0x0e,0xca,0xba,0x38,0x10,0x06,0x00,0x91,0x2e,0x3a,0x16,0x9b,  // 80e0
0xd4,0xc1,0x00,0xd1,0xe1,0xfe,0xff,0x54,0x02,0x00,0x00,0x14,0xf8,0x03,0x1f,0x2a,  // 80f0
0x14,0x01,0x00,0xb5,0x12,0x00,0x00,0x14,0xff,0x01,0x00,0xf1,0x63,0x04,0x9f,0x1a,  // 8100
0x8e,0xee,0x40,0x92,0xcf,0x09,0x0e,0x8b,0xf4,0xf9,0x7f,0xd3,0x8e,0x01,0x00,0xb4,  // 8110
0x0e,0x7f,0x40,0x93,0x8f,0xfe,0x7c,0xd3,0x9f,0x00,0x0e,0xeb,0xe9,0xfe,0xff,0x54,  // 8120
0xef,0x05,0x1c,0x32,0x4f,0x68,0x2e,0x38,0x18,0x07,0x00,0x11,0x8e,0xee,0x40,0x92,  // 8130
0xcf,0x09,0x0e,0x8b,0xf4,0xf9,0x7f,0xd3,0xce,0xfe,0xff,0xb5,0xae,0x00,0x1a,0x4b,  // 8140
0x1f,0x07,0x00,0x71,0xc5,0x05,0x00,0x11,0xeb,0xf7,0xff,0x54,0xf8,0x03,0x18,0x2a,  // 8150
0xee,0x68,0x78,0x38,0xdf,0xc1,0x00,0x71,0xc1,0x00,0x00,0x54,0x18,0x07,0x00,0xf1,  // 8160
0x8c,0xff,0xff,0x54,0xf8,0x03,0x1f,0x2a,0xe5,0x03,0x1f,0x2a,0xb8,0xff,0xff,0x17,  // 8170
0xb7,0xff,0xff,0x17,0xf8,0x03,0x1f,0x2a,0xb5,0xff,0xff,0x17,0xfa,0x05,0x00,0xb4,  // 8180
0x4e,0x27,0xd9,0x9a,0x2e,0x06,0x00,0xb4,0x0e,0x20,0xd9,0x9a,0xaf,0x00,0x14,0x4b,  // 8190
0xfe,0x03,0x1f,0x2a,0xe5,0x05,0x00,0x11,0xf4,0x03,0x2e,0xaa,0x05,0x00,0x00,0x14,  // 81a0
0xfe,0x03,0x1f,0x2a,0xae,0x00,0x0f,0x4b,0xc5,0x05,0x00,0x11,0x9a,0x02,0x00,0xb4,  // 81b0
0x07,0x00,0x00,0x14,0x1f,0x02,0x00,0xf1,0x63,0x04,0x9f,0x1a,0x4e,0x03,0x14,0x8a,  // 81c0
0xcf,0x09,0x0e,0x8b,0xfa,0xf9,0x7f,0xd3,0xae,0x01,0x00,0xb4,0xcf,0x7f,0x40,0x93,  // 81d0
0x50,0x27,0xd9,0x9a,0x9f,0x00,0x0f,0xeb,0xe9,0xfe,0xff,0x54,0x0e,0xc2,0x00,0x11,  // 81e0
0x4e,0x68,0x2f,0x38,0xde,0x07,0x00,0x11,0x4e,0x03,0x14,0x8a,0xcf,0x09,0x0e,0x8b,  // 81f0
0xfa,0xf9,0x7f,0xd3,0xce,0xfe,0xff,0xb5,0x01,0x00,0x00,0x14,0xdf,0x07,0x00,0x71,  // 8200
0xfa,0x03,0x1b,0xaa,0x2b,0x01,0x00,0x54,0xfe,0x03,0x1e,0x2a,0xfb,0x03,0x15,0xaa,  // 8210
0xee,0x68,0x7e,0x38,0xdf,0xc1,0x00,0x71,0xe1,0x00,0x00,0x54,0xde,0x07,0x00,0xf1,  // 8220
0x8c,0xff,0xff,0x54,0x10,0x00,0x00,0x14,0xfb,0x03,0x15,0xaa,0x9e,0xea,0xff,0x35,  // 8230
0x0d,0x00,0x00,0x14,0x52,0xff,0xff,0x17,0xfe,0x03,0x1f,0x2a,0xfa,0x03,0x1b,0xaa,  // 8240
0xfb,0x03,0x15,0xaa,0x4e,0xff,0xff,0x17,0xef,0x03,0x14,0x2a,0x4e,0x0b,0x1a,0x8b,  // 8250
0xef,0x05,0x00,0x11,0xda,0xf9,0x7f,0xd3,0x4e,0x27,0xd9,0x9a,0x8e,0xff,0xff,0xb4,  // 8260
0x68,0xff,0xff,0x17,0xfe,0x03,0x1f,0x2a,0xe5,0x03,0x1f,0x2a,0xf3,0x02,0x13,0x0b,  // 8270
0x0a,0x00,0x00,0x14,0xf6,0x03,0x0e,0x2a,0xcb,0x02,0xc0,0x5a,0xee,0x03,0x27,0xaa,  // 8280
0x1f,0x20,0x03,0xd5,0x15,0xf6,0x02,0x10,0x6b,0x11,0xc0,0x5a,0xd3,0x01,0x0b,0xcb,  // 8290
0x4e,0xfd,0xff,0x17,0xfe,0x03,0x18,0x2a,0xf7,0xe7,0x02,0xb2,0x47,0x04,0x00,0xd1,  // 82a0
0x38,0x01,0x80,0x92,0xb7,0x99,0x99,0xf2,0x59,0x01,0x80,0x52,0xfa,0x13,0x00,0xf9,  // 82b0
0x04,0x00,0x00,0x14,0xdf,0x03,0x00,0x71,0xe5,0x03,0x85,0x1a,0x73,0x02,0x1a,0x4b,  // 82c0
0xc5,0x00,0xf8,0x37,0x85,0x24,0x00,0x35,0x4e,0x00,0xc0,0x39,0xdf,0xd5,0x00,0x71,  // 82d0
0xeb,0x00,0x00,0x54,0x20,0x01,0x00,0x14,0xbf,0x20,0x00,0x31,0x82,0x00,0x00,0x54,  // 82e0
0x7a,0x03,0x80,0x52,0xfe,0x00,0x00,0x35,0xf5,0xff,0xff,0x17,0xee,0x03,0x05,0x4b,  // 82f0
0x2f,0x00,0x00,0x90,0xef,0xa1,0x1d,0x91,0xfa,0x59,0x6e,0xb8,0x1e,0xfe,0xff,0x34,  // 8300
0x0f,0x0d,0x80,0x52,0x2e,0x00,0x00,0x90,0xce,0x31,0x1e,0x91,0x54,0x3b,0xaf,0x9b,  // 8310
0xef,0x03,0x1e,0x2a,0xe0,0x03,0x0a,0xaa,0xea,0x03,0x1b,0xaa,0xfb,0x03,0x1a,0x2a,  // 8320
0xf0,0x03,0x0f,0xaa,0xf6,0x03,0x02,0xaa,0x95,0x46,0x40,0xb8,0xe1,0x03,0x14,0xaa,  // 8330
0x2e,0x14,0x40,0x38,0x4e,0x01,0x00,0x34,0xd1,0x02,0x40,0x39,0x3f,0x02,0x0e,0x6b,  // 8340
0xe1,0x05,0x00,0x54,0x10,0x06,0x00,0xf1,0xd6,0x06,0x00,0x91,0x21,0xff,0xff,0x54,  // 8350
0x8e,0x6a,0x6f,0x38,0x4e,0x00,0x00,0x34,0xb5,0x06,0x00,0x51,0xae,0x02,0x1e,0x0b,  // 8360
0xdf,0x07,0x00,0x71,0xd4,0x7d,0x40,0x93,0x4b,0x04,0x00,0x54,0xfe,0x03,0x1f,0xaa,  // 8370
0x90,0x06,0x00,0xd1,0xef,0x05,0x00,0xd1,0x08,0x00,0x00,0x14,0xdf,0x01,0x00,0xf1,  // 8380
0x63,0x04,0x9f,0x1a,0xee,0x05,0x00,0x91,0xef,0x05,0x00,0xd1,0x30,0x04,0x00,0xd1,  // 8390
0xdf,0x05,0x00,0xf1,0x49,0x02,0x00,0x54,0x4e,0x68,0xaf,0x38,0xe1,0x03,0x10,0xaa,  // 83a0
0x9f,0x00,0x10,0xeb,0xce,0xc1,0x00,0xd1,0xce,0x21,0xdb,0x9a,0xd6,0x01,0x1e,0x8b,  // 83b0
0xce,0x7e,0xd7,0x9b,0xde,0xfd,0x43,0xd3,0xce,0x5b,0x18,0x9b,0x09,0xfe,0xff,0x54,  // 83c0
0xce,0xc1,0x00,0x11,0x4e,0x68,0x21,0x38,0xee,0x05,0x00,0x91,0xef,0x05,0x00,0xd1,  // 83d0
0x30,0x04,0x00,0xd1,0xdf,0x05,0x00,0xf1,0x08,0xfe,0xff,0x54,0xdf,0x2a,0x00,0xf1,  // 83e0
0xfb,0x03,0x0a,0xaa,0x42,0x01,0x00,0x54,0xea,0x03,0x00,0xaa,0x1d,0x00,0x00,0x14,  // 83f0
0xfb,0x03,0x0a,0xaa,0xea,0x03,0x00,0xaa,0x1a,0x00,0x00,0x14,0x30,0x1e,0x00,0x13,  // 8400
0x1f,0x82,0x2e,0x6b,0xab,0xfa,0xff,0x54,0xd5,0xff,0xff,0x17,0x2e,0x7c,0x40,0x93,  // 8410
0xea,0x03,0x00,0xaa,0xcf,0x05,0x00,0xd1,0x07,0x00,0x00,0x14,0xdf,0x01,0x00,0xf1,  // 8420
0x63,0x04,0x9f,0x1a,0xdf,0x27,0x00,0xf1,0xef,0x05,0x00,0xd1,0xfe,0x03,0x10,0xaa,  // 8430
0x89,0x01,0x00,0x54,0xce,0x7f,0xd7,0x9b,0x9f,0x00,0x0f,0xeb,0xd0,0xfd,0x43,0xd3,  // 8440
0x0e,0x7a,0x18,0x9b,0xc9,0xfe,0xff,0x54,0xce,0xc1,0x00,0x11,0x4e,0x68,0x2f,0x38,  // 8450
0xdf,0x27,0x00,0xf1,0xef,0x05,0x00,0xd1,0xfe,0x03,0x10,0xaa,0xc8,0xfe,0xff,0x54,  // 8460
0x9f,0x00,0x14,0xeb,0xa5,0x02,0x05,0x0b,0x9e,0x82,0x84,0x1a,0xdf,0x07,0x00,0x71,  // 8470
0x2b,0x01,0x00,0x54,0xee,0x68,0x7e,0x38,0xdf,0xc1,0x00,0x71,0x01,0x01,0x00,0x54,  // 8480
0xde,0x07,0x00,0xf1,0x8c,0xff,0xff,0x54,0xfe,0x03,0x1f,0x2a,0xe5,0x03,0x1f,0x2a,  // 8490
0x03,0x00,0x00,0x14,0xdf,0x03,0x00,0x71,0xe5,0x03,0x85,0x1a,0x1a,0xf1,0xff,0x36,  // 84a0
0xf6,0x03,0x1b,0xaa,0x5f,0xf7,0x00,0x31,0x68,0x0a,0x00,0x54,0xfb,0x03,0x1a,0x2a,  // 84b0
0x07,0x00,0x00,0x14,0xdf,0x03,0x00,0x71,0xe5,0x03,0x85,0x1a,0x70,0xf3,0x00,0x11,  // 84c0
0x7f,0xe3,0x01,0x31,0xfb,0x03,0x10,0x2a,0x8a,0x09,0x00,0x54,0xc1,0x7f,0xbe,0x0a,  // 84d0
0xf0,0x03,0x1f,0xaa,0xef,0x03,0x1f,0xaa,0xf5,0x03,0x01,0x2a,0x3f,0x00,0x10,0xeb,  // 84e0
0x40,0x01,0x00,0x54,0x4e,0x68,0xb0,0x38,0x10,0x06,0x00,0x91,0xee,0x39,0x19,0x9b,  // 84f0
0xcf,0xc1,0x00,0xd1,0xee,0xfd,0x7c,0xd3,0x2e,0xff,0xff,0xb4,0xf4,0x03,0x0f,0xaa,  // 8500
0xf5,0x03,0x10,0x2a,0x08,0x00,0x00,0x14,0x2f,0x07,0x00,0xb4,0xee,0x09,0x0f,0x8b,  // 8510
0xff,0x01,0x06,0xeb,0xb5,0x06,0x00,0x11,0xd4,0xf9,0x7f,0xd3,0xef,0x03,0x14,0xaa,  // 8520
0x63,0xff,0xff,0x54,0xde,0x03,0x15,0x6b,0xed,0x01,0x00,0x54,0xef,0x03,0x1e,0xaa,  // 8530
0xf0,0x03,0x02,0xaa,0x8e,0xfe,0x7c,0xd3,0x91,0xee,0x40,0x92,0xef,0x05,0x00,0xf1,  // 8540
0xce,0x05,0x1c,0x32,0x0e,0x02,0x00,0x39,0x0e,0xca,0xb5,0x38,0x10,0x06,0x00,0x91,  // 8550
0x2e,0x3a,0x19,0x9b,0xd4,0xc1,0x00,0xd1,0xe1,0xfe,0xff,0x54,0x74,0x01,0x00,0xb5,  // 8560
0x15,0x00,0x00,0x14,0xfe,0x03,0x1f,0x2a,0x14,0x01,0x00,0xb5,0x12,0x00,0x00,0x14,  // 8570
0xff,0x01,0x00,0xf1,0x63,0x04,0x9f,0x1a,0x8e,0xee,0x40,0x92,0xcf,0x09,0x0e,0x8b,  // 8580
0xf4,0xf9,0x7f,0xd3,0x8e,0x01,0x00,0xb4,0xce,0x7f,0x40,0x93,0x8f,0xfe,0x7c,0xd3,  // 8590
0x9f,0x00,0x0e,0xeb,0xe9,0xfe,0xff,0x54,0xef,0x05,0x1c,0x32,0x4f,0x68,0x2e,0x38,  // 85a0
0xde,0x07,0x00,0x11,0x8e,0xee,0x40,0x92,0xcf,0x09,0x0e,0x8b,0xf4,0xf9,0x7f,0xd3,  // 85b0
0xce,0xfe,0xff,0xb5,0xae,0x00,0x15,0x4b,0xdf,0x07,0x00,0x71,0xc5,0x05,0x00,0x11,  // 85c0
0xab,0xf7,0xff,0x54,0xfe,0x03,0x1e,0x2a,0xee,0x68,0x7e,0x38,0xdf,0xc1,0x00,0x71,  // 85d0
0xc1,0x00,0x00,0x54,0xde,0x07,0x00,0xf1,0x8c,0xff,0xff,0x54,0xfe,0x03,0x1f,0x2a,  // 85e0
0xe5,0x03,0x1f,0x2a,0xb6,0xff,0xff,0x17,0xb5,0xff,0xff,0x17,0xfe,0x03,0x1f,0x2a,  // 85f0
0xb3,0xff,0xff,0x17,0xf0,0x03,0x1a,0x2a,0xcf,0x7f,0xbe,0x0a,0xf4,0x03,0x1f,0xaa,  // 8600
0xf5,0x03,0x1f,0xaa,0xfb,0x03,0x10,0x4b,0xff,0x01,0x14,0xeb,0x40,0x03,0x00,0x54,  // 8610
0x4e,0x68,0xb4,0x38,0x94,0x06,0x00,0x91,0xae,0x3a,0x19,0x9b,0xd5,0xc1,0x00,0xd1,  // 8620
0xae,0x26,0xdb,0x9a,0x2e,0xff,0xff,0xb4,0xef,0x03,0x14,0x2a,0x0e,0x00,0x80,0x92,  // 8630
0xde,0x03,0x0f,0x6b,0xce,0x21,0xdb,0x9a,0xf4,0x03,0x2e,0xaa,0x0d,0x03,0x00,0x54,  // 8640
0xf0,0x03,0x1e,0xaa,0xe1,0x03,0x02,0xaa,0xae,0x26,0xdb,0x9a,0xb1,0x02,0x14,0x8a,  // 8650
0x10,0x06,0x00,0xf1,0xce,0xc1,0x00,0x11,0x2e,0x00,0x00,0x39,0x2e,0xc8,0xaf,0x38,  // 8660
0x21,0x04,0x00,0x91,0x2e,0x3a,0x19,0x9b,0xd5,0xc1,0x00,0xd1,0xe1,0xfe,0xff,0x54,  // 8670
0x0c,0x00,0x00,0x14,0xd5,0x05,0x00,0xb4,0xae,0x26,0xdb,0x9a,0x0e,0x06,0x00,0xb4,  // 8680
0x0e,0x00,0x80,0x92,0xaf,0x00,0x0f,0x4b,0xfe,0x03,0x1f,0x2a,0xce,0x21,0xdb,0x9a,  // 8690
0xe5,0x05,0x00,0x11,0xf4,0x03,0x2e,0xaa,0x05,0x00,0x00,0x14,0xfe,0x03,0x1f,0x2a,  // 86a0
0xae,0x00,0x0f,0x4b,0xc5,0x05,0x00,0x11,0x95,0x02,0x00,0xb4,0x07,0x00,0x00,0x14,  // 86b0
0xdf,0x01,0x00,0xf1,0x63,0x04,0x9f,0x1a,0xae,0x02,0x14,0x8a,0xcf,0x09,0x0e,0x8b,  // 86c0
0xf5,0xf9,0x7f,0xd3,0xae,0x01,0x00,0xb4,0xcf,0x7f,0x40,0x93,0xae,0x26,0xdb,0x9a,  // 86d0
0x9f,0x00,0x0f,0xeb,0xe9,0xfe,0xff,0x54,0xce,0xc1,0x00,0x11,0x4e,0x68,0x2f,0x38,  // 86e0
0xde,0x07,0x00,0x11,0xae,0x02,0x14,0x8a,0xcf,0x09,0x0e,0x8b,0xf5,0xf9,0x7f,0xd3,  // 86f0
0xce,0xfe,0xff,0xb5,0x01,0x00,0x00,0x14,0xdf,0x07,0x00,0x71,0xfb,0x03,0x16,0xaa,  // 8700
0xab,0xdd,0xff,0x54,0xfe,0x03,0x1e,0x2a,0xee,0x68,0x7e,0x38,0xdf,0xc1,0x00,0x71,  // 8710
0x61,0xdd,0xff,0x54,0xde,0x07,0x00,0xf1,0x8c,0xff,0xff,0x54,0xfe,0x03,0x1f,0x2a,  // 8720
0xe5,0x03,0x1f,0x2a,0x73,0x02,0x1a,0x4b,0xe6,0xfe,0xff,0x17,0xfe,0x03,0x1f,0x2a,  // 8730
0xfb,0x03,0x16,0xaa,0x73,0x02,0x1a,0x4b,0xe2,0xfe,0xff,0x17,0xae,0x0a,0x15,0x8b,  // 8740
0xef,0x05,0x00,0x11,0xd5,0xf9,0x7f,0xd3,0xae,0x26,0xdb,0x9a,0x8e,0xff,0xff,0xb4,  // 8750
0xb7,0xff,0xff,0x17,0x7f,0xfa,0x0f,0x31,0x4c,0x0b,0x00,0x54,0xf7,0xe7,0x42,0x29,  // 8760
0xfa,0x13,0x40,0xf9,0xb4,0x7f,0x80,0x12,0xfe,0x13,0x00,0x34,0x7f,0xea,0x10,0x31,  // 8770
0x73,0xf6,0x0f,0x11,0xe8,0x0c,0x00,0x54,0x54,0x01,0x80,0x52,0x07,0x00,0x00,0x14,  // 8780
0xdf,0x03,0x00,0x71,0xe5,0x03,0x85,0x1a,0x70,0xf2,0x00,0x11,0x7f,0xe2,0x01,0x31,  // 8790
0xf3,0x03,0x10,0x2a,0x0a,0x0c,0x00,0x54,0xc1,0x7f,0xbe,0x0a,0xf0,0x03,0x1f,0xaa,  // 87a0
0xef,0x03,0x1f,0xaa,0xf5,0x03,0x01,0x2a,0x3f,0x00,0x10,0xeb,0x40,0x01,0x00,0x54,  // 87b0
0x4e,0x68,0xb0,0x38,0x10,0x06,0x00,0x91,0xee,0x39,0x14,0x9b,0xcf,0xc1,0x00,0xd1,  // 87c0
0xee,0xfd,0x7c,0xd3,0x2e,0xff,0xff,0xb4,0xf6,0x03,0x0f,0xaa,0xf5,0x03,0x10,0x2a,  // 87d0
0x08,0x00,0x00,0x14,0x2f,0x07,0x00,0xb4,0xee,0x09,0x0f,0x8b,0xff,0x01,0x06,0xeb,  // 87e0
0xb5,0x06,0x00,0x11,0xd6,0xf9,0x7f,0xd3,0xef,0x03,0x16,0xaa,0x63,0xff,0xff,0x54,  // 87f0
0xde,0x03,0x15,0x6b,0xcd,0x01,0x00,0x54,0xef,0x03,0x1e,0xaa,0xf0,0x03,0x02,0xaa,  // 8800
0xce,0xfe,0x7c,0xd3,0xd1,0xee,0x40,0x92,0xef,0x05,0x00,0xf1,0xce,0x05,0x1c,0x32,  // 8810
0x0e,0x02,0x00,0x39,0x0e,0xca,0xb5,0x38,0x10,0x06,0x00,0x91,0x2e,0x3a,0x14,0x9b,  // 8820
0xd6,0xc1,0x00,0xd1,0xe1,0xfe,0xff,0x54,0x02,0x00,0x00,0x14,0xfe,0x03,0x1f,0x2a,  // 8830
0x36,0x01,0x00,0xb5,0x13,0x00,0x00,0x14,0xce,0xfe,0x7c,0xd3,0xdf,0x01,0x00,0xf1,  // 8840
0x63,0x04,0x9f,0x1a,0xce,0xee,0x40,0x92,0xcf,0x09,0x0e,0x8b,0xf6,0xf9,0x7f,0xd3,  // 8850
0x8e,0x01,0x00,0xb4,0xce,0x7f,0x40,0x93,0x9f,0x00,0x0e,0xeb,0xe9,0xfe,0xff,0x54,  // 8860
0xcf,0xfe,0x7c,0xd3,0xde,0x07,0x00,0x11,0xef,0x05,0x1c,0x32,0x4f,0x68,0x2e,0x38,  // 8870
0xce,0xee,0x40,0x92,0xcf,0x09,0x0e,0x8b,0xf6,0xf9,0x7f,0xd3,0xce,0xfe,0xff,0xb5,  // 8880
0xae,0x00,0x15,0x4b,0xdf,0x07,0x00,0x71,0xc5,0x05,0x00,0x11,0xab,0xf7,0xff,0x54,  // 8890
0xfe,0x03,0x1e,0x2a,0xee,0x68,0x7e,0x38,0xdf,0xc1,0x00,0x71,0xc1,0x00,0x00,0x54,  // 88a0
0xde,0x07,0x00,0xf1,0x8c,0xff,0xff,0x54,0xfe,0x03,0x1f,0x2a,0xe5,0x03,0x1f,0x2a,  // 88b0
0xb6,0xff,0xff,0x17,0xb5,0xff,0xff,0x17,0xfe,0x03,0x1f,0x2a,0xb3,0xff,0xff,0x17,  // 88c0
0xf7,0xe7,0x42,0x29,0xfa,0x13,0x40,0xf9,0xf5,0x03,0x1f,0xaa,0x7f,0x02,0x10,0x71,  // 88d0
0x16,0x80,0x80,0x52,0x8c,0x28,0x00,0x54,0xf5,0x03,0x1f,0x2a,0x74,0x06,0x00,0x51,  // 88e0
0xbe,0x0d,0x00,0x35,0xe4,0x00,0x00,0x14,0xce,0x01,0xc0,0x5a,0xef,0x03,0x27,0xaa,  // 88f0
0xef,0x01,0x05,0x8b,0xce,0x11,0xc0,0x5a,0xeb,0x01,0x0b,0x8b,0x6b,0x01,0x0e,0xcb,  // 8900
0x73,0x01,0x13,0xcb,0x1f,0x20,0x03,0xd5,0xf5,0xc1,0x02,0x10,0xaf,0xfb,0xff,0x17,  // 8910
0xf0,0x03,0x13,0x2a,0xd6,0x7f,0xbe,0x0a,0xef,0x03,0x1f,0xaa,0xf3,0x03,0x1f,0xaa,  // 8920
0xe6,0x03,0x10,0x4b,0x50,0x01,0x80,0x52,0xdf,0x02,0x0f,0xeb,0xa0,0x03,0x00,0x54,  // 8930
0x4e,0x68,0xaf,0x38,0xef,0x05,0x00,0x91,0x6e,0x3a,0x10,0x9b,0xd3,0xc1,0x00,0xd1,  // 8940
0x6e,0x26,0xc6,0x9a,0x2e,0xff,0xff,0xb4,0xf6,0x03,0x0f,0x2a,0x0e,0x00,0x80,0x92,  // 8950
0xaf,0x00,0x16,0x4b,0xde,0x03,0x16,0x6b,0xce,0x21,0xc6,0x9a,0xe5,0x05,0x00,0x11,  // 8960
0xf4,0x03,0x2e,0xaa,0x4d,0x04,0x00,0x54,0x4f,0x01,0x80,0x52,0xf0,0x03,0x1e,0xaa,  // 8970
0xe1,0x03,0x02,0xaa,0x6e,0x26,0xc6,0x9a,0x71,0x02,0x14,0x8a,0x10,0x06,0x00,0xf1,  // 8980
0xce,0xc1,0x00,0x11,0x2e,0x00,0x00,0x39,0x2e,0xc8,0xb6,0x38,0x21,0x04,0x00,0x91,  // 8990
0x2e,0x3a,0x0f,0x9b,0xd3,0xc1,0x00,0xd1,0xe1,0xfe,0xff,0x54,0x15,0x00,0x00,0x14,  // 89a0
0xb4,0x7f,0x80,0x12,0x13,0x02,0x00,0xb4,0x6e,0x26,0xc6,0x9a,0x0e,0x01,0x00,0xb4,  // 89b0
0x0e,0x00,0x80,0x92,0xaf,0x00,0x16,0x4b,0xfe,0x03,0x1f,0x2a,0xce,0x21,0xc6,0x9a,  // 89c0
0xe5,0x05,0x00,0x11,0xf4,0x03,0x2e,0xaa,0x0b,0x00,0x00,0x14,0x6e,0x0a,0x13,0x8b,  // 89d0
0xd6,0x06,0x00,0x11,0xd3,0xf9,0x7f,0xd3,0x6e,0x26,0xc6,0x9a,0x8e,0xff,0xff,0xb4,  // 89e0
0xdb,0xff,0xff,0x17,0xf5,0x03,0x1f,0x2a,0xa3,0x00,0x00,0x14,0xfe,0x03,0x1f,0x2a,  // 89f0
0x73,0x02,0x00,0xb4,0x07,0x00,0x00,0x14,0x1f,0x02,0x00,0xf1,0x63,0x04,0x9f,0x1a,  // 8a00
0x6e,0x02,0x14,0x8a,0xcf,0x09,0x0e,0x8b,0xf3,0xf9,0x7f,0xd3,0x8e,0x01,0x00,0xb4,  // 8a10
0xcf,0x7f,0x40,0x93,0x70,0x26,0xc6,0x9a,0x9f,0x00,0x0f,0xeb,0xe9,0xfe,0xff,0x54,  // 8a20
0x0e,0xc2,0x00,0x11,0x4e,0x68,0x2f,0x38,0xde,0x07,0x00,0x11,0x6e,0x02,0x14,0x8a,  // 8a30
0xcf,0x09,0x0e,0x8b,0xf3,0xf9,0x7f,0xd3,0xce,0xfe,0xff,0xb5,0xdf,0x07,0x00,0x71,  // 8a40
0x6b,0x01,0x00,0x54,0xfe,0x03,0x1e,0x2a,0xee,0x68,0x7e,0x38,0xdf,0xc1,0x00,0x71,  // 8a50
0x01,0x02,0x00,0x54,0xde,0x07,0x00,0xf1,0x8c,0xff,0xff,0x54,0xe6,0x03,0x1f,0x2a,  // 8a60
0xf3,0x03,0x1f,0x2a,0xb4,0x7f,0x80,0x12,0x88,0x00,0x00,0x14,0xe6,0x03,0x1f,0x2a,  // 8a70
0xf3,0x03,0x1f,0x2a,0xb4,0x7f,0x80,0x12,0xfe,0x00,0x00,0x35,0x83,0x00,0x00,0x14,  // 8a80
0xf6,0x03,0x0f,0x2a,0xfd,0xfd,0xff,0x17,0xf6,0x03,0x15,0x2a,0xfb,0xfd,0xff,0x17,  // 8a90
0xb4,0x7f,0x80,0x12,0xf0,0x03,0x1f,0xaa,0xef,0x03,0x1e,0x2a,0x81,0xb1,0x82,0x52,  // 8aa0
0x1f,0x9a,0x00,0xf1,0x60,0x02,0x00,0x54,0x2e,0x00,0x00,0x90,0xce,0x31,0x1e,0x91,  // 8ab0
0x46,0x68,0x70,0x38,0xce,0x01,0x10,0x8b,0xce,0x69,0x61,0x38,0xdf,0x00,0x0e,0x6b,  // 8ac0
0xc1,0x01,0x00,0x54,0x10,0x06,0x00,0x91,0xff,0x01,0x10,0xeb,0xa1,0xfe,0xff,0x54,  // 8ad0
0x2e,0x00,0x00,0x90,0xce,0x31,0x1e,0x91,0x90,0xb1,0x82,0x52,0xce,0x01,0x0f,0x8b,  // 8ae0
0x06,0x02,0x80,0x52,0xce,0x69,0x70,0x38,0x2e,0x01,0x00,0x35,0x09,0x00,0x00,0x14,  // 8af0
0x06,0x02,0x80,0x52,0x07,0x00,0x00,0x14,0xce,0x1d,0x00,0x13,0xd0,0x1c,0x00,0x13,  // 8b00
0x06,0x02,0x80,0x52,0x1f,0x02,0x0e,0x6b,0x4a,0x00,0x00,0x54,0xe6,0x01,0x80,0x52,  // 8b10
0xd3,0x00,0x0f,0x0b,0xf1,0x03,0x17,0x2a,0xff,0x05,0x00,0x71,0x75,0x7e,0x40,0x93,  // 8b20
0x6b,0x08,0x00,0x54,0xfa,0xe7,0x02,0xb2,0xf0,0x03,0x0a,0xaa,0xea,0x03,0x1b,0xaa,  // 8b30
0xf6,0x03,0x1f,0xaa,0xb7,0x06,0x00,0xd1,0xf9,0x05,0x00,0xd1,0x18,0x40,0xff,0xd2,  // 8b40
0xba,0x99,0x99,0xf2,0x3b,0x01,0x80,0x92,0xef,0x03,0x13,0x2a,0x09,0x00,0x00,0x14,  // 8b50
0xdf,0x01,0x00,0xf1,0x63,0x04,0x9f,0x1a,0x2e,0x07,0x00,0x91,0x39,0x07,0x00,0xd1,  // 8b60
0xef,0x05,0x00,0x51,0xdf,0x05,0x00,0xf1,0xf7,0x06,0x00,0xd1,0x29,0x02,0x00,0x54,  // 8b70
0x4e,0x68,0xb9,0x38,0x9f,0x00,0x17,0xeb,0xce,0xd6,0x0e,0x8b,0xde,0x01,0x18,0x8b,  // 8b80
0xce,0x7f,0xda,0x9b,0xd6,0xfd,0x43,0xd3,0xce,0x7a,0x1b,0x9b,0x29,0xfe,0xff,0x54,  // 8b90
0xce,0xc1,0x00,0x11,0x4e,0x68,0x37,0x38,0x2e,0x07,0x00,0x91,0x39,0x07,0x00,0xd1,  // 8ba0
0xef,0x05,0x00,0x51,0xdf,0x05,0x00,0xf1,0xf7,0x06,0x00,0xd1,0x28,0xfe,0xff,0x54,  // 8bb0
0xfa,0x13,0x40,0xf9,0xf9,0x1b,0x40,0xb9,0xdf,0x2b,0x00,0xf1,0xfb,0x03,0x0a,0xaa,  // 8bc0
0x62,0x00,0x00,0x54,0xea,0x03,0x10,0xaa,0x19,0x00,0x00,0x14,0xee,0x7d,0x40,0x93,  // 8bd0
0xf7,0xe7,0x02,0xb2,0x38,0x01,0x80,0x92,0xb7,0x99,0x99,0xf2,0xea,0x03,0x10,0xaa,  // 8be0
0xcf,0x05,0x00,0xd1,0x07,0x00,0x00,0x14,0xdf,0x01,0x00,0xf1,0x63,0x04,0x9f,0x1a,  // 8bf0
0xdf,0x26,0x00,0xf1,0xef,0x05,0x00,0xd1,0xf6,0x03,0x10,0xaa,0x89,0x01,0x00,0x54,  // 8c00
0xce,0x7e,0xd7,0x9b,0x9f,0x00,0x0f,0xeb,0xd0,0xfd,0x43,0xd3,0x0e,0x5a,0x18,0x9b,  // 8c10
0xc9,0xfe,0xff,0x54,0xce,0xc1,0x00,0x11,0x4e,0x68,0x2f,0x38,0xdf,0x26,0x00,0xf1,  // 8c20
0xef,0x05,0x00,0xd1,0xf6,0x03,0x10,0xaa,0xc8,0xfe,0xff,0x54,0x9f,0x00,0x15,0xeb,  // 8c30
0xc5,0x00,0x05,0x0b,0x75,0x82,0x84,0x1a,0xbf,0x06,0x00,0x71,0x4b,0x01,0x00,0x54,  // 8c40
0xf7,0x03,0x11,0x2a,0xee,0x68,0x75,0x38,0xdf,0xc1,0x00,0x71,0x41,0x01,0x00,0x54,  // 8c50
0xb5,0x06,0x00,0xf1,0x8c,0xff,0xff,0x54,0xe6,0x03,0x1f,0x2a,0xf3,0x03,0x1f,0x2a,  // 8c60
0x0a,0x00,0x00,0x14,0xe6,0x03,0x1f,0x2a,0xf3,0x03,0x1f,0x2a,0xf7,0x03,0x11,0x2a,  // 8c70
0xd5,0x00,0x00,0x34,0xbf,0x50,0x00,0x71,0x0f,0x00,0x80,0x92,0xe6,0x03,0x05,0x2a,  // 8c80
0xf3,0x03,0x15,0x2a,0x8c,0x0a,0x00,0x54,0xdf,0x00,0x13,0x6b,0xe5,0x03,0x1f,0x2a,  // 8c90
0xe4,0x03,0x1f,0xaa,0xcf,0xb0,0x93,0x1a,0xff,0x05,0x00,0x71,0x6b,0x01,0x00,0x54,  // 8ca0
0xe4,0x03,0x1f,0xaa,0x50,0x01,0x80,0x52,0xe1,0x03,0x0f,0xaa,0xe5,0x03,0x02,0xaa,  // 8cb0
0xae,0x14,0x80,0x38,0x21,0x04,0x00,0xf1,0x8e,0x38,0x10,0x9b,0xc4,0xc1,0x00,0xd1,  // 8cc0
0x81,0xff,0xff,0x54,0xe5,0x03,0x0f,0x2a,0xcf,0x00,0x05,0x6b,0xed,0x03,0x00,0x54,  // 8cd0
0xff,0x11,0x00,0x71,0x03,0x03,0x00,0x54,0x2e,0x00,0x80,0x52,0x41,0xe0,0xd8,0x25,  // 8ce0
0xc1,0x0d,0x08,0x4e,0x4e,0x01,0x80,0x52,0xc3,0x0d,0x08,0x4e,0x22,0x1c,0xa1,0x4e,  // 8cf0
0x82,0x1c,0x08,0x4e,0xe4,0x75,0x1e,0x12,0xa5,0x00,0x04,0x0b,0xf0,0x03,0x04,0x2a,  // 8d00
0x61,0x04,0xd0,0x04,0x62,0x04,0xd0,0x04,0x10,0x12,0x00,0x71,0xa1,0xff,0xff,0x54,  // 8d10
0x43,0x38,0xc1,0x4e,0x41,0x78,0xc1,0x4e,0xff,0x01,0x04,0x6b,0x61,0x04,0xd0,0x04,  // 8d20
0x21,0xe0,0xd8,0x25,0x22,0x40,0x01,0x6e,0x41,0x04,0xd0,0x04,0x24,0x00,0x66,0x9e,  // 8d30
0xc0,0x00,0x00,0x54,0xcf,0x00,0x05,0x4b,0x8e,0x08,0x04,0x8b,0xef,0x05,0x00,0x71,  // 8d40
0xc4,0xf9,0x7f,0xd3,0xa1,0xff,0xff,0x54,0x26,0x03,0xf8,0x37,0x7f,0x02,0x06,0x6b,  // 8d50
0xed,0x02,0x00,0x54,0x4f,0x40,0x26,0x8b,0xf0,0x01,0xc0,0x39,0x1f,0xd6,0x00,0x71,  // 8d60
0xe1,0x00,0x00,0x54,0xce,0x04,0x00,0x11,0xdf,0x01,0x13,0x6b,0x81,0x00,0x00,0x54,  // 8d70
0x43,0x01,0x00,0x34,0x8f,0x04,0x00,0x91,0x0e,0x00,0x00,0x14,0x1f,0xd2,0x00,0x71,  // 8d80
0xf0,0xd7,0x9f,0x1a,0x8f,0x04,0x00,0x91,0x50,0x01,0x00,0x35,0x08,0x00,0x00,0x14,  // 8d90
0xe2,0x03,0x1a,0xaa,0x24,0x01,0x00,0x14,0xa6,0x00,0x00,0x34,0xee,0xf1,0x5f,0x38,  // 8da0
0xd0,0x01,0x00,0x12,0x8f,0x04,0x00,0x91,0x50,0x00,0x00,0x35,0xef,0x03,0x04,0xaa,  // 8db0
0x0e,0x04,0xe0,0xd2,0xff,0x01,0x0e,0xeb,0xe1,0x00,0x00,0x54,0xf5,0x03,0x1f,0xaa,  // 8dc0
0x9f,0xfe,0x0f,0x71,0x94,0x06,0x00,0x11,0x0f,0x02,0xe0,0xd2,0x16,0x80,0x80,0x52,  // 8dd0
0xa0,0x00,0x00,0x54,0xff,0x01,0x4c,0xf2,0xce,0x7f,0x80,0x12,0xf5,0x03,0x0f,0xaa,  // 8de0
0xd6,0x01,0x94,0x1a,0xce,0xfe,0x0f,0x11,0xaf,0xce,0x40,0x92,0xff,0xb6,0x00,0x71,  // 8df0
0xce,0x29,0x00,0x12,0x21,0x03,0x62,0x1e,0xfe,0x2b,0x40,0xb9,0xee,0xd1,0x0e,0xaa,  // 8e00
0x1f,0x20,0x03,0xd5,0x15,0x9a,0x02,0x10,0xcf,0x01,0x41,0xb2,0xee,0x01,0x8e,0x9a,  // 8e10
0xc2,0x01,0x67,0x9e,0x21,0x08,0x62,0x1e,0x2f,0x00,0x66,0x9e,0x10,0xfe,0xef,0xd2,  // 8e20
0xe1,0x03,0x1f,0x2a,0x83,0x00,0x80,0x52,0xee,0xf9,0x40,0x92,0xdf,0x01,0x10,0xeb,  // 8e30
0x01,0x03,0x00,0x54,0x5f,0x4f,0x00,0xf1,0x80,0x02,0x00,0x54,0x5f,0x2f,0x00,0xf1,  // 8e40
0xa0,0x00,0x00,0x54,0x5f,0x0f,0x00,0xf1,0x61,0x3f,0xfc,0x54,0x7a,0x00,0x80,0x52,  // 8e50
0x02,0x00,0x00,0x14,0x7a,0x01,0x80,0x52,0x0e,0x51,0x40,0xf9,0x4f,0x83,0x12,0xaa,  // 8e60
0xe0,0x03,0x0b,0xaa,0xe1,0x03,0x03,0x2a,0xcf,0x6d,0x00,0xa9,0x0e,0xd9,0x40,0xb9,  // 8e70
0x02,0x51,0x40,0xf9,0xce,0x05,0x00,0x11,0x4f,0x40,0x00,0x91,0x0e,0xd9,0x00,0xb9,  // 8e80
0x0f,0x51,0x00,0xf9,0x0f,0x00,0x00,0x14,0xe1,0x03,0x03,0x2a,0xef,0x03,0x1b,0xaa,  // 8e90
0x7a,0x02,0x80,0x52,0x0e,0x51,0x40,0xf9,0xe0,0x03,0x0b,0xaa,0x50,0x83,0x12,0xaa,  // 8ea0
0xfb,0x03,0x0f,0xaa,0xd0,0x3d,0x00,0xa9,0x0e,0xd9,0x40,0xb9,0x02,0x51,0x40,0xf9,  // 8eb0
0xce,0x05,0x00,0x11,0x50,0x40,0x00,0x91,0x0e,0xd9,0x00,0xb9,0x10,0x51,0x00,0xf9,  // 8ec0
0x3f,0x00,0x00,0x71,0x6b,0x01,0x80,0x52,0x63,0x01,0x81,0x1a,0x21,0x5e,0x00,0x35,  // 8ed0
0x0b,0x61,0x40,0xf9,0x4e,0x80,0x00,0x91,0xdf,0x01,0x0b,0xeb,0xa8,0x5d,0x00,0x54,  // 8ee0
0xeb,0x03,0x00,0xaa,0x72,0x15,0x40,0x38,0x5f,0x82,0x00,0x71,0xa8,0x0f,0x00,0x54,  // 8ef0
0x2e,0x00,0x80,0x52,0x0f,0xc0,0x84,0xd2,0xce,0x21,0xd2,0x9a,0x2f,0x00,0xc0,0xf2,  // 8f00
0xdf,0x01,0x0f,0xea,0xe0,0x0e,0x00,0x54,0x12,0x04,0x40,0x39,0x0b,0x08,0x00,0x91,  // 8f10
0x5f,0x82,0x00,0x71,0x68,0x0e,0x00,0x54,0x2e,0x00,0x80,0x52,0xce,0x21,0xd2,0x9a,  // 8f20
0xdf,0x01,0x0f,0xea,0xe0,0x0d,0x00,0x54,0x12,0x49,0x40,0xf9,0x6f,0x01,0x12,0xcb,  // 8f30
0xff,0xfd,0x00,0xf1,0xe8,0x00,0x00,0x54,0x0b,0x00,0x80,0x92,0x0e,0x4d,0x40,0xf9,  // 8f40
0x6b,0x21,0xcf,0x9a,0xcf,0x01,0x0b,0xea,0x81,0x03,0x00,0x54,0x4b,0x02,0x01,0x91,  // 8f50
0xa1,0xa2,0x00,0xa4,0x0f,0x04,0x80,0x52,0x62,0xa1,0x00,0xa4,0x63,0x41,0x0f,0xa4,  // 8f60
0x2e,0x21,0x00,0xd1,0xb0,0x57,0x69,0x04,0x6b,0x01,0x01,0x91,0x44,0xc0,0x20,0x05,  // 8f70
0x65,0xc0,0x20,0x05,0x84,0x06,0x80,0x05,0x85,0x06,0x80,0x05,0x24,0x30,0x24,0x05,  // 8f80
0x25,0x30,0x25,0x05,0x41,0xa0,0x04,0x24,0x62,0xa0,0x05,0x24,0xc1,0x19,0xbf,0xe5,  // 8f90
0xc2,0x15,0xbf,0xe5,0xce,0x57,0x69,0x04,0xce,0x81,0x5f,0xb8,0x10,0x82,0x5f,0xb8,  // 8fa0
0xce,0x81,0x10,0xaa,0xdf,0x05,0x00,0xb1,0x80,0xfd,0xff,0x54,0xef,0x03,0x2e,0xaa,  // 8fb0
0x72,0x01,0x01,0xd1,0x12,0x3d,0x09,0xa9,0xeb,0x01,0xc0,0xda,0x6b,0x11,0xc0,0xda,  // 8fc0
0x4b,0x02,0x0b,0x8b,0x72,0x15,0x40,0x38,0xae,0x01,0x40,0xf9,0x5f,0xb2,0x00,0x71,  // 8fd0
0xcf,0x01,0x04,0x91,0xaf,0x01,0x00,0xf9,0xe1,0x08,0x00,0x54,0x6f,0x01,0x40,0x39,  // 8fe0
0x60,0x05,0x00,0x91,0xff,0x81,0x00,0x71,0xc8,0x0c,0x00,0x54,0x2e,0x00,0x80,0x52,  // 8ff0
0x10,0xc0,0x84,0xd2,0xce,0x21,0xcf,0x9a,0x30,0x00,0xc0,0xf2,0xdf,0x01,0x10,0xea,  // 9000
0x00,0x0c,0x00,0x54,0x6b,0x05,0x40,0x39,0x00,0x04,0x00,0x91,0x7f,0x81,0x00,0x71,  // 9010
0xc8,0x0b,0x00,0x54,0x2e,0x00,0x80,0x52,0x0f,0xc0,0x84,0xd2,0xce,0x21,0xcb,0x9a,  // 9020
0x2f,0x00,0xc0,0xf2,0xdf,0x01,0x0f,0xea,0x00,0x0b,0x00,0x54,0x0b,0x49,0x40,0xf9,  // 9030
0x0f,0x00,0x0b,0xcb,0xff,0xfd,0x00,0xf1,0xe8,0x00,0x00,0x54,0x0e,0x00,0x80,0x92,  // 9040
0x10,0x4d,0x40,0xf9,0xce,0x21,0xcf,0x9a,0x0f,0x02,0x0e,0xea,0x01,0x04,0x00,0x54,  // 9050
0x60,0x01,0x01,0x91,0xe0,0xe3,0x18,0x25,0x1f,0x20,0x03,0xd5,0x4b,0x87,0x02,0x10,  // 9060
0x01,0xc0,0x38,0x25,0x60,0xa1,0x00,0xa4,0x0b,0x04,0x80,0x52,0x02,0xa0,0x00,0xa4,  // 9070
0x03,0x40,0x0b,0xa4,0x2e,0x21,0x00,0xd1,0xaf,0x57,0x69,0x04,0x00,0x00,0x01,0x91,  // 9080
0x44,0xc0,0x21,0x05,0x65,0xc0,0x21,0x05,0x84,0x06,0x80,0x05,0x85,0x06,0x80,0x05,  // 9090
0x04,0x30,0x24,0x05,0x05,0x30,0x25,0x05,0x41,0xa0,0x04,0x24,0x62,0xa0,0x05,0x24,  // 90a0
0xc1,0x19,0xbf,0xe5,0xc2,0x15,0xbf,0xe5,0xce,0x57,0x69,0x04,0xce,0x81,0x5f,0xb8,  // 90b0
0xef,0x81,0x5f,0xb8,0xce,0x81,0x0f,0xaa,0xdf,0x05,0x00,0xb1,0x80,0xfd,0xff,0x54,  // 90c0
0xef,0x03,0x2e,0xaa,0x0b,0x00,0x01,0xd1,0x0b,0x3d,0x09,0xa9,0xee,0x01,0xc0,0xda,  // 90d0
0xce,0x11,0xc0,0xda,0x60,0x01,0x0e,0x8b,0x0b,0x14,0x40,0x38,0x2b,0x00,0x00,0x14,  // 90e0
0xae,0x01,0x40,0xf9,0x5f,0xb2,0x00,0x71,0xcf,0x01,0x04,0x91,0xaf,0x01,0x00,0xf9,  // 90f0
0x60,0xf7,0xff,0x54,0x5f,0x76,0x01,0x71,0xa1,0x3e,0x00,0x54,0xe2,0x03,0x08,0xaa,  // 9100
0xef,0x7d,0x48,0xd3,0x4d,0x8c,0x4b,0xf8,0x4e,0x18,0x40,0xb9,0x52,0xc4,0x7e,0xa9,  // 9110
0x50,0x24,0x40,0xb9,0xce,0x05,0x00,0x11,0x4e,0x18,0x00,0xb9,0x0e,0x02,0x0f,0x0b,  // 9120
0xad,0x11,0x11,0x8b,0x4e,0x24,0x00,0xb9,0xae,0x05,0x40,0xf9,0x50,0x02,0x0d,0xcb,  // 9130
0x4e,0x00,0x1f,0xf8,0x0e,0xfe,0x44,0xd3,0xb0,0x01,0x40,0xf9,0xaf,0x39,0x01,0x29,  // 9140
0x0e,0x9e,0x60,0x92,0xae,0x01,0x00,0xf9,0x4d,0x80,0x5f,0xf8,0x4e,0x2c,0x40,0xb9,  // 9150
0xbf,0x01,0x0e,0xeb,0x89,0x00,0x00,0x54,0xbf,0x05,0x40,0xf1,0x0d,0xe5,0x00,0xb9,  // 9160
0xc8,0x04,0x00,0x54,0x11,0x55,0x40,0xf9,0xad,0x05,0x00,0xd1,0x0d,0x59,0x00,0xf9,  // 9170
0x3f,0x06,0x00,0xb1,0x20,0x04,0x00,0x54,0xe0,0x03,0x0b,0xaa,0x87,0xf6,0xff,0x17,  // 9180
0xeb,0x03,0x0f,0x2a,0x01,0x00,0x00,0x14,0x05,0xc0,0x84,0xd2,0xe0,0xe3,0x18,0x25,  // 9190
0x02,0xe1,0x02,0x91,0xe1,0x00,0x80,0x52,0x24,0x00,0x80,0x52,0x00,0xc0,0x38,0x25,  // 91a0
0x25,0x00,0xc0,0xf2,0x1f,0x20,0x03,0xd5,0xf5,0x7c,0x02,0x10,0x06,0x00,0x80,0x92,  // 91b0
0x07,0x04,0x80,0x52,0xf4,0x03,0x0b,0x2a,0xc2,0xf6,0xff,0x17,0xee,0x03,0x27,0xaa,  // 91c0
0xce,0x01,0x05,0x8b,0xcb,0x01,0x0b,0x8b,0x6b,0x41,0x23,0xcb,0xcd,0xfd,0xff,0x17,  // 91d0
0xee,0x03,0x27,0xaa,0xce,0x01,0x05,0x8b,0xcb,0x01,0x0b,0x8b,0x6b,0x41,0x30,0xcb,  // 91e0
0xc8,0xfd,0xff,0x17,0xee,0x03,0x27,0xaa,0xce,0x01,0x05,0x8b,0xcb,0x01,0x0b,0x8b,  // 91f0
0x6b,0x41,0x2f,0xcb,0xc3,0xfd,0xff,0x17,0xed,0x03,0x1f,0xaa,0xe0,0x03,0x0b,0xaa,  // 9200
0x3f,0xcd,0xfe,0xb5,0xac,0xf6,0xff,0x17,0x0b,0x02,0xc0,0xda,0x6b,0x11,0xc0,0xda,  // 9210
0x00,0x00,0x0b,0x8b,0x0b,0x00,0x80,0x92,0x6e,0x01,0x00,0x14,0xe2,0x03,0x1a,0xaa,  // 9220
0xe0,0x03,0x03,0xaa,0xee,0x03,0x0f,0x2a,0x81,0xcb,0x38,0x25,0x02,0xd0,0x38,0x25,  // 9230
0xce,0x01,0xc0,0xda,0x43,0xc4,0x38,0x25,0xe4,0xc3,0x38,0x25,0x1e,0xfa,0x99,0x52,  // 9240
0xc6,0xc8,0x88,0x52,0x33,0x27,0x87,0x52,0xce,0x11,0xc0,0xda,0x17,0x80,0x84,0x52,  // 9250
0xe3,0x03,0x1b,0xaa,0x00,0x00,0x0e,0x8b,0xfe,0xf9,0xb9,0x72,0xe5,0xc7,0x02,0x32,  // 9260
0xc6,0xc8,0xa8,0x72,0xe7,0xcb,0x03,0x32,0x33,0x27,0xa7,0x72,0xf4,0xc3,0x00,0x32,  // 9270
0xe4,0xfd,0x97,0x52,0xb6,0x17,0x80,0x52,0x17,0x94,0xbf,0x72,0x38,0x00,0x00,0xb0,  // 9280
0x18,0x53,0x01,0x91,0x19,0x04,0x80,0x52,0xfa,0x03,0x00,0xaa,0xf0,0x03,0x00,0xaa,  // 9290
0x4e,0x07,0x40,0x39,0x0f,0x06,0x00,0x91,0x5b,0x0b,0x00,0x91,0xdf,0xd5,0x01,0xf1,  // 92a0
0x00,0x01,0x00,0x54,0x0e,0x6b,0x6e,0x38,0xce,0x28,0x00,0x34,0xea,0x0f,0x00,0xf9,  // 92b0
0xe0,0x03,0x1b,0xaa,0x0e,0x02,0x00,0x39,0xf0,0x03,0x0f,0xaa,0x70,0x00,0x00,0x14,  // 92c0
0x5a,0x23,0x40,0xb8,0xf1,0xc3,0x01,0x32,0xea,0x0f,0x00,0xf9,0x4e,0x03,0x1e,0x0b,  // 92d0
0x2a,0x02,0x3a,0x0a,0x5f,0x01,0x0e,0x6a,0xe1,0x2f,0x00,0x54,0x2e,0x23,0x83,0x52,  // 92e0
0x2e,0x23,0xa3,0x72,0x4e,0x03,0x0e,0x0b,0xce,0x01,0x1a,0x2a,0xdf,0xc1,0x01,0x72,  // 92f0
0x21,0x2f,0x00,0x54,0x4e,0xdb,0x00,0x12,0xb1,0x00,0x0e,0x4b,0xf1,0x2b,0x00,0xb9,  // 9300
0xd1,0x01,0x06,0x0b,0xfe,0x2b,0x40,0xb9,0x31,0x02,0x1e,0x0a,0x3f,0x02,0x0a,0x6a,  // 9310
0x21,0x2e,0x00,0x54,0xf1,0x00,0x0e,0x4b,0xce,0x01,0x13,0x0b,0xce,0x01,0x11,0x0a,  // 9320
0xdf,0x01,0x0a,0x6a,0x81,0x2d,0x00,0x54,0x4e,0x0b,0xc0,0x5a,0x60,0x13,0x00,0x91,  // 9330
0x91,0x12,0x6e,0x0a,0xce,0xcd,0x00,0x12,0x31,0x0e,0x11,0x2a,0x2e,0x02,0x0e,0x0b,  // 9340
0xce,0x11,0x4e,0x2a,0xd1,0x5d,0x10,0x53,0xce,0x1d,0x00,0x12,0xda,0x21,0x11,0x2a,  // 9350
0x5f,0x03,0x02,0x71,0xa3,0x1f,0x00,0x54,0xf0,0x0d,0x00,0x91,0x5f,0xff,0x1f,0x71,  // 9360
0xa9,0x1f,0x00,0x54,0x4e,0x3b,0x40,0x51,0xdf,0x05,0x20,0x31,0x29,0x07,0x00,0x54,  // 9370
0x4e,0x7f,0x0a,0x53,0xdf,0xd9,0x00,0x71,0xe8,0x1f,0x00,0x54,0x0e,0x00,0x40,0x39,  // 9380
0xdf,0x71,0x01,0x71,0x81,0x1f,0x00,0x54,0x0e,0x04,0x40,0x39,0xdf,0xd5,0x01,0x71,  // 9390
0x21,0x1f,0x00,0x54,0x0f,0x20,0x40,0xb8,0x0e,0xfa,0x99,0x52,0xf1,0xc3,0x01,0x32,  // 93a0
0xee,0xf9,0xb9,0x72,0xee,0x01,0x0e,0x0b,0x3b,0x02,0x2f,0x0a,0x7f,0x03,0x0e,0x6a,  // 93b0
0x21,0x29,0x00,0x54,0x2e,0x23,0x83,0x52,0x2e,0x23,0xa3,0x72,0xee,0x01,0x0e,0x0b,  // 93c0
0xce,0x01,0x0f,0x2a,0xdf,0xc1,0x01,0x72,0x61,0x28,0x00,0x54,0xee,0xd9,0x00,0x12,  // 93d0
0xb1,0x00,0x0e,0x4b,0xde,0x01,0x06,0x0b,0xd1,0x03,0x11,0x0a,0x3f,0x02,0x1b,0x6a,  // 93e0
0xa1,0x27,0x00,0x54,0xf1,0x00,0x0e,0x4b,0xce,0x01,0x13,0x0b,0xce,0x01,0x11,0x0a,  // 93f0
0xdf,0x01,0x1b,0x6a,0x01,0x27,0x00,0x54,0xee,0x09,0xc0,0x5a,0x00,0x18,0x00,0x91,  // 9400
0x8f,0x12,0x6e,0x0a,0xce,0xcd,0x00,0x12,0xef,0x0d,0x0f,0x2a,0xee,0x01,0x0e,0x0b,  // 9410
0xdb,0x11,0x4e,0x2a,0x6e,0x7f,0x08,0x53,0xcf,0x1d,0x18,0x12,0xee,0x39,0x40,0x51,  // 9420
0x6f,0x1f,0x00,0x33,0xdf,0x05,0x10,0x31,0xe8,0x1a,0x00,0x54,0x04,0xc2,0x1f,0x78,  // 9430
0xff,0x01,0x02,0x71,0xfa,0x03,0x0f,0x2a,0x16,0xe2,0x1f,0x38,0x10,0x0e,0x00,0x91,  // 9440
0xe2,0xf8,0xff,0x54,0x10,0x12,0x00,0xd1,0x0f,0x16,0x00,0x38,0x0c,0x00,0x00,0x14,  // 9450
0x4e,0x7f,0x0c,0x53,0x0f,0x10,0x80,0x52,0x11,0x10,0x80,0x52,0x4f,0x2f,0x06,0x33,  // 9460
0x51,0x17,0x00,0x33,0xce,0x09,0x1b,0x32,0x0e,0xc2,0x1f,0x38,0x0e,0x06,0x00,0xd1,  // 9470
0x0f,0xd2,0x1f,0x38,0x11,0xe2,0x1f,0x38,0xf0,0x03,0x0e,0xaa,0x0e,0x00,0x40,0x39,  // 9480
0xea,0x0f,0x40,0xf9,0x1e,0xfa,0x99,0x52,0xfa,0x03,0x00,0xaa,0xfe,0xf9,0xb9,0x72,  // 9490
0xdf,0x71,0x01,0x71,0xe0,0xef,0xff,0x54,0xf1,0x03,0x0a,0xaa,0x01,0x06,0x28,0x37,  // 94a0
0x05,0xa0,0x00,0xa4,0x2a,0x21,0x00,0xd1,0xa1,0xa0,0x01,0x24,0xa2,0xa0,0x03,0x24,  // 94b0
0xe6,0x1f,0x11,0x05,0xe7,0x1f,0x12,0x05,0xc1,0x00,0x02,0x24,0xe2,0x00,0x02,0x24,  // 94c0
0x41,0x19,0xbf,0xe5,0xca,0x57,0x69,0x04,0x4f,0x81,0x5f,0xb8,0x2a,0x21,0x00,0xd1,  // 94d0
0x42,0x19,0xbf,0xe5,0xca,0x57,0x69,0x04,0x5b,0x81,0x5f,0xb8,0xee,0x05,0x00,0x51,  // 94e0
0x7f,0x03,0x0e,0x6a,0xe1,0x1f,0x00,0x54,0x6e,0x07,0x00,0x51,0xdf,0x01,0x0f,0x6a,  // 94f0
0x81,0x07,0x00,0x54,0x05,0xe2,0x00,0xe4,0x2a,0x21,0x00,0xd1,0x1a,0x80,0x00,0x91,  // 9500
0x05,0x40,0x19,0xa4,0x10,0x82,0x00,0x91,0xe0,0x03,0x1a,0xaa,0xa1,0xa0,0x01,0x24,  // 9510
0xa2,0xa0,0x03,0x24,0xe6,0x1f,0x11,0x05,0xe7,0x1f,0x12,0x05,0xc1,0x00,0x02,0x24,  // 9520
0xe2,0x00,0x02,0x24,0x41,0x19,0xbf,0xe5,0xca,0x57,0x69,0x04,0x4f,0x81,0x5f,0xb8,  // 9530
0x2a,0x21,0x00,0xd1,0x42,0x19,0xbf,0xe5,0xca,0x57,0x69,0x04,0x5b,0x81,0x5f,0xb8,  // 9540
0xee,0x05,0x00,0x51,0x7f,0x03,0x0e,0x6a,0x00,0xfd,0xff,0x54,0xe6,0x00,0x00,0x14,  // 9550
0x05,0xe2,0x00,0xe4,0x00,0x80,0x00,0x91,0x10,0x82,0x00,0x91,0x05,0xa0,0x00,0xa4,  // 9560
0x2a,0x21,0x00,0xd1,0xa6,0xc0,0x20,0x05,0xa1,0xa0,0x01,0x24,0xa2,0xa0,0x03,0x24,  // 9570
0xe6,0xc3,0x29,0x25,0xe7,0x1f,0x12,0x05,0xc3,0xa0,0x04,0x24,0xe6,0x1f,0x11,0x05,  // 9580
0xe2,0x00,0x02,0x24,0xc1,0x00,0x02,0x24,0xf0,0x1f,0x13,0x05,0x41,0x19,0xbf,0xe5,  // 9590
0xca,0x57,0x69,0x04,0x03,0x02,0x02,0x24,0x4f,0x81,0x5f,0xb8,0x2a,0x21,0x00,0xd1,  // 95a0
0x42,0x19,0xbf,0xe5,0xca,0x57,0x69,0x04,0x5b,0x81,0x5f,0xb8,0x2a,0x21,0x00,0xd1,  // 95b0
0x43,0x19,0xbf,0xe5,0xca,0x57,0x69,0x04,0x5a,0x81,0x5f,0xb8,0x4e,0x03,0x0f,0x2a,  // 95c0
0xce,0x05,0x00,0x51,0xdf,0x01,0x1b,0x6a,0xc1,0x18,0x00,0x54,0x6e,0x07,0x00,0x51,  // 95d0
0x5f,0x03,0x0e,0x6a,0x81,0x26,0x00,0x54,0xdf,0x01,0x0f,0x6a,0xa0,0xfb,0xff,0x54,  // 95e0
0x0f,0x00,0x40,0x39,0x1e,0xfa,0x99,0x52,0xfa,0x03,0x00,0xaa,0xea,0x03,0x11,0xaa,  // 95f0
0xfe,0xf9,0xb9,0x72,0xff,0x71,0x01,0x71,0xc0,0xe4,0xff,0x54,0xfa,0x03,0x1f,0xaa,  // 9600
0x1e,0x02,0x1a,0x8b,0x1b,0x00,0x1a,0x8b,0xcf,0x03,0x00,0x39,0x6e,0x07,0x40,0x39,  // 9610
0xdf,0x71,0x01,0x71,0x00,0x05,0x00,0x54,0xce,0x07,0x00,0x39,0x6e,0x0b,0x40,0x39,  // 9620
0xdf,0x71,0x01,0x71,0xe0,0x04,0x00,0x54,0xce,0x0b,0x00,0x39,0x1e,0x00,0x1a,0x8b,  // 9630
0x0f,0x02,0x1a,0x8b,0xce,0x0f,0x40,0x39,0xdf,0x71,0x01,0x71,0xe0,0x04,0x00,0x54,  // 9640
0xee,0x0d,0x00,0x39,0xce,0x13,0x40,0x39,0xdf,0x71,0x01,0x71,0xe0,0x04,0x00,0x54,  // 9650
0xee,0x11,0x00,0x39,0x1e,0x00,0x1a,0x8b,0x0f,0x02,0x1a,0x8b,0xce,0x17,0x40,0x39,  // 9660
0xdf,0x71,0x01,0x71,0xe0,0x04,0x00,0x54,0xee,0x15,0x00,0x39,0xce,0x1b,0x40,0x39,  // 9670
0xdf,0x71,0x01,0x71,0xe0,0x04,0x00,0x54,0xee,0x19,0x00,0x39,0x0f,0x00,0x1a,0x8b,  // 9680
0x1e,0x02,0x1a,0x8b,0xee,0x1d,0x40,0x39,0xdf,0x71,0x01,0x71,0xe0,0x04,0x00,0x54,  // 9690
0xce,0x1f,0x00,0x39,0x5a,0x23,0x00,0x91,0xef,0x21,0x40,0x39,0xff,0x71,0x01,0x71,  // 96a0
0x01,0xfb,0xff,0x54,0x00,0x00,0x1a,0x8b,0x10,0x02,0x1a,0x8b,0x1b,0x04,0x00,0xd1,  // 96b0
0x21,0x00,0x00,0x14,0x60,0x07,0x00,0x91,0xd0,0x07,0x00,0x91,0x1e,0x00,0x00,0x14,  // 96c0
0x0e,0x00,0x1a,0x8b,0x0f,0x02,0x1a,0x8b,0xdb,0x05,0x00,0x91,0xc0,0x09,0x00,0x91,  // 96d0
0xf0,0x09,0x00,0x91,0x18,0x00,0x00,0x14,0xdb,0x0b,0x00,0x91,0xc0,0x0f,0x00,0x91,  // 96e0
0xf0,0x0d,0x00,0x91,0x14,0x00,0x00,0x14,0x0e,0x00,0x1a,0x8b,0x0f,0x02,0x1a,0x8b,  // 96f0
0xdb,0x0d,0x00,0x91,0xc0,0x11,0x00,0x91,0xf0,0x11,0x00,0x91,0x0e,0x00,0x00,0x14,  // 9700
0xdb,0x13,0x00,0x91,0xc0,0x17,0x00,0x91,0xf0,0x15,0x00,0x91,0x0a,0x00,0x00,0x14,  // 9710
0x0e,0x00,0x1a,0x8b,0x0f,0x02,0x1a,0x8b,0xdb,0x15,0x00,0x91,0xc0,0x19,0x00,0x91,  // 9720
0xf0,0x19,0x00,0x91,0x04,0x00,0x00,0x14,0xfb,0x19,0x00,0x91,0xe0,0x1d,0x00,0x91,  // 9730
0xd0,0x1f,0x00,0x91,0x1e,0xfa,0x99,0x52,0x7a,0x07,0x00,0x91,0xea,0x03,0x11,0xaa,  // 9740
0xfe,0xf9,0xb9,0x72,0xd3,0xfe,0xff,0x17,0xef,0x03,0x1a,0x2a,0x1a,0x16,0x00,0x38,  // 9750
0x4b,0xff,0xff,0x17,0x4e,0x7f,0x06,0x53,0x0f,0x10,0x80,0x52,0x4f,0x17,0x00,0x33,  // 9760
0xce,0x05,0x1a,0x32,0x0e,0xc2,0x1f,0x38,0x0e,0x0a,0x00,0xd1,0x0f,0xd2,0x1f,0x38,  // 9770
0x42,0xff,0xff,0x17,0x0e,0x06,0x00,0xd1,0x04,0xc2,0x1f,0x78,0x16,0xe2,0x1f,0x38,  // 9780
0x3e,0xff,0xff,0x17,0xee,0x29,0x1a,0x0b,0x0f,0x10,0x80,0x52,0x11,0x10,0x80,0x52,  // 9790
0xce,0x01,0x17,0x0b,0xcf,0x45,0x0c,0x33,0xda,0x7d,0x12,0x53,0xd1,0x2d,0x06,0x33,  // 97a0
0x0e,0x10,0x80,0x52,0x6e,0x17,0x00,0x33,0x0f,0xd2,0x1f,0x38,0x4f,0x0f,0x1c,0x32,  // 97b0
0x11,0xe2,0x1f,0x38,0x0f,0xc2,0x1f,0x38,0x0e,0xf2,0x1f,0x38,0x30,0xff,0xff,0x17,  // 97c0
0x2b,0x00,0x80,0x92,0x3e,0x00,0x80,0x52,0xfa,0x03,0x02,0xaa,0xfb,0x03,0x03,0xaa,  // 97d0
0xe1,0x03,0x0b,0x4b,0x99,0xf9,0xff,0x17,0x01,0x00,0x80,0x92,0x03,0x00,0x80,0x92,  // 97e0
0xe7,0x03,0x06,0xaa,0x1f,0x40,0x00,0xf1,0xe2,0xcf,0xfe,0x54,0xd9,0xf6,0xff,0x17,  // 97f0
0xe7,0x03,0x1f,0x2a,0x01,0xe2,0x84,0x52,0xc2,0xf5,0xff,0x17,0x6b,0x01,0x01,0xcb,  // 9800
0x63,0x01,0x40,0x39,0x6e,0xc0,0x00,0x51,0xdf,0x25,0x00,0x71,0xa8,0x03,0x00,0x54,  // 9810
0xe4,0x03,0x1f,0xaa,0xe1,0x03,0x1f,0xaa,0x4b,0x01,0x80,0x52,0x8e,0x7c,0x0b,0x9b,  // 9820
0xcf,0x00,0x01,0x8b,0xce,0x41,0x23,0x8b,0xe3,0x05,0x40,0x39,0x6f,0xc0,0x00,0x51,  // 9830
0xc4,0xc1,0x00,0xd1,0xff,0x25,0x00,0x71,0x22,0x98,0x52,0xfa,0x21,0x04,0x00,0x91,  // 9840
0xe3,0xfe,0xff,0x54,0xff,0x25,0x00,0x71,0xcb,0x00,0x01,0x8b,0x48,0x02,0x00,0x54,  // 9850
0xe7,0x03,0x1f,0xaa,0xcb,0x00,0x07,0x8b,0xe7,0x04,0x00,0x91,0x6b,0x01,0x01,0x8b,  // 9860
0x63,0x05,0x40,0x39,0x6b,0xc0,0x00,0x51,0x7f,0x29,0x00,0x71,0x43,0xff,0xff,0x54,  // 9870
0xcb,0x00,0x01,0x8b,0x25,0x00,0x80,0x52,0x6b,0x01,0x07,0x8b,0xcf,0xf5,0xff,0x17,  // 9880
0xe5,0x03,0x1f,0x2a,0xe1,0x03,0x1f,0xaa,0xe7,0x03,0x1f,0x2a,0xe4,0x03,0x1f,0xaa,  // 9890
0xca,0xf5,0xff,0x17,0xe5,0x03,0x1f,0x2a,0xe7,0x03,0x1f,0x2a,0xc7,0xf5,0xff,0x17,  // 98a0
0xff,0x04,0x00,0x71,0xe1,0x03,0xff,0x54,0x4e,0x01,0x80,0x52,0x8e,0x7c,0xce,0x9b,  // 98b0
0xff,0x03,0x0e,0xeb,0xc0,0x0c,0x00,0x54,0x5f,0x00,0x00,0x71,0x0e,0x00,0x80,0x12,  // 98c0
0x27,0x00,0x80,0x52,0xd9,0x15,0x8e,0x5a,0x45,0xf8,0xff,0x17,0x43,0x01,0x80,0x52,  // 98d0
0x59,0xdf,0xff,0x17,0xea,0x0f,0x40,0xf9,0x6b,0x01,0x80,0x92,0xba,0xff,0xff,0x17,  // 98e0
0xfa,0x03,0x00,0xaa,0x41,0x03,0x40,0x39,0x3f,0x88,0x00,0x71,0x01,0x01,0x00,0x54,  // 98f0
0x40,0x07,0x00,0x91,0x0b,0x02,0x0b,0xcb,0x3e,0x00,0x80,0x52,0xfa,0x03,0x02,0xaa,  // 9900
0xfb,0x03,0x03,0xaa,0xea,0x03,0x11,0xaa,0x49,0xf9,0xff,0x17,0xe0,0x03,0x1f,0xaa,  // 9910
0x0f,0x02,0x00,0x8b,0xe1,0x01,0x00,0x39,0x41,0x03,0x00,0x8b,0x2e,0x04,0x40,0x39,  // 9920
0xdf,0x89,0x00,0x71,0x80,0x04,0x00,0x54,0xee,0x05,0x00,0x39,0x2e,0x08,0x40,0x39,  // 9930
0xdf,0x89,0x00,0x71,0xa0,0x04,0x00,0x54,0xee,0x09,0x00,0x39,0x41,0x03,0x00,0x8b,  // 9940
0x2e,0x0c,0x40,0x39,0xdf,0x89,0x00,0x71,0xc0,0x04,0x00,0x54,0xee,0x0d,0x00,0x39,  // 9950
0x2e,0x10,0x40,0x39,0xdf,0x89,0x00,0x71,0xe0,0x04,0x00,0x54,0xee,0x11,0x00,0x39,  // 9960
0x41,0x03,0x00,0x8b,0x2e,0x14,0x40,0x39,0xdf,0x89,0x00,0x71,0x00,0x05,0x00,0x54,  // 9970
0xee,0x15,0x00,0x39,0x2e,0x18,0x40,0x39,0xdf,0x89,0x00,0x71,0x20,0x05,0x00,0x54,  // 9980
0xee,0x19,0x00,0x39,0x41,0x03,0x00,0x8b,0x2e,0x1c,0x40,0x39,0xdf,0x89,0x00,0x71,  // 9990
0x40,0x05,0x00,0x54,0xee,0x1d,0x00,0x39,0x00,0x20,0x00,0x91,0x21,0x20,0x40,0x39,  // 99a0
0x3f,0x88,0x00,0x71,0x61,0xfb,0xff,0x54,0x5a,0x03,0x00,0x8b,0x10,0x02,0x00,0x8b,  // 99b0
0xd0,0xff,0xff,0x17,0x0b,0x02,0x0b,0xcb,0x6b,0x01,0x00,0x8b,0x20,0x08,0x00,0x91,  // 99c0
0x6b,0x05,0x00,0x91,0xcd,0xff,0xff,0x17,0x0b,0x02,0x0b,0xcb,0x4e,0x03,0x00,0x8b,  // 99d0
0x6b,0x01,0x00,0x8b,0xc0,0x0d,0x00,0x91,0x6b,0x09,0x00,0x91,0xc7,0xff,0xff,0x17,  // 99e0
0x0b,0x02,0x0b,0xcb,0x6b,0x01,0x00,0x8b,0x20,0x10,0x00,0x91,0x6b,0x0d,0x00,0x91,  // 99f0
0xc2,0xff,0xff,0x17,0x0b,0x02,0x0b,0xcb,0x4e,0x03,0x00,0x8b,0x6b,0x01,0x00,0x8b,  // 9a00
0xc0,0x15,0x00,0x91,0x6b,0x11,0x00,0x91,0xbc,0xff,0xff,0x17,0x0b,0x02,0x0b,0xcb,  // 9a10
0x6b,0x01,0x00,0x8b,0x20,0x18,0x00,0x91,0x6b,0x15,0x00,0x91,0xb7,0xff,0xff,0x17,  // 9a20
0x0b,0x02,0x0b,0xcb,0x4e,0x03,0x00,0x8b,0x6b,0x01,0x00,0x8b,0xc0,0x1d,0x00,0x91,  // 9a30
0x6b,0x19,0x00,0x91,0xb1,0xff,0xff,0x17,0x0b,0x02,0x0b,0xcb,0x6b,0x01,0x00,0x8b,  // 9a40
0x20,0x20,0x00,0x91,0x6b,0x1d,0x00,0x91,0xac,0xff,0xff,0x17,0x6e,0xf1,0x5f,0x38,  // 9a50
0x8f,0x08,0x04,0x8b,0x27,0x00,0x80,0x52,0xce,0xc1,0x00,0x51,0xef,0xf9,0x7f,0xd3,  // 9a60
0xce,0x7d,0x40,0x93,0xd0,0xfd,0x7f,0x93,0xef,0x01,0x0e,0xab,0x10,0x36,0x90,0x9a,  // 9a70
0x0e,0x02,0x40,0x93,0xd0,0x01,0x10,0xca,0x50,0xf5,0xfe,0xb5,0x2e,0xf5,0xfe,0xb7,  // 9a80
0xc2,0x00,0x00,0x34,0xe1,0x03,0x1f,0x2a,0xe1,0x01,0x63,0x9e,0x31,0xf7,0xff,0x17,  // 9a90
0xeb,0x03,0x00,0xaa,0xe8,0xde,0xff,0x17,0xe3,0x03,0x1f,0x2a,0xfb,0x03,0x0f,0xaa,  // 9aa0
0xeb,0xfc,0xff,0x17,0x4b,0x03,0xc0,0xda,0x3e,0x00,0x80,0x52,0xfa,0x03,0x02,0xaa,  // 9ab0
0xfb,0x03,0x03,0xaa,0xea,0x03,0x11,0xaa,0x6b,0x11,0xc0,0xda,0x00,0x00,0x0b,0x8b,  // 9ac0
0x0b,0x00,0x80,0x92,0x43,0xff,0xff,0x17,0x1f,0x20,0x03,0xd5,0x1f,0x20,0x03,0xd5,  // 9ad0
// Contents of section .rodata:
0x01,0x02,0x04,0x08,0x10,0x20,0x40,0x80,0x01,0x02,0x04,0x08,0x10,0x20,0x40,0x80,  // 9ae0
0x00,0x08,0x01,0x09,0x02,0x0a,0x03,0x0b,0x04,0x0c,0x05,0x0d,0x06,0x0e,0x07,0x0f,  // 9af0
0x00,0x00,0x34,0x26,0xf5,0x6b,0x0c,0x43,0x00,0x00,0x34,0x26,0xf5,0x6b,0x0c,0xc3,  // 9b00
0x00,0x00,0x00,0x00,0x01,0x00,0x00,0x00,0x02,0x00,0x00,0x00,0x00,0x00,0x00,0x00,  // 9b10
0x00,0x00,0x00,0x00,0x00,0x00,0xf0,0x3f,0x00,0x00,0x00,0x00,0x00,0x00,0x24,0x40,  // 9b20
0x00,0x00,0x00,0x00,0x00,0x00,0x59,0x40,0x00,0x00,0x00,0x00,0x00,0x40,0x8f,0x40,  // 9b30
0x00,0x00,0x00,0x00,0x00,0x88,0xc3,0x40,0x00,0x00,0x00,0x00,0x00,0x6a,0xf8,0x40,  // 9b40
0x00,0x00,0x00,0x00,0x80,0x84,0x2e,0x41,0x00,0x00,0x00,0x00,0xd0,0x12,0x63,0x41,  // 9b50
0x00,0x00,0x00,0x00,0x84,0xd7,0x97,0x41,0x00,0x00,0x00,0x00,0x65,0xcd,0xcd,0x41,  // 9b60
0x00,0x00,0x00,0x20,0x5f,0xa0,0x02,0x42,0x00,0x00,0x00,0xe8,0x76,0x48,0x37,0x42,  // 9b70
0x00,0x00,0x00,0xa2,0x94,0x1a,0x6d,0x42,0x00,0x00,0x40,0xe5,0x9c,0x30,0xa2,0x42,  // 9b80
0x00,0x00,0x90,0x1e,0xc4,0xbc,0xd6,0x42,0x00,0x00,0x34,0x26,0xf5,0x6b,0x0c,0x43,  // 9b90
0x00,0x80,0xe0,0x37,0x79,0xc3,0x41,0x43,0x00,0xa0,0xd8,0x85,0x57,0x34,0x76,0x43,  // 9ba0
0x00,0xc8,0x4e,0x67,0x6d,0xc1,0xab,0x43,0x00,0x3d,0x91,0x60,0xe4,0x58,0xe1,0x43,  // 9bb0
0x40,0x8c,0xb5,0x78,0x1d,0xaf,0x15,0x44,0x50,0xef,0xe2,0xd6,0xe4,0x1a,0x4b,0x44,  // 9bc0
0x92,0xd5,0x4d,0x06,0xcf,0xf0,0x80,0x44,0x53,0xe4,0x60,0xcd,0x69,0xc8,0x32,0x17,  // 9bd0
0x88,0x02,0x1c,0x08,0xa0,0xd5,0x8f,0xfa,0xb4,0x8e,0x5c,0x20,0x42,0xbd,0x7f,0x0e,  // 9be0
0x95,0x81,0x11,0x05,0x84,0xe5,0x99,0x9c,0x61,0xb2,0x73,0xa8,0x92,0xac,0x1f,0x52,  // 9bf0
0xfa,0xe1,0x55,0x06,0xe5,0x5e,0xc0,0xc3,0xf9,0x9e,0x90,0x52,0xb7,0x97,0xa7,0xe6,  // 9c00
0x78,0x5a,0xeb,0x47,0x9e,0x76,0xb0,0xf4,0x5c,0x63,0x9a,0x93,0xd2,0xbe,0x28,0x90,  // 9c10
0x8b,0x18,0xf3,0xec,0x22,0x4a,0xee,0x98,0x33,0xfc,0x80,0x38,0x87,0xee,0x32,0x74,  // 9c20
0xae,0xde,0x2f,0xa8,0xab,0xdc,0x29,0xbf,0x3f,0x3b,0xa1,0x06,0x29,0xaa,0x3f,0x11,  // 9c30
0x5a,0xd6,0x3b,0x92,0xd6,0x53,0xf4,0xee,0x07,0xc5,0x24,0xa4,0x59,0xca,0xc7,0x4a,  // 9c40
0xf8,0x65,0x65,0x1b,0x66,0xb4,0x58,0x95,0x49,0xf6,0x2d,0x0d,0xf0,0xbc,0x79,0x5d,  // 9c50
0x76,0xbf,0x3e,0xa2,0x7f,0xe1,0xae,0xba,0xdc,0x73,0x79,0x10,0x2c,0x2c,0xd8,0xf4,  // 9c60
0x53,0x6f,0xce,0x8a,0xdf,0x99,0x5a,0xe9,0x69,0xe8,0x4b,0x8a,0x9b,0x1b,0x07,0x79,  // 9c70
0x94,0x05,0xc1,0xb6,0x2b,0xa0,0xd8,0x91,0x84,0xe2,0xde,0x6c,0x82,0xe2,0x48,0x97,  // 9c80
0xf9,0x46,0x71,0xa4,0x36,0xc8,0x4e,0xb6,0x25,0x9b,0x16,0x08,0x23,0x1b,0x1b,0xfd,  // 9c90
0xb7,0x98,0x8d,0x4d,0x44,0x7a,0xe2,0xe3,0xf7,0x20,0x0e,0xe5,0xf5,0xf0,0x30,0xfe,  // 9ca0
0x72,0x7f,0x78,0xb0,0x6a,0x8c,0x6d,0x8e,0x35,0xa9,0x51,0x5e,0x33,0x2d,0xbd,0xbd,  // 9cb0
0x4f,0x9f,0x96,0x5c,0x85,0xef,0x08,0xb2,0x82,0x13,0xe6,0x35,0x80,0x78,0x2c,0xad,  // 9cc0
0x23,0x47,0xbc,0xb3,0x66,0x2b,0x8b,0xde,0x31,0xcc,0xaf,0x21,0x50,0xcb,0x3b,0x4c,  // 9cd0
0x76,0xac,0x55,0x30,0x20,0xfb,0x16,0x8b,0x3d,0xbf,0x1b,0x2a,0x24,0xbe,0x4a,0xdf,  // 9ce0
0x93,0x17,0x6b,0x3c,0xe8,0xb9,0xdc,0xad,0x0d,0xaf,0xa2,0x34,0xad,0x6d,0x1d,0xd7,  // 9cf0
0x78,0xdd,0x85,0x4b,0x62,0xe8,0x53,0xd9,0x68,0xad,0xe5,0x40,0x8c,0x64,0x72,0x86,  // 9d00
0x6b,0xaa,0x33,0x6f,0x3d,0x71,0xd4,0x87,0xc2,0x18,0x1f,0x51,0xaf,0xfd,0x0e,0x68,  // 9d10
0x06,0x95,0x00,0xcb,0x8c,0x8d,0xc9,0xa9,0xf2,0xde,0x66,0x25,0x1b,0xbd,0x12,0x02,  // 9d20
0x48,0xba,0xc0,0xfd,0xef,0xf0,0x3b,0xd4,0x57,0x4b,0x60,0xf7,0x30,0xb6,0x4b,0x01,  // 9d30
0x6d,0x74,0x98,0xfe,0x95,0x76,0xa5,0x84,0x2d,0x5e,0x38,0x35,0xbd,0xa3,0x9e,0x41,  // 9d40
0x88,0x91,0x3e,0x7e,0x3b,0xd4,0xce,0xa5,0xb9,0x75,0x86,0x82,0xac,0x4c,0x06,0x52,  // 9d50
0xea,0x35,0xce,0x5d,0x4a,0x89,0x42,0xcf,0x93,0x09,0x94,0xd1,0xeb,0xef,0x43,0x73,  // 9d60
0xb2,0xe1,0xa0,0x7a,0xce,0x95,0x89,0x81,0xf8,0x0b,0xf9,0xc5,0xe6,0xeb,0x14,0x10,  // 9d70
0x1f,0x1a,0x49,0x19,0x42,0xfb,0xeb,0xa1,0xf6,0x4e,0x77,0x77,0xe0,0x26,0x1a,0xd4,  // 9d80
0xa6,0x60,0x9b,0x9f,0x12,0xfa,0x66,0xca,0xb4,0x22,0x55,0x95,0x98,0xb0,0x20,0x89,  // 9d90
0xd0,0x38,0x82,0x47,0x97,0xb8,0x00,0xfd,0xb0,0x35,0x55,0x5d,0x5f,0x6e,0xb4,0x55,  // 9da0
0x82,0x63,0xb1,0x8c,0x5e,0x73,0x20,0x9e,0x1d,0x83,0xaa,0x34,0xf7,0x89,0x21,0xeb,  // 9db0
0x62,0xbc,0xdd,0x2f,0x36,0x90,0xa8,0xc5,0xe4,0x23,0xd5,0x01,0x75,0xec,0xe9,0xa5,  // 9dc0
0x7b,0x2b,0xd5,0xbb,0x43,0xb4,0x12,0xf7,0x6e,0x36,0x25,0x21,0xc9,0x33,0xb2,0x47,  // 9dd0
0x2d,0x3b,0x65,0x55,0xaa,0xb0,0x6b,0x9a,0x0a,0x84,0x6e,0x69,0xbb,0xc0,0x9e,0x99,  // 9de0
0xf8,0x89,0xbe,0xea,0xd4,0x9c,0x06,0xc1,0x0d,0x25,0xca,0x43,0xea,0x70,0x06,0xc0,  // 9df0
0x76,0x2c,0x6e,0x25,0x0a,0x44,0x48,0xf1,0x28,0x57,0x5e,0x6a,0x92,0x06,0x04,0x38,  // 9e00
0xca,0xdb,0x64,0x57,0x86,0x2a,0xcd,0x96,0xf2,0xec,0xf5,0x04,0x37,0x08,0x05,0xc6,  // 9e10
0xbc,0x12,0x3e,0xed,0x27,0x75,0x80,0xbc,0x2e,0x68,0x33,0xc6,0x44,0x4a,0x86,0xf7,  // 9e20
0x6b,0x97,0x8d,0xe8,0x71,0x92,0xa0,0xeb,0x1d,0x21,0xe0,0xfb,0x6a,0xee,0xb3,0x7a,  // 9e30
0xa3,0x7e,0x58,0x31,0x87,0x5b,0x44,0x93,0x64,0x29,0xd8,0xba,0x05,0xea,0x60,0x59,  // 9e40
0x4c,0x9e,0xae,0xfd,0x68,0x72,0x15,0xb8,0xbd,0x33,0x8e,0x29,0x87,0x24,0xb9,0x6f,  // 9e50
0xdf,0x45,0x1a,0x3d,0x03,0xcf,0x1a,0xe6,0x56,0xe0,0xf8,0x79,0xd4,0xb6,0xd3,0xa5,  // 9e60
0xab,0x6b,0x30,0x06,0x62,0xc1,0xd0,0x8f,0x6c,0x18,0x77,0x98,0x89,0xa4,0x48,0x8f,  // 9e70
0x96,0x86,0xbc,0x87,0xba,0xf1,0xc4,0xb3,0x87,0xde,0x94,0xfe,0xab,0xcd,0x1a,0x33,  // 9e80
0x3c,0xa8,0xab,0x29,0x29,0x2e,0xb6,0xe0,0x14,0x0b,0x1d,0x7f,0x8b,0xc0,0xf0,0x9f,  // 9e90
0x25,0x49,0x0b,0xba,0xd9,0xdc,0x71,0x8c,0xd9,0x4d,0xe4,0x5e,0xae,0xf0,0xec,0x07,  // 9ea0
0x6f,0x1b,0x8e,0x28,0x10,0x54,0x8e,0xaf,0x50,0x61,0x9d,0xf6,0xd9,0x2c,0xe8,0xc9,  // 9eb0
0x4a,0xa2,0xb1,0x32,0x14,0xe9,0x71,0xdb,0xd2,0x5c,0x22,0x3a,0x08,0x1c,0x31,0xbe,  // 9ec0
0x6e,0x05,0xaf,0x9f,0xac,0x31,0x27,0x89,0x06,0xf4,0xaa,0x48,0x0a,0x63,0xbd,0x6d,  // 9ed0
0xca,0xc6,0x9a,0xc7,0x17,0xfe,0x70,0xab,0x08,0xb1,0xd5,0xda,0xcc,0xbb,0x2c,0x09,  // 9ee0
0x7d,0x78,0x81,0xb9,0x9d,0x3d,0x4d,0xd6,0xa5,0x8e,0xc5,0x08,0x60,0xf5,0xbb,0x25,  // 9ef0
0x4e,0xeb,0xf0,0x93,0x82,0x46,0xf0,0x85,0x4e,0xf2,0xf6,0x0a,0xb8,0xf2,0x2a,0xaf,  // 9f00
0x21,0x26,0xed,0x38,0x23,0x58,0x6c,0xa7,0xe1,0xae,0xb4,0x0d,0x66,0xaf,0xf5,0x1a,  // 9f10
0xaa,0x6f,0x28,0x07,0x2c,0x6e,0x47,0xd1,0x4d,0xed,0x90,0xc8,0x9f,0x8d,0xd9,0x50,  // 9f20
0xca,0x45,0x79,0x84,0xdb,0xa4,0xcc,0x82,0xa0,0x28,0xb5,0xba,0x07,0xf1,0x0f,0xe5,  // 9f30
0x3c,0x97,0x97,0x65,0x12,0xce,0x7f,0xa3,0xc8,0x72,0x62,0xa9,0x49,0xed,0x53,0x1e,  // 9f40
0x0c,0x7d,0xfd,0xfe,0x96,0xc1,0x5f,0xcc,0x7a,0x0f,0xbb,0x13,0x9c,0xe8,0xe8,0x25,  // 9f50
0x4f,0xdc,0xbc,0xbe,0xfc,0xb1,0x77,0xff,0xac,0xe9,0x54,0x8c,0x61,0x91,0xb1,0x77,  // 9f60
0xb1,0x09,0x36,0xf7,0x3d,0xcf,0xaa,0x9f,0x17,0x24,0x6a,0xef,0xb9,0xf5,0x9d,0xd5,  // 9f70
0x1d,0x8c,0x03,0x75,0x0d,0x83,0x95,0xc7,0x1d,0xad,0x44,0x6b,0x28,0x73,0x05,0x4b,  // 9f80
0x25,0x6f,0x44,0xd2,0xd0,0xe3,0x7a,0xf9,0x32,0xec,0x0a,0x43,0xf9,0x67,0xe3,0x4e,  // 9f90
0x77,0xc5,0x6a,0x83,0x62,0xce,0xec,0x9b,0x3f,0xa7,0xcd,0x93,0xf7,0x41,0x9c,0x22,  // 9fa0
0xd5,0x76,0x45,0x24,0xfb,0x01,0xe8,0xc2,0x0f,0x11,0xc1,0x78,0x75,0x52,0x43,0x6b,  // 9fb0
0x8a,0xd4,0x56,0xed,0x79,0x02,0xa2,0xf3,0xa9,0xaa,0x78,0x6b,0x89,0x13,0x0a,0x83,  // 9fc0
0xd6,0x44,0x56,0x34,0x8c,0x41,0x45,0x98,0x53,0xd5,0x56,0xc6,0x6b,0x98,0xcc,0x23,  // 9fd0
0x0c,0xd6,0x6b,0x41,0xef,0x91,0x56,0xbe,0xa8,0x8a,0xec,0xb7,0x86,0xbe,0xbf,0x2c,  // 9fe0
0x8f,0xcb,0xc6,0x11,0x6b,0x36,0xec,0xed,0xa9,0xd6,0xf3,0x32,0x14,0xd7,0xf7,0x7b,  // 9ff0
0x39,0x3f,0x1c,0xeb,0x02,0xa2,0xb3,0x94,0x53,0xcc,0xb0,0x3f,0xd9,0xcc,0xf5,0xda,  // a000
0x07,0x4f,0xe3,0xa5,0x83,0x8a,0xe0,0xb9,0x68,0xff,0x9c,0x8f,0x0f,0x40,0xb3,0xd1,  // a010
0xc9,0x22,0x5c,0x8f,0x24,0xad,0x58,0xe8,0xa1,0x1f,0xc2,0xb9,0x09,0x08,0x10,0x23,  // a020
0xbe,0x95,0x99,0xd9,0x36,0x6c,0x37,0x91,0x8a,0xa7,0x32,0x28,0x0c,0x0a,0xd4,0xab,  // a030
0x2d,0xfb,0xff,0x8f,0x44,0x47,0x85,0xb5,0x6c,0x51,0x3f,0x32,0x8f,0x0c,0xc9,0x16,  // a040
0xf9,0xf9,0xff,0xb3,0x15,0x99,0xe6,0xe2,0xe3,0x92,0x67,0x7f,0xd9,0xa7,0x3d,0xae,  // a050
0x3b,0xfc,0x7f,0x90,0xad,0x1f,0xd0,0x8d,0x9c,0x77,0x41,0xdf,0xcf,0x11,0xcd,0x99,  // a060
0x4a,0xfb,0x9f,0xf4,0x98,0x27,0x44,0xb1,0x83,0xd5,0x11,0xd7,0x43,0x56,0x40,0x40,  // a070
0x1d,0xfa,0xc7,0x31,0x7f,0x31,0x95,0xdd,0x72,0x25,0x6b,0x66,0xea,0x35,0x28,0x48,  // a080
0x52,0xfc,0x1c,0x7f,0xef,0x3e,0x7d,0x8a,0xcf,0xee,0x05,0x00,0x65,0x43,0x32,0xda,  // a090
0x66,0x3b,0xe4,0x5e,0xab,0x8e,0x1c,0xad,0x82,0x6a,0x07,0x40,0x3e,0xd4,0xbe,0x90,  // a0a0
0x40,0x4a,0x9d,0x36,0x56,0xb2,0x63,0xd8,0x91,0xa2,0x04,0xe8,0xa6,0x44,0x77,0x5a,  // a0b0
0x68,0x4e,0x22,0xe2,0x75,0x4f,0x3e,0x87,0x36,0xcb,0x05,0xa2,0xd0,0x15,0x15,0x71,  // a0c0
0x02,0xe2,0xaa,0x5a,0x53,0xe3,0x0d,0xa9,0x03,0x3e,0x87,0xca,0x44,0x5b,0x5a,0x0d,  // a0d0
0x83,0x9a,0x55,0x31,0x28,0x5c,0x51,0xd3,0xc2,0x86,0x94,0xfe,0x0a,0x79,0x58,0xe8,  // a0e0
0x91,0x80,0xd5,0x1e,0x99,0xd9,0x12,0x84,0x72,0xa8,0x39,0xbe,0x4d,0x97,0x6e,0x62,  // a0f0
0xb6,0xe0,0x8a,0x66,0xff,0x8f,0x17,0xa5,0x8f,0x12,0xc8,0x2d,0x21,0x3d,0x0a,0xfb,  // a100
0xe3,0x98,0x2d,0x40,0xff,0x73,0x5d,0xce,0x99,0x0b,0x9d,0xbc,0x34,0x66,0xe6,0x7c,  // a110
0x8e,0x7f,0x1c,0x88,0x7f,0x68,0xfa,0x80,0x80,0x4e,0xc4,0xeb,0xc1,0xff,0x1f,0x1c,  // a120
0x72,0x9f,0x23,0x6a,0x9f,0x02,0x39,0xa1,0x20,0x62,0xb5,0x66,0xb2,0xff,0x27,0xa3,  // a130
0x4e,0x87,0xac,0x44,0x47,0x43,0x87,0xc9,0xa8,0xba,0x62,0x00,0x9f,0xff,0xf1,0x4b,  // a140
0x22,0xa9,0xd7,0x15,0x19,0x14,0xe9,0xfb,0xa9,0xb4,0x3d,0x60,0xc3,0x3f,0x77,0x6f,  // a150
0xb5,0xc9,0xa6,0xad,0x8f,0xac,0x71,0x9d,0xd3,0x21,0x4d,0x38,0xb4,0x0f,0x55,0xcb,  // a160
0x22,0x7c,0x10,0x99,0xb3,0x17,0xce,0xc4,0x48,0x6a,0x60,0x46,0xa1,0x53,0x2a,0x7e,  // a170
0x2b,0x9b,0x54,0x7f,0xa0,0x9d,0x01,0xf6,0x6d,0x42,0xfc,0xcb,0x44,0x74,0xda,0x2e,  // a180
0xfb,0xe0,0x94,0x4f,0x84,0x02,0xc1,0x99,0x08,0x53,0xfb,0xfe,0x55,0x11,0x91,0xfa,  // a190
0x39,0x19,0x7a,0x63,0x25,0x43,0x31,0xc0,0xca,0x27,0xba,0x7e,0xab,0x55,0x35,0x79,  // a1a0
0x88,0x9f,0x58,0xbc,0xee,0x93,0x3d,0xf0,0xde,0x58,0x34,0x2f,0x8b,0x55,0xc1,0x4b,  // a1b0
0xb5,0x63,0xb7,0x35,0x75,0x7c,0x26,0x96,0x16,0x6f,0x01,0xfb,0xed,0xaa,0xb1,0x9e,  // a1c0
0xa2,0x3c,0x25,0x83,0x92,0x1b,0xb0,0xbb,0xdc,0xca,0xc1,0x79,0xa9,0x15,0x5e,0x46,  // a1d0
0xcb,0x8b,0xee,0x23,0x77,0x22,0x9c,0xea,0xc9,0x1e,0x19,0xec,0x89,0xcd,0xfa,0x0b,  // a1e0
0x5f,0x17,0x75,0x76,0x8a,0x95,0xa1,0x92,0x7b,0x66,0x1f,0x67,0xec,0x80,0xf9,0xce,  // a1f0
0x36,0x5d,0x12,0x14,0xed,0xfa,0x49,0xb7,0x1a,0x40,0xe7,0x80,0x27,0xe1,0xb7,0x82,  // a200
0x84,0xf4,0x16,0x59,0xa8,0x79,0x1c,0xe5,0x10,0x88,0x90,0xb0,0xb8,0xec,0xb2,0xd1,  // a210
0xd2,0x58,0xae,0x37,0x09,0xcc,0x31,0x8f,0x15,0xaa,0xb4,0xdc,0xe6,0xa7,0x1f,0x86,  // a220
0x07,0xef,0x99,0x85,0x0b,0x3f,0xfe,0xb2,0x9a,0xd4,0xe1,0x93,0xe0,0x91,0xa7,0x67,  // a230
0xc9,0x6a,0x00,0x67,0xce,0xce,0xbd,0xdf,0xe0,0x24,0x6d,0x5c,0x2c,0xbb,0xc8,0xe0,  // a240
0xbd,0x42,0x60,0x00,0x41,0xa1,0xd6,0x8b,0x18,0x6e,0x88,0x73,0xf7,0xe9,0xfa,0x58,  // a250
0x6d,0x53,0x78,0x40,0x91,0x49,0xcc,0xae,0x9e,0x89,0x6a,0x50,0x75,0xa4,0x39,0xaf,  // a260
0x48,0x68,0x96,0x90,0xf5,0x5b,0x7f,0xda,0x03,0x96,0x42,0x52,0xc9,0x06,0x84,0x6d,  // a270
0x2d,0x01,0x5e,0x7a,0x79,0x99,0x8f,0x88,0x83,0x3b,0xd3,0xa6,0x7b,0x08,0xe5,0xc8,  // a280
0x78,0x81,0xf5,0xd8,0xd7,0x7f,0xb3,0xaa,0x64,0x0a,0x88,0x90,0x9a,0x4a,0x1e,0xfb,  // a290
0xd6,0xe1,0x32,0xcf,0xcd,0x5f,0x60,0xd5,0x7f,0x06,0x55,0x9a,0xa0,0xee,0xf2,0x5c,  // a2a0
0x26,0xcd,0x7f,0xa1,0xe0,0x3b,0x5c,0x85,0x1e,0x48,0xea,0xc0,0x48,0xaa,0x2f,0xf4,  // a2b0
0x6f,0xc0,0xdf,0xc9,0xd8,0x4a,0xb3,0xa6,0x26,0xda,0x24,0xf1,0xda,0x94,0x3b,0xf1,  // a2c0
0x8b,0xb0,0x57,0xfc,0x8e,0x1d,0x60,0xd0,0x58,0x08,0xb7,0xd6,0x08,0x3d,0xc5,0x76,  // a2d0
0x57,0xce,0xb6,0x5d,0x79,0x12,0x3c,0x82,0x6e,0xca,0x64,0x0c,0x4b,0x8c,0x76,0x54,  // a2e0
0xed,0x81,0x24,0xb5,0x17,0x17,0xcb,0xa2,0x09,0xfd,0x7d,0xcf,0x5d,0x2f,0x94,0xa9,  // a2f0
0x68,0xa2,0x6d,0xa2,0xdd,0xdc,0x7d,0xcb,0x4c,0x7c,0x5d,0x43,0x35,0x3b,0xf9,0xd3,  // a300
0x02,0x0b,0x09,0x0b,0x15,0x54,0x5d,0xfe,0xaf,0x6d,0x1a,0x4a,0x01,0xc5,0x7b,0xc4,  // a310
0xe1,0xa6,0xe5,0x26,0x8d,0x54,0xfa,0x9e,0x1b,0x09,0xa1,0x9c,0x41,0xb6,0x9a,0x35,  // a320
0x9a,0x10,0x9f,0x70,0xb0,0xe9,0xb8,0xc6,0x62,0x4b,0xc9,0x03,0xd2,0x63,0x01,0xc3,  // a330
0xc0,0xd4,0xc6,0x8c,0x1c,0x24,0x67,0xf8,0x1d,0xcf,0x5d,0x42,0x63,0xde,0xe0,0x79,  // a340
0xf8,0x44,0xfc,0xd7,0x91,0x76,0x40,0x9b,0xe4,0x42,0xf5,0x12,0xfc,0x15,0x59,0x98,  // a350
0x36,0x56,0xfb,0x4d,0x36,0x94,0x10,0xc2,0x9d,0x93,0xb2,0x17,0x7b,0x5b,0x6f,0x3e,  // a360
0xc4,0x2b,0x7a,0xe1,0x43,0xb9,0x94,0xf2,0x42,0x9c,0xcf,0xee,0x2c,0x99,0x05,0xa7,  // a370
0x5a,0x5b,0xec,0x6c,0xca,0xf3,0x9c,0x97,0x53,0x83,0x83,0x2a,0x78,0xff,0xc6,0x50,  // a380
0x31,0x72,0x27,0x08,0xbd,0x30,0x84,0xbd,0x28,0x64,0x24,0x35,0x56,0xbf,0xf8,0xa4,  // a390
0xbd,0x4e,0x31,0x4a,0xec,0x3c,0xe5,0xec,0x99,0xbe,0x36,0xe1,0x95,0x77,0x1b,0x87,  // a3a0
0x36,0xd1,0x5e,0xae,0x13,0x46,0x0f,0x94,0x3f,0x6e,0x84,0x59,0x7b,0x55,0xe2,0x28,  // a3b0
0x84,0x85,0xf6,0x99,0x98,0x17,0x13,0xb9,0xcf,0x89,0xe5,0x2f,0xda,0xea,0x1a,0x33,  // a3c0
0xe5,0x26,0x74,0xc0,0x7e,0xdd,0x57,0xe7,0x21,0x76,0xef,0x5d,0xc8,0xd2,0xf0,0x3f,  // a3d0
0x4f,0x98,0x48,0x38,0x6f,0xea,0x96,0x90,0xa9,0x53,0x6b,0x75,0x7a,0x07,0xed,0x0f,  // a3e0
0x63,0xbe,0x5a,0x06,0x0b,0xa5,0xbc,0xb4,0x94,0x28,0xc6,0x12,0x59,0x49,0xe8,0xd3,  // a3f0
0xfb,0x6d,0xf1,0xc7,0x4d,0xce,0xeb,0xe1,0x5c,0xd9,0xbb,0xab,0xd7,0x2d,0x71,0x64,  // a400
0xbd,0xe4,0xf6,0x9c,0xf0,0x60,0x33,0x8d,0xb3,0xcf,0xaa,0x96,0x4d,0x79,0x8d,0xbd,  // a410
0xec,0x9d,0x34,0xc4,0x2c,0x39,0x80,0xb0,0xa0,0x83,0x55,0xfc,0xa0,0xd7,0xf0,0xec,  // a420
0x67,0xc5,0x41,0xf5,0x77,0x47,0xa0,0xdc,0x44,0x72,0xb5,0x9d,0xc4,0x86,0x16,0xf4,  // a430
0x60,0x1b,0x49,0xf9,0xaa,0x2c,0xe4,0x89,0xd5,0xce,0x22,0xc5,0x75,0x28,0x1c,0x31,  // a440
0x39,0x62,0x9b,0xb7,0xd5,0x37,0x5d,0xac,0x8b,0x82,0x6b,0x36,0x93,0x32,0x63,0x7d,  // a450
0xc7,0x3a,0x82,0x25,0xcb,0x85,0x74,0xd7,0x97,0x31,0x03,0x02,0x9c,0xff,0x5d,0xae,  // a460
0xbc,0x64,0x71,0xf7,0x9e,0xd3,0xa8,0x86,0xfc,0xfd,0x83,0x02,0x83,0x7f,0xf5,0xd9,  // a470
0xeb,0xbd,0x4d,0xb5,0x86,0x08,0x53,0xa8,0x7b,0xfd,0x24,0xc3,0x63,0xdf,0x72,0xd0,  // a480
0x66,0x2d,0xa1,0x62,0xa8,0xca,0x67,0xd2,0x6d,0x1e,0xf7,0x59,0x9e,0xcb,0x47,0x42,  // a490
0x60,0xbc,0xa4,0x3d,0xa9,0xde,0x80,0x83,0x08,0xe6,0x74,0xf0,0x85,0xbe,0xd9,0x52,  // a4a0
0x78,0xeb,0x0d,0x8d,0x53,0x16,0x61,0xa4,0x8b,0x1f,0x92,0x6c,0x27,0x2e,0x90,0x67,  // a4b0
0x56,0x66,0x51,0x70,0xe8,0x5b,0x79,0xcd,0xb6,0x53,0xdb,0xa3,0xd8,0x1c,0xba,0x00,  // a4c0
0xf6,0xdf,0x32,0x46,0x71,0xd9,0x6b,0x80,0xa4,0x28,0xd2,0xcc,0x0e,0xa4,0xe8,0x80,  // a4d0
0xf3,0x97,0xbf,0x97,0xcd,0xcf,0x86,0xa0,0xcd,0xb2,0x06,0x80,0x12,0xcd,0x22,0x61,  // a4e0
0xf0,0x7d,0xaf,0xfd,0xc0,0x83,0xa8,0xc8,0x81,0x5f,0x08,0x20,0x57,0x80,0x6b,0x79,  // a4f0
0x6c,0x5d,0x1b,0x3d,0xb1,0xa4,0xd2,0xfa,0xb0,0x3b,0x05,0x74,0x36,0x30,0xe3,0xcb,  // a500
0x63,0x1a,0x31,0xc6,0xee,0xa6,0xc3,0x9c,0x9c,0x8a,0x06,0x11,0x44,0xfc,0xdb,0xbe,  // a510
0xfc,0x60,0xbd,0x77,0xaa,0x90,0xf4,0xc3,0x44,0x2d,0x48,0x15,0x55,0xfb,0x92,0xee,  // a520
0x3b,0xb9,0xac,0x15,0xd5,0xb4,0xf1,0xf4,0x4a,0x1c,0x4d,0x2d,0x15,0xdd,0x1b,0x75,  // a530
0xc5,0xf3,0x8b,0x2d,0x05,0x11,0x17,0x99,0x5d,0x63,0xa0,0x78,0x5a,0xd4,0x62,0xd2,  // a540
0xb6,0xf0,0xee,0x78,0x46,0xd5,0x5c,0xbf,0x34,0x7c,0xc8,0x16,0x71,0x89,0xfb,0x86,  // a550
0xe4,0xac,0x2a,0x17,0x98,0x0a,0x34,0xef,0xa0,0x4d,0x3d,0xae,0xe6,0x35,0x5d,0xd4,  // a560
0x0e,0xac,0x7a,0x0e,0x9f,0x86,0x80,0x95,0x09,0xa1,0xcc,0x59,0x60,0x83,0x74,0x89,  // a570
0x12,0x57,0x19,0xd2,0x46,0xa8,0xe0,0xba,0x4b,0xc9,0x3f,0x70,0x38,0xa4,0xd1,0x2b,  // a580
0xd7,0xac,0x9f,0x86,0x58,0xd2,0x98,0xe9,0xcf,0xdd,0x27,0x46,0xa3,0x06,0x63,0x7b,  // a590
0x06,0xcc,0x23,0x54,0x77,0x83,0xff,0x91,0x42,0xd5,0xb1,0x17,0x4c,0xc8,0x3b,0x1a,  // a5a0
0x08,0xbf,0x2c,0x29,0x55,0x64,0x7f,0xb6,0x93,0x4a,0x9e,0x1d,0x5f,0xba,0xca,0x20,  // a5b0
0xca,0xee,0x77,0x73,0x6a,0x3d,0x1f,0xe4,0x9c,0xee,0x82,0x72,0x7b,0xb4,0x7e,0x54,  // a5c0
0x3e,0xf5,0x2a,0x88,0x62,0x86,0x93,0x8e,0x43,0xaa,0x23,0x4f,0x9a,0x61,0x9e,0xe9,  // a5d0
0x8d,0xb2,0x35,0x2a,0xfb,0x67,0x38,0xb2,0xd4,0x94,0xec,0xe2,0x00,0xfa,0x05,0x64,  // a5e0
0x31,0x1f,0xc3,0xf4,0xf9,0x81,0xc6,0xde,0x04,0xdd,0xd3,0x8d,0x40,0xbc,0x83,0xde,  // a5f0
0x7e,0xf3,0xf9,0x38,0x3c,0x11,0x3c,0x8b,0x45,0xd4,0x48,0xb1,0x50,0xab,0x24,0x96,  // a600
0x5e,0x70,0x38,0x47,0x8b,0x15,0x0b,0xae,0x57,0x09,0x9b,0xdd,0x24,0xd6,0xad,0x3b,  // a610
0x76,0x8c,0x06,0x19,0xee,0xda,0x8d,0xd9,0xd6,0xe5,0x80,0x0a,0xd7,0xa5,0x4c,0xe5,  // a620
0xc9,0x17,0xa4,0xcf,0xd4,0xa8,0xf8,0x87,0x4c,0x1f,0x21,0xcd,0x4c,0xcf,0x9f,0x5e,  // a630
0xbc,0x1d,0x8d,0x03,0x0a,0xd3,0xf6,0xa9,0x1f,0x67,0x69,0x00,0x20,0xc3,0x47,0x76,  // a640
0x2b,0x65,0x70,0x84,0xcc,0x87,0x74,0xd4,0x73,0xe0,0x41,0x00,0xf4,0xd9,0xec,0x29,  // a650
0x3b,0x3f,0xc6,0xd2,0xdf,0xd4,0xc8,0x84,0x90,0x58,0x52,0x00,0x71,0x10,0x68,0xf4,  // a660
0x09,0xcf,0x77,0xc7,0x17,0x0a,0xfb,0xa5,0xb4,0xee,0x66,0x40,0x8d,0x14,0x82,0x71,  // a670
0xcc,0xc2,0x55,0xb9,0x9d,0xcc,0x79,0xcf,0x30,0x55,0x40,0x48,0xd8,0x4c,0xf1,0xc6,  // a680
0xbf,0x99,0xd5,0x93,0xe2,0x1f,0xac,0x81,0x7c,0x6a,0x50,0x5a,0x0e,0xa0,0xad,0xb8,  // a690
0x2f,0x00,0xcb,0x38,0xdb,0x27,0x17,0xa2,0x1c,0x85,0xe4,0xf0,0x11,0x08,0xd9,0xa6,  // a6a0
0x3b,0xc0,0xfd,0x06,0xd2,0xf1,0x9c,0xca,0x63,0xa6,0x1d,0x6d,0x16,0x4a,0x8f,0x90,  // a6b0
0x4a,0x30,0xbd,0x88,0x46,0x2e,0x44,0xfd,0xfe,0x87,0x32,0x04,0x4e,0x8e,0x59,0x9a,  // a6c0
0x2e,0x3e,0x76,0x15,0xec,0x9c,0x4a,0x9e,0xfd,0x29,0x3f,0x85,0xe1,0xf1,0xef,0x40,  // a6d0
0xba,0xcd,0xd3,0x1a,0x27,0x44,0xdd,0xc5,0x7c,0xf4,0x8e,0xe6,0x59,0xee,0x2b,0xd1,  // a6e0
0x28,0xc1,0x88,0xe1,0x30,0x95,0x54,0xf7,0xce,0x58,0x19,0x30,0xf8,0x74,0xbb,0x82,  // a6f0
0xb9,0x78,0xf5,0x8c,0x3e,0xdd,0x94,0x9a,0x01,0xaf,0x1f,0x3c,0x36,0x52,0x6a,0xe3,  // a700
0xe7,0xd6,0x32,0x30,0x8e,0x14,0x3a,0xc1,0xc1,0x9a,0x27,0xcb,0xc3,0xe6,0x44,0xdc,  // a710
0xa1,0x8c,0x3f,0xbc,0xb1,0x99,0x88,0xf1,0xb9,0xc0,0xf8,0x5e,0x3a,0x10,0xab,0x29,  // a720
0xe5,0xb7,0xa7,0x15,0x0f,0x60,0xf5,0x96,0xe7,0xf0,0xb6,0xf6,0x48,0xd4,0x15,0x74,  // a730
0xde,0xa5,0x11,0xdb,0x12,0xb8,0xb2,0xbc,0x21,0xad,0x64,0x34,0x5b,0x49,0x1b,0x11,  // a740
0x56,0x0f,0xd6,0x91,0x17,0x66,0xdf,0xeb,0x34,0xec,0xbe,0x00,0xd9,0x0d,0xb1,0xca,  // a750
0x95,0xc9,0x25,0xbb,0xce,0x9f,0x6b,0x93,0x42,0xa7,0xee,0x40,0x4f,0x51,0x5d,0x3d,  // a760
0xfb,0x3b,0xef,0x69,0xc2,0x87,0x46,0xb8,0x12,0x51,0x2a,0x11,0xa3,0xa5,0xb4,0x0c,  // a770
0xfa,0x0a,0x6b,0x04,0xb3,0x29,0x58,0xe6,0xab,0x72,0xba,0xea,0x85,0xe7,0xf0,0x47,  // a780
0xdc,0xe6,0xc2,0xe2,0x0f,0x1a,0xf7,0x8f,0x56,0x0f,0x69,0x65,0x67,0x21,0xed,0x59,  // a790
0x93,0xa0,0x73,0xdb,0x93,0xe0,0xf4,0xb3,0x2c,0x53,0xc3,0x3e,0xc1,0x69,0x68,0x30,  // a7a0
0xb8,0x88,0x50,0xd2,0xb8,0x18,0xf2,0xe0,0xfb,0x13,0x3a,0xc7,0x18,0x42,0x41,0x1e,  // a7b0
0x73,0x55,0x72,0x83,0x73,0x4f,0x97,0x8c,0xfa,0x98,0x08,0xf9,0x9e,0x92,0xd1,0xe5,  // a7c0
0xcf,0xea,0x4e,0x64,0x50,0x23,0xbd,0xaf,0x39,0xbf,0x4a,0xb7,0x46,0xf7,0x45,0xdf,  // a7d0
0x83,0xa5,0x62,0x7d,0x24,0x6c,0xac,0xdb,0x83,0xb7,0x8e,0x32,0x8c,0xba,0x8b,0x6b,  // a7e0
0x72,0xa7,0x5d,0xce,0x96,0xc3,0x4b,0x89,0x64,0x65,0x32,0x3f,0x2f,0xa9,0x6e,0x06,  // a7f0
0x4f,0x11,0xf5,0x81,0x7c,0xb4,0x9e,0xab,0xbd,0xfe,0xfe,0x0e,0x7b,0x53,0x0a,0xc8,  // a800
0xa2,0x55,0x72,0xa2,0x9b,0x61,0x86,0xd6,0x36,0x5f,0x5f,0xe9,0x2c,0x74,0x06,0xbd,  // a810
0x85,0x75,0x87,0x45,0x01,0xfd,0x13,0x86,0x04,0x37,0xb7,0x23,0x38,0x11,0x48,0x2c,  // a820
0xe7,0x52,0xe9,0x96,0x41,0xfc,0x98,0xa7,0xc5,0x04,0xa5,0x2c,0x86,0x15,0x5a,0xf7,  // a830
0xa0,0xa7,0xa3,0xfc,0x51,0x3b,0x7f,0xd1,0xfb,0x22,0xe7,0xdb,0x73,0x4d,0x98,0x9a,  // a840
0xc4,0x48,0xe6,0x3d,0x13,0x85,0xef,0x82,0xba,0xeb,0xe0,0xd2,0xd0,0x60,0x3e,0xc1,  // a850
0xf5,0xda,0x5f,0x0d,0x58,0x66,0xab,0xa3,0xa8,0x26,0x99,0x07,0x05,0xf9,0x8d,0x31,  // a860
0xb3,0xd1,0xb7,0x10,0xee,0x3f,0x96,0xcc,0x52,0x70,0x7f,0x49,0x46,0x77,0xf1,0xfd,  // a870
0x1f,0xc6,0xe5,0x94,0xe9,0xcf,0xbb,0xff,0x33,0xa6,0xef,0xed,0x8b,0xea,0xb6,0xfe,  // a880
0xd3,0x9b,0x0f,0xfd,0xf1,0x61,0xd5,0x9f,0xc0,0x8f,0x6b,0xe9,0x2e,0xa5,0x64,0xfe,  // a890
0xc8,0x82,0x53,0x7c,0x6e,0xba,0xca,0xc7,0xb0,0x73,0xc6,0xa3,0x7a,0xce,0xfd,0x3d,  // a8a0
0x7b,0x63,0x68,0x1b,0x0a,0x69,0xbd,0xf9,0x4e,0x08,0x5c,0xa6,0x0c,0xa1,0xbe,0x06,  // a8b0
0x2d,0x3e,0x21,0x51,0xa6,0x61,0x16,0x9c,0x62,0x0a,0xf3,0xcf,0x4f,0x49,0x6e,0x48,  // a8c0
0xb8,0x8d,0x69,0xe5,0x0f,0xfa,0x1b,0xc3,0xfa,0xcc,0xef,0xc3,0xa3,0xdb,0x89,0x5a,  // a8d0
0x26,0xf1,0xc3,0xde,0x93,0xf8,0xe2,0xf3,0x1c,0xe0,0x75,0x5a,0x46,0x29,0x96,0xf8,  // a8e0
0xb7,0x76,0x3a,0x6b,0x5c,0xdb,0x6d,0x98,0x23,0x58,0x13,0xf1,0x97,0xb3,0xbb,0xf6,  // a8f0
0x65,0x14,0x09,0x86,0x33,0x52,0x89,0xbe,0x2c,0x2e,0x58,0xed,0x7d,0xa0,0x6a,0x74,  // a900
0x7f,0x59,0x8b,0x67,0xc0,0xa6,0x2b,0xee,0xdc,0x1c,0x57,0xb4,0x4e,0xa4,0xc2,0xa8,  // a910
0xef,0x17,0xb7,0x40,0x38,0x48,0xdb,0x94,0x13,0xe4,0x6c,0x61,0x62,0x4d,0xf3,0x92,  // a920
0xeb,0xdd,0xe4,0x50,0x46,0x1a,0x12,0xba,0x17,0x1d,0xc8,0xf9,0xba,0x20,0xb0,0x77,  // a930
0x66,0x15,0x1e,0xe5,0xd7,0xa0,0x96,0xe8,0x2e,0x12,0x1d,0xdc,0x74,0x14,0xce,0x0a,  // a940
0x60,0xcd,0x32,0xef,0x86,0x24,0x5e,0x91,0xba,0x56,0x24,0x13,0x92,0x99,0x81,0x0d,  // a950
0xb8,0x80,0xff,0xaa,0xa8,0xad,0xb5,0xb5,0x69,0x6c,0xed,0x97,0xf6,0xff,0xe1,0x10,  // a960
0xe6,0x60,0xbf,0xd5,0x12,0x19,0x23,0xe3,0xc1,0x63,0xf4,0x1e,0xfa,0x3f,0x8d,0xca,  // a970
0x8f,0x9c,0x97,0xc5,0xab,0xef,0xf5,0x8d,0xb2,0x7c,0xb1,0xa6,0xf8,0x8f,0x30,0xbd,  // a980
0xb3,0x83,0xfd,0xb6,0x96,0x6b,0x73,0xb1,0xde,0xdb,0x5d,0xd0,0xf6,0xb3,0x7c,0xac,  // a990
0xa0,0xe4,0xbc,0x64,0x7c,0x46,0xd0,0xdd,0x6b,0xa9,0x3a,0x42,0x7a,0xf0,0xcd,0x6b,  // a9a0
0xe4,0x0e,0xf6,0xbe,0x0d,0x2c,0xa2,0x8a,0xc6,0x53,0xc9,0xd2,0x98,0x6c,0xc1,0x86,  // a9b0
0x9d,0x92,0xb3,0x2e,0x11,0xb7,0x4a,0xad,0xb7,0xa8,0x7b,0x07,0xbf,0xc7,0x71,0xe8,  // a9c0
0x44,0x77,0x60,0x7a,0xd5,0x64,0x9d,0xd8,0x72,0x49,0xad,0x64,0xd7,0x1c,0x47,0x11,  // a9d0
0x8b,0x4a,0x7c,0x6c,0x05,0x5f,0x62,0x87,0xcf,0x9b,0xd8,0x3d,0x0d,0xe4,0x98,0xd5,  // a9e0
0x2d,0x5d,0x9b,0xc7,0xc6,0xf6,0x3a,0xa9,0xc3,0xc2,0x4e,0x8d,0x10,0x1d,0xff,0x4a,  // a9f0
0x79,0x34,0x82,0x79,0x78,0xb4,0x89,0xd3,0xba,0x39,0x51,0x58,0x2a,0x72,0xdf,0xce,  // aa00
0xcb,0x60,0xf1,0x4b,0xcb,0x10,0x36,0x84,0x28,0x88,0x65,0xee,0xb4,0x4e,0x97,0xc2,  // aa10
0xfe,0xb8,0xed,0x1e,0xfe,0x94,0x43,0xa5,0x32,0xea,0xfe,0x29,0x62,0x22,0x3d,0x73,  // aa20
0x3e,0x27,0xa9,0xa6,0x3d,0x7a,0x94,0xce,0x5f,0x52,0x3f,0x5a,0x7d,0x35,0x06,0x08,  // aa30
0x87,0xb8,0x29,0x88,0x66,0xcc,0x1c,0x81,0xf7,0x26,0xcf,0xb0,0xdc,0xc2,0x07,0xca,  // aa40
0xa8,0x26,0x34,0x2a,0x80,0xff,0x63,0xa1,0xb5,0xf0,0x02,0xdd,0x93,0xb3,0x89,0xfc,  // aa50
0x52,0x30,0xc1,0x34,0x60,0xff,0xbc,0xc9,0xe2,0xac,0x43,0xd4,0x78,0x20,0xac,0xbb,  // aa60
0x67,0x7c,0xf1,0x41,0x38,0x3f,0x2c,0xfc,0x0d,0x4c,0xaa,0x84,0x4b,0x94,0x4b,0xd5,  // aa70
0xc0,0xed,0x36,0x29,0x83,0xa7,0x9b,0x9d,0x11,0xdf,0xd4,0x65,0x5e,0x79,0x9e,0x0a,  // aa80
0x31,0xa9,0x84,0xf3,0x63,0x91,0x02,0xc5,0xd5,0x16,0x4a,0xff,0xb5,0x17,0x46,0x4d,  // aa90
0x7d,0xd3,0x65,0xf0,0xbc,0x35,0x43,0xf6,0x45,0x4e,0x8e,0xbf,0xd1,0xce,0x4b,0x50,  // aaa0
0x2e,0xa4,0x3f,0x16,0x96,0x01,0xea,0x99,0xd6,0xe1,0x71,0x2f,0x86,0xc2,0x5e,0xe4,  // aab0
0x39,0x8d,0xcf,0x9b,0xfb,0x81,0x64,0xc0,0x4c,0x5a,0x4e,0xbb,0x27,0x73,0x76,0x5d,  // aac0
0x88,0x70,0xc3,0x82,0x7a,0xa2,0x7d,0xf0,0x6f,0xf8,0x10,0xd5,0xf8,0x07,0x6a,0x3a,  // aad0
0x55,0x26,0xba,0x91,0x8c,0x85,0x4e,0x96,0x8b,0x36,0x55,0x0a,0xf7,0x89,0x04,0x89,  // aae0
0xea,0xaf,0x28,0xb6,0xef,0x26,0xe2,0xbb,0x2e,0x84,0xea,0xcc,0x74,0xac,0x45,0x2b,  // aaf0
0xe5,0xdb,0xb2,0xa3,0xab,0xb0,0xda,0xea,0x9d,0x92,0x12,0x00,0xc9,0x8b,0x0b,0x3b,  // ab00
0x6f,0xc9,0x4f,0x46,0x6b,0xae,0xc8,0x92,0x44,0x37,0x17,0x40,0xbb,0x6e,0xce,0x09,  // ab10
0xcb,0xbb,0xe3,0x17,0x06,0xda,0x7a,0xb7,0x15,0x05,0x1d,0x10,0x6a,0x0a,0x42,0xcc,  // ab20
0xbd,0xaa,0xdc,0x9d,0x87,0x90,0x59,0xe5,0x2d,0x23,0x12,0x4a,0x82,0x46,0xa9,0x9f,  // ab30
0xb6,0xea,0xa9,0xc2,0x54,0xfa,0x57,0x8f,0xf9,0xab,0x96,0xdc,0x22,0x98,0x93,0x47,  // ab40
0x64,0x65,0x54,0xf3,0xe9,0xf8,0x2d,0xb3,0xf7,0x56,0xbc,0x93,0x2b,0x7e,0x78,0x59,  // ab50
0xbd,0x7e,0x29,0x70,0x24,0x77,0xf9,0xdf,0x5a,0xb6,0x55,0x3c,0xdb,0x4e,0xeb,0x57,  // ab60
0x36,0xef,0x19,0xc6,0x76,0xea,0xfb,0x8b,0xf1,0x23,0x6b,0x0b,0x92,0x22,0xe6,0xed,  // ab70
0x03,0x6b,0xa0,0x77,0x14,0xe5,0xfa,0xae,0xed,0xec,0x45,0x8e,0x36,0xab,0x5f,0xe9,  // ab80
0xc4,0x85,0x88,0x95,0x59,0x9e,0xb9,0xda,0x14,0xb4,0xeb,0x18,0x02,0xcb,0xdb,0x11,  // ab90
0x9b,0x53,0x75,0xfd,0xf7,0x02,0xb4,0x88,0x19,0xa1,0x26,0x9f,0xc2,0xbd,0x52,0xd6,  // aba0
0x81,0xa8,0xd2,0xfc,0xb5,0x03,0xe1,0xaa,0x5f,0x49,0xf0,0x46,0x33,0x6d,0xe7,0x4b,  // abb0
0xa2,0x52,0x07,0x7c,0xa3,0x44,0x99,0xd5,0xdb,0x2d,0x56,0x0c,0x40,0xa4,0x70,0x6f,  // abc0
0xa5,0x93,0x84,0x2d,0xe6,0xca,0x7f,0x85,0x52,0xb9,0x6b,0x0f,0x50,0xcd,0x4c,0xcb,  // abd0
0x8e,0xb8,0xe5,0xb8,0x9f,0xbd,0xdf,0xa6,0xa7,0xa7,0x46,0x13,0xa4,0x00,0x20,0x7e,  // abe0
0xb2,0x26,0x1f,0xa7,0x07,0xad,0x97,0xd0,0xc8,0x28,0x0c,0x8c,0x66,0x00,0xd4,0x8e,  // abf0
0x2f,0x78,0x73,0xc8,0x24,0xcc,0x5e,0x82,0xfa,0x32,0x0f,0x2f,0x80,0x00,0x89,0x72,  // ac00
0x3b,0x56,0x90,0xfa,0x2d,0x7f,0xf6,0xa2,0xb9,0xff,0xd2,0x3a,0xa0,0x40,0x2b,0x4f,  // ac10
0xca,0x6b,0x34,0x79,0xf9,0x1e,0xb4,0xcb,0xa8,0xbf,0x87,0x49,0xc8,0x10,0xf6,0xe2,  // ac20
0xbc,0x86,0x81,0xd7,0xb7,0x26,0xa1,0xfe,0xc9,0xd7,0xf4,0x2d,0x7d,0xca,0xd9,0x0d,  // ac30
0x36,0xf4,0xb0,0xe6,0x32,0xb8,0x24,0x9f,0xbb,0x0d,0x72,0x79,0x1c,0x3d,0x50,0x91,  // ac40
0x43,0x31,0x5d,0xa0,0x3f,0xe6,0xed,0xc6,0x2a,0x91,0xce,0x97,0x63,0x4c,0xa4,0x75,  // ac50
0x94,0x7d,0x74,0x88,0xcf,0x5f,0xa9,0xf8,0xba,0x1a,0xe1,0x3e,0xbe,0xaf,0x86,0xc9,  // ac60
0x7c,0xce,0x48,0xb5,0xe1,0xdb,0x69,0x9b,0x68,0x61,0x99,0xce,0xad,0x5b,0xe8,0xfb,  // ac70
0x1b,0x02,0x9b,0x22,0xda,0x52,0x44,0xc2,0xc3,0xb9,0x3f,0x42,0x99,0x72,0xe2,0xfa,  // ac80
0xa2,0xc2,0x41,0xab,0x90,0x67,0xd5,0xf2,0x1a,0xd4,0x67,0xc9,0x9f,0x87,0xcd,0xdc,  // ac90
0xa5,0x19,0x09,0x6b,0xba,0x60,0xc5,0x97,0x20,0xc9,0xc1,0xbb,0x87,0xe9,0x00,0x54,  // aca0
0x0f,0x60,0xcb,0x05,0xe9,0xb8,0xb6,0xbd,0x68,0x3b,0xb2,0xaa,0xe9,0x23,0x01,0x29,  // acb0
0x13,0x38,0x3e,0x47,0x23,0x67,0x24,0xed,0x21,0x65,0xaf,0x0a,0x72,0xb6,0xa0,0xf9,  // acc0
0x0b,0xe3,0x86,0x0c,0x76,0xc0,0x36,0x94,0x69,0x3e,0x5b,0x8d,0x0e,0xe4,0x08,0xf8,  // acd0
0xce,0x9b,0xa8,0x8f,0x93,0x70,0x44,0xb9,0x04,0x0e,0xb2,0x30,0x12,0x1d,0x0b,0xb6,  // ace0
0xc2,0xc2,0x92,0x73,0xb8,0x8c,0x95,0xe7,0xc2,0x48,0x6f,0x5e,0x2b,0xf2,0xc6,0xb1,  // acf0
0xb9,0xb9,0x3b,0x48,0xf3,0x77,0xbd,0x90,0xf3,0x1a,0x0b,0x36,0xb6,0xae,0x38,0x1e,  // ad00
0x28,0xa8,0x4a,0x1a,0xf0,0xd5,0xec,0xb4,0xb0,0xe1,0x8d,0xc3,0x63,0xda,0xc6,0x25,  // ad10
0x32,0x52,0xdd,0x20,0x6c,0x0b,0x28,0xe2,0x0e,0xad,0x38,0x5a,0x7e,0x48,0x9c,0x57,  // ad20
0x5f,0x53,0x8a,0x94,0x23,0x07,0x59,0x8d,0x51,0xd8,0xc6,0xf0,0x9d,0x5a,0x83,0x2d,  // ad30
0x37,0xe8,0xac,0x79,0xec,0x48,0xaf,0xb0,0x65,0x8e,0xf8,0x6c,0x45,0x31,0xe4,0xf8,  // ad40
0x44,0x22,0x18,0x98,0x27,0x1b,0xdb,0xdc,0xff,0x58,0x1b,0x64,0xcb,0x9e,0x8e,0x1b,  // ad50
0x6b,0x15,0x0f,0xbf,0xf8,0xf0,0x08,0x8a,0x3f,0x2f,0x22,0x3d,0x7e,0x46,0x72,0xe2,  // ad60
0xc5,0xda,0xd2,0xee,0x36,0x2d,0x8b,0xac,0x0f,0xbb,0x6a,0xcc,0x1d,0xd8,0x0e,0x5b,  // ad70
0x77,0x91,0x87,0xaa,0x84,0xf8,0xad,0xd7,0xe9,0xb4,0xc2,0x9f,0x12,0x47,0xe9,0x98,  // ad80
0xea,0xba,0x94,0xea,0x52,0xbb,0xcc,0x86,0x24,0x62,0xb3,0x47,0xd7,0x98,0x23,0x3f,  // ad90
0xa5,0xe9,0x39,0xa5,0x27,0xea,0x7f,0xa8,0xad,0x3a,0xa0,0x19,0x0d,0x7f,0xec,0x8e,  // ada0
0x0e,0x64,0x88,0x8e,0xb1,0xe4,0x9f,0xd2,0xac,0x24,0x04,0x30,0x68,0xcf,0x53,0x19,  // adb0
0x89,0x3e,0x15,0xf9,0xee,0xee,0xa3,0x83,0xd7,0x2d,0x05,0x3c,0x42,0xc3,0xa8,0x5f,  // adc0
0x2b,0x8e,0x5a,0xb7,0xaa,0xea,0x8c,0xa4,0x4d,0x79,0x06,0xcb,0x12,0xf4,0x92,0x37,  // add0
0xb6,0x31,0x31,0x65,0x55,0x25,0xb0,0xcd,0xd0,0x0b,0xe4,0xbe,0x8b,0xd8,0xbb,0xe2,  // ade0
0x11,0xbf,0x3e,0x5f,0x55,0x17,0x8e,0x80,0xc4,0x0e,0x9d,0xae,0xae,0xce,0x6a,0x5b,  // adf0
0xd6,0x6e,0x0e,0xb7,0x2a,0x9d,0xb1,0xa0,0x75,0x52,0x44,0x5a,0x5a,0x82,0x45,0xf2,  // ae00
0x8b,0x0a,0xd2,0x64,0x75,0x04,0xde,0xc8,0x12,0x67,0xd5,0xf0,0xf0,0xe2,0xd6,0xee,  // ae10
0x2e,0x8d,0x06,0xbe,0x92,0x85,0x15,0xfb,0x6b,0x60,0x85,0x96,0xd6,0x4d,0x46,0x55,  // ae20
0x3d,0x18,0xc4,0xb6,0x7b,0x73,0xed,0x9c,0x86,0xb8,0x26,0x3c,0x4c,0xe1,0x97,0xaa,  // ae30
0x4c,0x1e,0x75,0xa4,0x5a,0xd0,0x28,0xc4,0xa8,0x66,0x30,0x4b,0x9f,0xd9,0x3d,0xd5,  // ae40
0xdf,0x65,0x92,0x4d,0x71,0x04,0x33,0xf5,0x29,0x40,0xfe,0x8e,0x03,0xa8,0x46,0xe5,  // ae50
0xab,0x7f,0x7b,0xd0,0xc6,0xe2,0x3f,0x99,0x33,0xd0,0xbd,0x72,0x04,0x52,0x98,0xde,  // ae60
0x96,0x5f,0x9a,0x84,0x78,0xdb,0x8f,0xbf,0x40,0x44,0x6d,0x8f,0x85,0x66,0x3e,0x96,  // ae70
0x7c,0xf7,0xc0,0xa5,0x56,0xd2,0x73,0xef,0xa8,0x4a,0xa4,0x79,0x13,0x00,0xe7,0xdd,  // ae80
0xad,0x9a,0x98,0x27,0x76,0x63,0xa8,0x95,0x52,0x5d,0x0d,0x58,0x18,0xc0,0x60,0x55,  // ae90
0x59,0xc1,0x7e,0xb1,0x53,0x7c,0x12,0xbb,0xa6,0xb4,0x10,0x6e,0x1e,0xf0,0xb8,0xaa,  // aea0
0xaf,0x71,0xde,0x9d,0x68,0x1b,0xd7,0xe9,0xe8,0x70,0xca,0x04,0x13,0x96,0xb3,0xca,  // aeb0
0x0d,0x07,0xab,0x62,0x21,0x71,0x26,0x92,0x22,0x0d,0xfd,0xc5,0x97,0x7b,0x60,0x3d,  // aec0
0xd1,0xc8,0x55,0xbb,0x69,0x0d,0xb0,0xb6,0x6a,0x50,0x7c,0xb7,0x7d,0x9a,0xb8,0x8c,  // aed0
0x05,0x3b,0x2b,0x2a,0xc4,0x10,0x5c,0xe4,0x42,0xb2,0xad,0x92,0x8e,0x60,0xf3,0x77,  // aee0
0xe3,0x04,0x5b,0x9a,0x7a,0x8a,0xb9,0x8e,0xd3,0x1e,0x59,0x37,0xb2,0x38,0xf0,0x55,  // aef0
0x1c,0xc6,0xf1,0x40,0x19,0xed,0x67,0xb2,0x88,0x66,0x2f,0xc5,0xde,0x46,0x6c,0x6b,  // af00
0xa3,0x37,0x2e,0x91,0x5f,0xe8,0x01,0xdf,0x15,0xa0,0x3d,0x3b,0x4b,0xac,0x23,0x23,  // af10
0xc6,0xe2,0xbc,0xba,0x3b,0x31,0x61,0x8b,0x1a,0x08,0x0d,0x0a,0x5e,0x97,0xec,0xab,  // af20
0x77,0x1b,0x6c,0xa9,0x8a,0x7d,0x39,0xae,0x21,0x4a,0x90,0x8c,0x35,0xbd,0xe7,0x96,  // af30
0x55,0x22,0xc7,0x53,0xed,0xdc,0xc7,0xd9,0x54,0x2e,0xda,0x77,0x41,0xd6,0x50,0x7e,  // af40
0x75,0x75,0x5c,0x54,0x14,0xea,0x1c,0x88,0xe9,0xb9,0xd0,0xd5,0xd1,0x0b,0xe5,0xdd,  // af50
0xd2,0x92,0x73,0x69,0x99,0x24,0x24,0xaa,0x64,0xe8,0x44,0x4b,0xc6,0x4e,0x5e,0x95,  // af60
0x87,0x77,0xd0,0xc3,0xbf,0x2d,0xad,0xd4,0x3e,0x11,0x0b,0xef,0x3b,0xf1,0x5a,0xbd,  // af70
0xb4,0x4a,0x62,0xda,0x97,0x3c,0xec,0x84,0x8e,0xd5,0xcd,0xea,0x8a,0xad,0xb1,0xec,  // af80
0x61,0xdd,0xfa,0xd0,0xbd,0x4b,0x27,0xa6,0xf2,0x4a,0x81,0xa5,0xed,0x18,0xde,0x67,  // af90
0xba,0x94,0x39,0x45,0xad,0x1e,0xb1,0xcf,0xd7,0xce,0x70,0x87,0x94,0xcf,0xea,0x80,  // afa0
0xf4,0xfc,0x43,0x4b,0x2c,0xb3,0xce,0x81,0x8d,0x02,0x4d,0xa9,0x79,0x83,0x25,0xa1,  // afb0
0x31,0xfc,0x14,0x5e,0xf7,0x5f,0x42,0xa2,0x30,0x43,0xa0,0x13,0x58,0xe4,0x6e,0x09,  // afc0
0x3e,0x3b,0x9a,0x35,0xf5,0xf7,0xd2,0xca,0xfc,0x53,0x88,0x18,0x6e,0x9d,0xca,0x8b,  // afd0
0x0d,0xca,0x00,0x83,0xf2,0xb5,0x87,0xfd,0x7d,0x34,0x55,0xcf,0x64,0xa2,0x5e,0x77,  // afe0
0x48,0x7e,0xe0,0x91,0xb7,0xd1,0x74,0x9e,0x9d,0x81,0x2a,0x03,0xfe,0x4a,0x36,0x95,  // aff0
0xda,0x9d,0x58,0x76,0x25,0x06,0x12,0xc6,0x04,0x22,0xf5,0x83,0xbd,0xdd,0x83,0x3a,  // b000
0x51,0xc5,0xee,0xd3,0xae,0x87,0x96,0xf7,0x42,0x35,0x79,0x72,0x96,0x6a,0x92,0xc4,  // b010
0x52,0x3b,0x75,0x44,0xcd,0x14,0xbe,0x9a,0x93,0x82,0x17,0x0f,0x3c,0x05,0xb7,0x75,  // b020
0x27,0x8a,0x92,0x95,0x00,0x9a,0x6d,0xc1,0x38,0x63,0xdd,0x12,0x8b,0xc6,0x24,0x53,  // b030
0xb1,0x2c,0xf7,0xba,0x80,0x00,0xc9,0xf1,0x03,0x5e,0xca,0xeb,0x16,0xfc,0xf6,0xd3,  // b040
0xee,0x7b,0xda,0x74,0x50,0xa0,0x1d,0x97,0x84,0xf5,0xbc,0xa6,0x1c,0xbb,0xf4,0x88,  // b050
0xea,0x1a,0x11,0x92,0x64,0x08,0xe5,0xbc,0xe5,0x32,0x6c,0xd0,0xe3,0xe9,0x31,0x2b,  // b060
0xa5,0x61,0x95,0xb6,0x7d,0x4a,0x1e,0xec,0xcf,0x9f,0x43,0x62,0x2e,0x32,0xff,0x3a,  // b070
0x07,0x5d,0x1d,0x92,0x8e,0xee,0x92,0x93,0xc2,0x87,0xd4,0xfa,0xb9,0xfe,0xbe,0x09,  // b080
0x49,0xb4,0xa4,0x36,0x32,0xaa,0x77,0xb8,0xb3,0xa9,0x89,0x79,0x68,0xbe,0x2e,0x4c,  // b090
0x5b,0xe1,0x4d,0xc4,0xbe,0x94,0x95,0xe6,0x10,0x0a,0xf6,0x4b,0x01,0x37,0x9d,0x0f,  // b0a0
0xd9,0xac,0xb0,0x3a,0xf7,0x7c,0x1d,0x90,0x94,0x8c,0xf3,0x9e,0xc1,0x84,0x84,0x53,  // b0b0
0x0f,0xd8,0x5c,0x09,0x35,0xdc,0x24,0xb4,0xb9,0x6f,0xb0,0x06,0xf2,0xa5,0x65,0x28,  // b0c0
0x13,0x0e,0xb4,0x4b,0x42,0x13,0x2e,0xe1,0xd3,0x45,0x2e,0x44,0xb7,0x87,0x3f,0xf9,  // b0d0
0xcb,0x88,0x50,0x6f,0x09,0xcc,0xbc,0x8c,0x48,0xd7,0x39,0x15,0xa5,0x69,0x8f,0xf7,  // b0e0
0xfe,0xaa,0x24,0xcb,0x0b,0xff,0xeb,0xaf,0x1b,0x4d,0x88,0x5a,0x0e,0x44,0x73,0xb5,  // b0f0
0xbe,0xd5,0xed,0xbd,0xce,0xfe,0xe6,0xdb,0x30,0x30,0x95,0xf8,0x88,0x0a,0x68,0x31,  // b100
0x97,0xa5,0xb4,0x36,0x41,0x5f,0x70,0x89,0x3d,0x7c,0xba,0x36,0x2b,0x0d,0xc2,0xfd,  // b110
0xfc,0xce,0x61,0x84,0x11,0x77,0xcc,0xab,0x4c,0x1b,0x69,0x04,0x76,0x90,0x32,0x3d,  // b120
0xbc,0x42,0x7a,0xe5,0xd5,0x94,0xbf,0xd6,0x0f,0xb1,0xc1,0xc2,0x49,0x9a,0x3f,0xa6,  // b130
0xb5,0x69,0x6c,0xaf,0x05,0xbd,0x37,0x86,0x53,0x1d,0x72,0x33,0xdc,0x80,0xcf,0x0f,  // b140
0x23,0x84,0x47,0x1b,0x47,0xac,0xc5,0xa7,0xa8,0xa4,0x4e,0x40,0x13,0x61,0xc3,0xd3,  // b150
0x2b,0x65,0x19,0xe2,0x58,0x17,0xb7,0xd1,0xe9,0x26,0x31,0x08,0xac,0x1c,0x5a,0x64,  // b160
0x3b,0xdf,0x4f,0x8d,0x97,0x6e,0x12,0x83,0xa3,0x70,0x3d,0x0a,0xd7,0xa3,0x70,0x3d,  // b170
0x0a,0xd7,0xa3,0x70,0x3d,0x0a,0xd7,0xa3,0xcc,0xcc,0xcc,0xcc,0xcc,0xcc,0xcc,0xcc,  // b180
0xcc,0xcc,0xcc,0xcc,0xcc,0xcc,0xcc,0xcc,0x00,0x00,0x00,0x00,0x00,0x00,0x00,0x00,  // b190
0x00,0x00,0x00,0x00,0x00,0x00,0x00,0x80,0x00,0x00,0x00,0x00,0x00,0x00,0x00,0x00,  // b1a0
0x00,0x00,0x00,0x00,0x00,0x00,0x00,0xa0,0x00,0x00,0x00,0x00,0x00,0x00,0x00,0x00,  // b1b0
0x00,0x00,0x00,0x00,0x00,0x00,0x00,0xc8,0x00,0x00,0x00,0x00,0x00,0x00,0x00,0x00,  // b1c0
0x00,0x00,0x00,0x00,0x00,0x00,0x00,0xfa,0x00,0x00,0x00,0x00,0x00,0x00,0x00,0x00,  // b1d0
0x00,0x00,0x00,0x00,0x00,0x00,0x40,0x9c,0x00,0x00,0x00,0x00,0x00,0x00,0x00,0x00,  // b1e0
0x00,0x00,0x00,0x00,0x00,0x00,0x50,0xc3,0x00,0x00,0x00,0x00,0x00,0x00,0x00,0x00,  // b1f0
0x00,0x00,0x00,0x00,0x00,0x00,0x24,0xf4,0x00,0x00,0x00,0x00,0x00,0x00,0x00,0x00,  // b200
0x00,0x00,0x00,0x00,0x00,0x80,0x96,0x98,0x00,0x00,0x00,0x00,0x00,0x00,0x00,0x00,  // b210
0x00,0x00,0x00,0x00,0x00,0x20,0xbc,0xbe,0x00,0x00,0x00,0x00,0x00,0x00,0x00,0x00,  // b220
0x00,0x00,0x00,0x00,0x00,0x28,0x6b,0xee,0x00,0x00,0x00,0x00,0x00,0x00,0x00,0x00,  // b230
0x00,0x00,0x00,0x00,0x00,0xf9,0x02,0x95,0x00,0x00,0x00,0x00,0x00,0x00,0x00,0x00,  // b240
0x00,0x00,0x00,0x00,0x40,0xb7,0x43,0xba,0x00,0x00,0x00,0x00,0x00,0x00,0x00,0x00,  // b250
0x00,0x00,0x00,0x00,0x10,0xa5,0xd4,0xe8,0x00,0x00,0x00,0x00,0x00,0x00,0x00,0x00,  // b260
0x00,0x00,0x00,0x00,0x2a,0xe7,0x84,0x91,0x00,0x00,0x00,0x00,0x00,0x00,0x00,0x00,  // b270
0x00,0x00,0x00,0x80,0xf4,0x20,0xe6,0xb5,0x00,0x00,0x00,0x00,0x00,0x00,0x00,0x00,  // b280
0x00,0x00,0x00,0xa0,0x31,0xa9,0x5f,0xe3,0x00,0x00,0x00,0x00,0x00,0x00,0x00,0x00,  // b290
0x00,0x00,0x00,0x04,0xbf,0xc9,0x1b,0x8e,0x00,0x00,0x00,0x00,0x00,0x00,0x00,0x00,  // b2a0
0x00,0x00,0x00,0xc5,0x2e,0xbc,0xa2,0xb1,0x00,0x00,0x00,0x00,0x00,0x00,0x00,0x00,  // b2b0
0x00,0x00,0x40,0x76,0x3a,0x6b,0x0b,0xde,0x00,0x00,0x00,0x00,0x00,0x00,0x00,0x00,  // b2c0
0x00,0x00,0xe8,0x89,0x04,0x23,0xc7,0x8a,0x00,0x00,0x00,0x00,0x00,0x00,0x00,0x00,  // b2d0
0x00,0x00,0x62,0xac,0xc5,0xeb,0x78,0xad,0x00,0x00,0x00,0x00,0x00,0x00,0x00,0x00,  // b2e0
0x00,0x80,0x7a,0x17,0xb7,0x26,0xd7,0xd8,0x00,0x00,0x00,0x00,0x00,0x00,0x00,0x00,  // b2f0
0x00,0x90,0xac,0x6e,0x32,0x78,0x86,0x87,0x00,0x00,0x00,0x00,0x00,0x00,0x00,0x00,  // b300
0x00,0xb4,0x57,0x0a,0x3f,0x16,0x68,0xa9,0x00,0x00,0x00,0x00,0x00,0x00,0x00,0x00,  // b310
0x00,0xa1,0xed,0xcc,0xce,0x1b,0xc2,0xd3,0x00,0x00,0x00,0x00,0x00,0x00,0x00,0x00,  // b320
0xa0,0x84,0x14,0x40,0x61,0x51,0x59,0x84,0x00,0x00,0x00,0x00,0x00,0x00,0x00,0x00,  // b330
0xc8,0xa5,0x19,0x90,0xb9,0xa5,0x6f,0xa5,0x00,0x00,0x00,0x00,0x00,0x00,0x00,0x00,  // b340
0x3a,0x0f,0x20,0xf4,0x27,0x8f,0xcb,0xce,0x00,0x00,0x00,0x00,0x00,0x00,0x00,0x40,  // b350
0x84,0x09,0x94,0xf8,0x78,0x39,0x3f,0x81,0x00,0x00,0x00,0x00,0x00,0x00,0x00,0x50,  // b360
0xe5,0x0b,0xb9,0x36,0xd7,0x07,0x8f,0xa1,0x00,0x00,0x00,0x00,0x00,0x00,0x00,0xa4,  // b370
0xde,0x4e,0x67,0x04,0xcd,0xc9,0xf2,0xc9,0x00,0x00,0x00,0x00,0x00,0x00,0x00,0x4d,  // b380
0x96,0x22,0x81,0x45,0x40,0x7c,0x6f,0xfc,0x00,0x00,0x00,0x00,0x00,0x00,0x20,0xf0,  // b390
0x9d,0xb5,0x70,0x2b,0xa8,0xad,0xc5,0x9d,0x00,0x00,0x00,0x00,0x00,0x00,0x28,0x6c,  // b3a0
0x05,0xe3,0x4c,0x36,0x12,0x19,0x37,0xc5,0x00,0x00,0x00,0x00,0x00,0x00,0x32,0xc7,  // b3b0
0xc6,0x1b,0xe0,0xc3,0x56,0xdf,0x84,0xf6,0x00,0x00,0x00,0x00,0x00,0x40,0x7f,0x3c,  // b3c0
0x5c,0x11,0x6c,0x3a,0x96,0x0b,0x13,0x9a,0x00,0x00,0x00,0x00,0x00,0x10,0x9f,0x4b,  // b3d0
0xb3,0x15,0x07,0xc9,0x7b,0xce,0x97,0xc0,0x00,0x00,0x00,0x00,0x00,0xd4,0x86,0x1e,  // b3e0
0x20,0xdb,0x48,0xbb,0x1a,0xc2,0xbd,0xf0,0x00,0x00,0x00,0x00,0x80,0x44,0x14,0x13,  // b3f0
0xf4,0x88,0x0d,0xb5,0x50,0x99,0x76,0x96,0x00,0x00,0x00,0x00,0xa0,0x55,0xd9,0x17,  // b400
0x31,0xeb,0x50,0xe2,0xa4,0x3f,0x14,0xbc,0x00,0x00,0x00,0x00,0x08,0xab,0xcf,0x5d,  // b410
0xfd,0x25,0xe5,0x1a,0x8e,0x4f,0x19,0xeb,0x00,0x00,0x00,0x00,0xe5,0xca,0xa1,0x5a,  // b420
0xbe,0x37,0xcf,0xd0,0xb8,0xd1,0xef,0x92,0x00,0x00,0x00,0x40,0x9e,0x3d,0x4a,0xf1,  // b430
0xad,0x05,0x03,0x05,0x27,0xc6,0xab,0xb7,0x00,0x00,0x00,0xd0,0x05,0xcd,0x9c,0x6d,  // b440
0x19,0xc7,0x43,0xc6,0xb0,0xb7,0x96,0xe5,0x00,0x00,0x00,0xa2,0x23,0x00,0x82,0xe4,  // b450
0x6f,0x5c,0xea,0x7b,0xce,0x32,0x7e,0x8f,0x00,0x00,0x80,0x8a,0x2c,0x80,0xa2,0xdd,  // b460
0x8b,0xf3,0xe4,0x1a,0x82,0xbf,0x5d,0xb3,0x00,0x00,0x20,0xad,0x37,0x20,0x0b,0xd5,  // b470
0x6e,0x30,0x9e,0xa1,0x62,0x2f,0x35,0xe0,0x00,0x00,0x34,0xcc,0x22,0xf4,0x26,0x45,  // b480
0x45,0xde,0x02,0xa5,0x9d,0x3d,0x21,0x8c,0x00,0x00,0x41,0x7f,0x2b,0xb1,0x70,0x96,  // b490
0xd6,0x95,0x43,0x0e,0x05,0x8d,0x29,0xaf,0x00,0x40,0x11,0x5f,0x76,0xdd,0x0c,0x3c,  // b4a0
0x4c,0x7b,0xd4,0x51,0x46,0xf0,0xf3,0xda,0x00,0xc8,0x6a,0xfb,0x69,0x0a,0x88,0xa5,  // b4b0
0x0f,0xcd,0x24,0xf3,0x2b,0x76,0xd8,0x88,0x00,0x7a,0x45,0x7a,0x04,0x0d,0xea,0x8e,  // b4c0
0x53,0x00,0xee,0xef,0xb6,0x93,0x0e,0xab,0x80,0xd8,0xd6,0x98,0x45,0x90,0xa4,0x72,  // b4d0
0x68,0x80,0xe9,0xab,0xa4,0x38,0xd2,0xd5,0x50,0x47,0x86,0x7f,0x2b,0xda,0xa6,0x47,  // b4e0
0x41,0xf0,0x71,0xeb,0x66,0x63,0xa3,0x85,0x24,0xd9,0x67,0x5f,0xb6,0x90,0x90,0x99,  // b4f0
0x51,0x6c,0x4e,0xa6,0x40,0x3c,0x0c,0xa7,0x6d,0xcf,0x41,0xf7,0xe3,0xb4,0xf4,0xff,  // b500
0x65,0x07,0xe2,0xcf,0x50,0x4b,0xcf,0xd0,0xa4,0x21,0x89,0x7a,0x0e,0xf1,0xf8,0xbf,  // b510
0x9f,0x44,0xed,0x81,0x12,0x8f,0x81,0x82,0x0d,0x6a,0x2b,0x19,0x52,0x2d,0xf7,0xaf,  // b520
0xc7,0x95,0x68,0x22,0xd7,0xf2,0x21,0xa3,0x90,0x44,0x76,0x9f,0xa6,0xf8,0xf4,0x9b,  // b530
0x39,0xbb,0x02,0xeb,0x8c,0x6f,0xea,0xcb,0xb4,0xd5,0x53,0x47,0xd0,0x36,0xf2,0x02,  // b540
0x08,0x6a,0xc3,0x25,0x70,0x0b,0xe5,0xfe,0x90,0x65,0x94,0x2c,0x42,0x62,0xd7,0x01,  // b550
0x45,0x22,0x9a,0x17,0x26,0x27,0x4f,0x9f,0xf5,0x7e,0xb9,0xb7,0xd2,0x3a,0x4d,0x42,  // b560
0xd6,0xaa,0x80,0x9d,0xef,0xf0,0x22,0xc7,0xb2,0xde,0xa7,0x65,0x87,0x89,0xe0,0xd2,  // b570
0x8b,0xd5,0xe0,0x84,0x2b,0xad,0xeb,0xf8,0x2f,0xeb,0x88,0x9f,0xf4,0x55,0xcc,0x63,  // b580
0x77,0x85,0x0c,0x33,0x3b,0x4c,0x93,0x9b,0xfb,0x25,0x6b,0xc7,0x71,0x6b,0xbf,0x3c,  // b590
0xd5,0xa6,0xcf,0xff,0x49,0x1f,0x78,0xc2,0x7a,0xef,0x45,0x39,0x4e,0x46,0xef,0x8b,  // b5a0
0x8a,0x90,0xc3,0x7f,0x1c,0x27,0x16,0xf3,0xac,0xb5,0xcb,0xe3,0xf0,0x8b,0x75,0x97,  // b5b0
0x56,0x3a,0xda,0xcf,0x71,0xd8,0xed,0x97,0x17,0xa3,0xbe,0x1c,0xed,0xee,0x52,0x3d,  // b5c0
0xec,0xc8,0xd0,0x43,0x8e,0x4e,0xe9,0xbd,0xdd,0x4b,0xee,0x63,0xa8,0xaa,0xa7,0x4c,  // b5d0
0x27,0xfb,0xc4,0xd4,0x31,0xa2,0x63,0xed,0x6a,0xef,0x74,0x3e,0xa9,0xca,0xe8,0x8f,  // b5e0
0xf8,0x1c,0xfb,0x24,0x5f,0x45,0x5e,0x94,0x44,0x2b,0x12,0x8e,0x53,0xfd,0xe2,0xb3,  // b5f0
0x36,0xe4,0x39,0xee,0xb6,0xd6,0x75,0xb9,0x16,0xb6,0x96,0x71,0xa8,0xbc,0xdb,0x60,  // b600
0x44,0x5d,0xc8,0xa9,0x64,0x4c,0xd3,0xe7,0xcd,0x31,0xfe,0x46,0xe9,0x55,0x89,0xbc,  // b610
0x4a,0x3a,0x1d,0xea,0xbe,0x0f,0xe4,0x90,0x41,0xbe,0xbd,0x98,0x63,0xab,0xab,0x6b,  // b620
0xdd,0x88,0xa4,0xa4,0xae,0x13,0x1d,0xb5,0xd1,0x2d,0xed,0x7e,0x3c,0x96,0x96,0xc6,  // b630
0x14,0xab,0xcd,0x4d,0x9a,0x58,0x64,0xe2,0xa2,0x3c,0x54,0xcf,0xe5,0x1d,0x1e,0xfc,  // b640
0xec,0x8a,0xa0,0x70,0x60,0xb7,0x7e,0x8d,0xcb,0x4b,0x29,0x43,0x5f,0xa5,0x25,0x3b,  // b650
0xa8,0xad,0xc8,0x8c,0x38,0x65,0xde,0xb0,0xbe,0x9e,0xf3,0x13,0xb7,0x0e,0xef,0x49,  // b660
0x12,0xd9,0xfa,0xaf,0x86,0xfe,0x15,0xdd,0x37,0x43,0x78,0x6c,0x32,0x69,0x35,0x6e,  // b670
0xab,0xc7,0xfc,0x2d,0x14,0xbf,0x2d,0x8a,0x04,0x54,0x96,0x07,0x7f,0xc3,0xc2,0x49,  // b680
0x96,0xf9,0x7b,0x39,0xd9,0x2e,0xb9,0xac,0x06,0xe9,0x7b,0xc9,0x5e,0x74,0x33,0xdc,  // b690
0xfb,0xf7,0xda,0x87,0x8f,0x7a,0xe7,0xd7,0xa3,0x71,0xed,0x3d,0xbb,0x28,0xa0,0x69,  // b6a0
0xfd,0xda,0xe8,0xb4,0x99,0xac,0xf0,0x86,0x0c,0xce,0x68,0x0d,0xea,0x32,0x08,0xc4,  // b6b0
0xbc,0x11,0x23,0x22,0xc0,0xd7,0xac,0xa8,0x90,0x01,0xc3,0x90,0xa4,0x3f,0x0a,0xf5,  // b6c0
0x2b,0xd6,0xab,0x2a,0xb0,0x0d,0xd8,0xd2,0xfa,0xe0,0x79,0xda,0xc6,0x67,0x26,0x79,  // b6d0
0xdb,0x65,0xab,0x1a,0x8e,0x08,0xc7,0x83,0x38,0x59,0x18,0x91,0xb8,0x01,0x70,0x57,  // b6e0
0x52,0x3f,0x56,0xa1,0xb1,0xca,0xb8,0xa4,0x86,0x6f,0x5e,0xb5,0x26,0x02,0x4c,0xed,  // b6f0
0x26,0xcf,0xab,0x09,0x5e,0xfd,0xe6,0xcd,0xb4,0x05,0x5b,0x31,0x58,0x81,0x4f,0x54,  // b700
0x78,0x61,0x0b,0xc6,0x5a,0x5e,0xb0,0x80,0x21,0xc7,0xb1,0x3d,0xae,0x61,0x63,0x69,  // b710
0xd6,0x39,0x8e,0x77,0xf1,0x75,0xdc,0xa0,0xe9,0x38,0x1e,0xcd,0x19,0x3a,0xbc,0x03,  // b720
0x4c,0xc8,0x71,0xd5,0x6d,0x93,0x13,0xc9,0x23,0xc7,0x65,0x40,0xa0,0x48,0xab,0x04,  // b730
0x5f,0x3a,0xce,0x4a,0x49,0x78,0x58,0xfb,0x76,0x9c,0x3f,0x28,0x64,0x0d,0xeb,0x62,  // b740
0x7b,0xe4,0xc0,0xce,0x2d,0x4b,0x17,0x9d,0x94,0x83,0x4f,0x32,0xbd,0xd0,0xa5,0x3b,  // b750
0x9a,0x1d,0x71,0x42,0xf9,0x1d,0x5d,0xc4,0x79,0x64,0xe3,0x7e,0xec,0x44,0x8f,0xca,  // b760
0x00,0x65,0x0d,0x93,0x77,0x65,0x74,0xf5,0xcb,0x1e,0x4e,0xcf,0x13,0x8b,0x99,0x7e,  // b770
0x20,0x5f,0xe8,0xbb,0x6a,0xbf,0x68,0x99,0x7e,0xa6,0x21,0xc3,0xd8,0xed,0x3f,0x9e,  // b780
0xe8,0x76,0xe2,0x6a,0x45,0xef,0xc2,0xbf,0x1e,0x10,0xea,0xf3,0x4e,0xe9,0xcf,0xc5,  // b790
0xa2,0x14,0x9b,0xc5,0x16,0xab,0xb3,0xef,0x12,0x4a,0x72,0x58,0xd1,0xf1,0xa1,0xbb,  // b7a0
0xe5,0xec,0x80,0x3b,0xee,0x4a,0xd0,0x95,0x97,0xdc,0x8e,0xae,0x45,0x6e,0x8a,0x2a,  // b7b0
0x1f,0x28,0x61,0xca,0xa9,0x5d,0x44,0xbb,0xbd,0x93,0x32,0x1a,0xd7,0x09,0x2d,0xf5,  // b7c0
0x26,0x72,0xf9,0x3c,0x14,0x75,0x15,0xea,0x56,0x9c,0x5f,0x70,0x26,0x26,0x3c,0x59,  // b7d0
0x58,0xe7,0x1b,0xa6,0x2c,0x69,0x4d,0x92,0x6c,0x83,0x77,0x0c,0xb0,0x2f,0x8b,0x6f,  // b7e0
0x2e,0xe1,0xa2,0xcf,0x77,0xc3,0xe0,0xb6,0x47,0x64,0x95,0x0f,0x9c,0xfb,0x6d,0x0b,  // b7f0
0x7a,0x99,0x8b,0xc3,0x55,0xf4,0x98,0xe4,0xac,0x5e,0xbd,0x89,0x41,0xbd,0x24,0x47,  // b800
0xec,0x3f,0x37,0x9a,0xb5,0x98,0xdf,0x8e,0x57,0xb6,0x2c,0xec,0x91,0xec,0xed,0x58,  // b810
0xe7,0x0f,0xc5,0x00,0xe3,0x7e,0x97,0xb2,0xed,0xe3,0x37,0x67,0xb6,0x67,0x29,0x2f,  // b820
0xe1,0x53,0xf6,0xc0,0x9b,0x5e,0x3d,0xdf,0x74,0xee,0x82,0x00,0xd2,0xe0,0x79,0xbd,  // b830
0x6c,0xf4,0x99,0x58,0x21,0x5b,0x86,0x8b,0x11,0xaa,0xa3,0x80,0x06,0x59,0xd8,0xec,  // b840
0x87,0x71,0xc0,0xae,0xe9,0xf1,0x67,0xae,0x95,0x94,0xcc,0x20,0x48,0x6f,0x0e,0xe8,  // b850
0xe9,0x8d,0x70,0x1a,0x64,0xee,0x01,0xda,0xdd,0xdc,0x7f,0x14,0x8d,0x05,0x09,0x31,  // b860
0xb2,0x58,0x86,0x90,0xfe,0x34,0x41,0x88,0x15,0xd4,0x9f,0x59,0xf0,0x46,0x4b,0xbd,  // b870
0xde,0xee,0xa7,0x34,0x3e,0x82,0x51,0xaa,0x1a,0xc9,0x07,0x70,0xac,0x18,0x9e,0x6c,  // b880
0x96,0xea,0xd1,0xc1,0xcd,0xe2,0xe5,0xd4,0xb0,0xdd,0x04,0xc6,0x6b,0xcf,0xe2,0x03,  // b890
0x9e,0x32,0x23,0x99,0xc0,0xad,0x0f,0x85,0x1c,0x15,0x86,0xb7,0x46,0x83,0xdb,0x84,  // b8a0
0x45,0xff,0x6b,0xbf,0x30,0x99,0x53,0xa6,0x63,0x9a,0x67,0x65,0x18,0x64,0x12,0xe6,  // b8b0
0x16,0xff,0x46,0xef,0x7c,0x7f,0xe8,0xcf,0x7e,0xc0,0x60,0x3f,0x8f,0x7e,0xcb,0x4f,  // b8c0
0x6e,0x5f,0x8c,0x15,0xae,0x4f,0xf1,0x81,0x9d,0xf0,0x38,0x0f,0x33,0x5e,0xbe,0xe3,  // b8d0
0x49,0x77,0xef,0x9a,0x99,0xa3,0x6d,0xa2,0xc5,0x2c,0x07,0xd3,0xbf,0xf5,0xad,0x5c,  // b8e0
0x1c,0x55,0xab,0x01,0x80,0x0c,0x09,0xcb,0xf6,0xf7,0xc8,0xc7,0x2f,0x73,0xd9,0x73,  // b8f0
0x63,0x2a,0x16,0x02,0xa0,0x4f,0xcb,0xfd,0xfa,0x9a,0xdd,0xdc,0xfd,0xe7,0x67,0x28,  // b900
0x7e,0xda,0x4d,0x01,0xc4,0x11,0x9f,0x9e,0xb8,0x01,0x15,0x54,0xfd,0xe1,0x81,0xb2,  // b910
0x1d,0x51,0xa1,0x01,0x35,0xd6,0x46,0xc6,0x26,0x42,0x1a,0xa9,0x7c,0x5a,0x22,0x1f,  // b920
0x65,0xa5,0x09,0x42,0xc2,0x8b,0xd8,0xf7,0x58,0x69,0xb0,0xe9,0x8d,0x78,0x75,0x33,  // b930
0x5f,0x07,0x46,0x69,0x59,0x57,0xe7,0x9a,0xae,0x83,0x1c,0x64,0xb1,0xd6,0x52,0x00,  // b940
0x37,0x89,0x97,0xc3,0x2f,0x2d,0xa1,0xc1,0x9a,0xa4,0x23,0xbd,0x5d,0x8c,0x67,0xc0,  // b950
0x84,0x6b,0x7d,0xb4,0x7b,0x78,0x09,0xf2,0xe0,0x46,0x36,0x96,0xba,0xb7,0x40,0xf8,  // b960
0x32,0x63,0xce,0x50,0x4d,0xeb,0x45,0x97,0x98,0xd8,0xc3,0x3b,0xa9,0xe5,0x50,0xb6,  // b970
0xff,0xfb,0x01,0xa5,0x20,0x66,0x17,0xbd,0xbe,0xce,0xb4,0x8a,0x13,0x1f,0xe5,0xa3,  // b980
0xff,0x7a,0x42,0xce,0xa8,0x3f,0x5d,0xec,0x37,0x01,0xb1,0x36,0x6c,0x33,0x6f,0xc6,  // b990
0xdf,0x8c,0xe9,0x80,0xc9,0x47,0xba,0x93,0x84,0x41,0x5d,0x44,0x47,0x00,0x0b,0xb8,  // b9a0
0x17,0xf0,0x23,0xe1,0xbb,0xd9,0xa8,0xb8,0xe5,0x91,0x74,0x15,0x59,0xc0,0x0d,0xa6,  // b9b0
0x1d,0xec,0x6c,0xd9,0x2a,0x10,0xd3,0xe6,0x2f,0xdb,0x68,0xad,0x37,0x98,0xc8,0x87,  // b9c0
0x92,0x13,0xe4,0xc7,0x1a,0xea,0x43,0x90,0xfb,0x11,0xc3,0x98,0x45,0xbe,0xba,0x29,  // b9d0
0x77,0x18,0xdd,0x79,0xa1,0xe4,0x54,0xb4,0x7a,0xd6,0xf3,0xfe,0xd6,0x6d,0x29,0xf4,  // b9e0
0x94,0x5e,0x54,0xd8,0xc9,0x1d,0x6a,0xe1,0x0c,0x66,0x58,0x5f,0xa6,0xe4,0x99,0x18,  // b9f0
0x1d,0xbb,0x34,0x27,0x9e,0x52,0xe2,0x8c,0x8f,0x7f,0x2e,0xf7,0xcf,0x5d,0xc0,0x5e,  // ba00
0xe4,0xe9,0x01,0xb1,0x45,0xe7,0x1a,0xb0,0x73,0x1f,0xfa,0xf4,0x43,0x75,0x70,0x76,  // ba10
0x5d,0x64,0x42,0x1d,0x17,0xa1,0x21,0xdc,0xa8,0x53,0x1c,0x79,0x4a,0x49,0x06,0x6a,  // ba20
0xba,0x7e,0x49,0x72,0xae,0x04,0x95,0x89,0x92,0x68,0x63,0x17,0x9d,0xdb,0x87,0x04,  // ba30
0x69,0xde,0xdb,0x0e,0xda,0x45,0xfa,0xab,0xb6,0x42,0x3c,0x5d,0x84,0xd2,0xa9,0x45,  // ba40
0x03,0xd6,0x92,0x92,0x50,0xd7,0xf8,0xd6,0xb2,0xa9,0x45,0xba,0x92,0x23,0x8a,0x0b,  // ba50
0xc2,0xc5,0x9b,0x5b,0x92,0x86,0x5b,0x86,0x1e,0x14,0xd7,0x68,0x77,0xac,0x6c,0x8e,  // ba60
0x32,0xb7,0x82,0xf2,0x36,0x68,0xf2,0xa7,0x26,0xd9,0x0c,0x43,0x95,0xd7,0x07,0x32,  // ba70
0xff,0x64,0x23,0xaf,0x44,0x02,0xef,0xd1,0xb8,0x07,0xe8,0x49,0xbd,0xe6,0x44,0x7f,  // ba80
0x1f,0x1f,0x76,0xed,0x6a,0x61,0x35,0x83,0xa6,0x09,0x62,0x9c,0x6c,0x20,0x16,0x5f,  // ba90
0xe7,0xa6,0xd3,0xa8,0xc5,0xb9,0x02,0xa4,0x0f,0x8c,0x7a,0xc3,0x87,0xa8,0xdb,0x36,  // baa0
0xa1,0x90,0x08,0x13,0x37,0x68,0x03,0xcd,0x89,0x97,0x2c,0xda,0x54,0x49,0x49,0xc2,  // bab0
0x64,0x5a,0xe5,0x6b,0x22,0x21,0x22,0x80,0x6c,0xbd,0xb7,0x10,0xaa,0x9b,0xdb,0xf2,  // bac0
0xfd,0xb0,0xde,0x06,0x6b,0xa9,0x2a,0xa0,0xc7,0xac,0xe5,0x94,0x94,0x82,0x92,0x6f,  // bad0
0x3d,0x5d,0x96,0xc8,0xc5,0x53,0x35,0xc8,0xf9,0x17,0x1f,0xba,0x39,0x23,0x77,0xcb,  // bae0
0x8c,0xf4,0xbb,0x3a,0xb7,0xa8,0x42,0xfa,0xfb,0x6e,0x53,0x14,0x04,0x76,0x2a,0xff,  // baf0
0xd7,0x78,0xb5,0x84,0x72,0xa9,0x69,0x9c,0xba,0x4a,0x68,0x19,0x85,0x13,0xf5,0xfe,  // bb00
0x0d,0xd7,0xe2,0x25,0xcf,0x13,0x84,0xc3,0x69,0x5d,0xc2,0x5f,0x66,0x58,0xb2,0x7e,  // bb10
0xd1,0x8c,0x5b,0xef,0xc2,0x18,0x65,0xf4,0x61,0x7a,0xd9,0xfb,0x3f,0x77,0x2f,0xef,  // bb20
0x02,0x38,0x99,0xd5,0x79,0x2f,0xbf,0x98,0xfa,0xd8,0xcf,0xfa,0x0f,0x55,0xfb,0xaa,  // bb30
0x03,0x86,0xff,0x4a,0x58,0xfb,0xee,0xbe,0x38,0xcf,0x83,0xf9,0x53,0x2a,0xba,0x95,  // bb40
0x84,0x67,0xbf,0x5d,0x2e,0xba,0xaa,0xee,0x83,0x61,0xf2,0x7b,0x74,0x5a,0x94,0xdd,  // bb50
0xb2,0xa0,0x97,0xfa,0x5c,0xb4,0x2a,0x95,0xe4,0xf9,0xee,0x9a,0x11,0x71,0xf9,0x94,  // bb60
0xdf,0x88,0x3d,0x39,0x74,0x61,0x75,0xba,0x5d,0xb8,0xaa,0x01,0x56,0xcd,0x37,0x7a,  // bb70
0x17,0xeb,0x8c,0x47,0xd1,0xb9,0x12,0xe9,0x3a,0xb3,0x0a,0xc1,0x55,0xe0,0x62,0xac,  // bb80
0xee,0x12,0xb8,0xcc,0x22,0xb4,0xab,0x91,0x09,0x60,0x4d,0x31,0x6b,0x98,0x7b,0x57,  // bb90
0xaa,0x17,0xe6,0x7f,0x2b,0xa1,0x16,0xb6,0x0b,0xb8,0xa0,0xfd,0x85,0x7e,0x5a,0xed,  // bba0
0x94,0x9d,0xdf,0x5f,0x76,0x49,0x9c,0xe3,0x07,0x73,0x84,0xbe,0x13,0x8f,0x58,0x14,  // bbb0
0x7d,0xc2,0xeb,0xfb,0xe9,0xad,0x41,0x8e,0xc8,0x8f,0x25,0xae,0xd8,0xb2,0x6e,0x59,  // bbc0
0x1c,0xb3,0xe6,0x7a,0x64,0x19,0xd2,0xb1,0xbb,0xf3,0xae,0xd9,0x8e,0x5f,0xca,0x6f,  // bbd0
0xe3,0x5f,0xa0,0x99,0xbd,0x9f,0x46,0xde,0x54,0x58,0x0d,0x48,0xb9,0x7b,0xde,0x25,  // bbe0
0xee,0x3b,0x04,0x80,0xd6,0x23,0xec,0x8a,0x6a,0xae,0x10,0x9a,0xa7,0x1a,0x56,0xaf,  // bbf0
0xe9,0x4a,0x05,0x20,0xcc,0x2c,0xa7,0xad,0x04,0xda,0x94,0x80,0x51,0xa1,0x2b,0x1b,  // bc00
0xa4,0x9d,0x06,0x28,0xff,0xf7,0x10,0xd9,0x42,0x08,0x5d,0xf0,0xd2,0x44,0xfb,0x90,  // bc10
0x86,0x22,0x04,0x79,0xff,0x9a,0xaa,0x87,0x53,0x4a,0x74,0xac,0x07,0x16,0x3a,0x35,  // bc20
0x28,0x2b,0x45,0x57,0xbf,0x41,0x95,0xa9,0xe8,0x5c,0x91,0x97,0x89,0x9b,0x88,0x42,  // bc30
0xf2,0x75,0x16,0x2d,0x2f,0x92,0xfa,0xd3,0x11,0xda,0xba,0xfe,0x35,0x61,0x95,0x69,  // bc40
0xb7,0x09,0x2e,0x7c,0x5d,0x9b,0x7c,0x84,0x95,0x90,0x69,0x7e,0x83,0xb9,0xfa,0x43,  // bc50
0x25,0x8c,0x39,0xdb,0x34,0xc2,0x9b,0xa5,0xbb,0xf4,0x03,0x5e,0xe4,0x67,0xf9,0x94,  // bc60
0x2e,0xef,0x07,0x12,0xc2,0xb2,0x02,0xcf,0xf5,0x78,0xc2,0xba,0xee,0xe0,0x1b,0x1d,  // bc70
0x7d,0xf5,0x44,0x4b,0xb9,0xaf,0x61,0x81,0x32,0x17,0x73,0x69,0x2a,0xd9,0x62,0x64,  // bc80
0xdc,0x32,0x16,0x9e,0xa7,0x1b,0xba,0xa1,0xfe,0xdc,0xcf,0x03,0x75,0x8f,0x7b,0x7d,  // bc90
0x93,0xbf,0x9b,0x85,0x91,0xa2,0x28,0xca,0x3e,0xd4,0xc3,0x44,0x52,0x73,0xda,0x5c,  // bca0
0x78,0xaf,0x02,0xe7,0x35,0xcb,0xb2,0xfc,0xa7,0x64,0xfa,0x6a,0x13,0x88,0x08,0x3a,  // bcb0
0xab,0xad,0x61,0xb0,0x01,0xbf,0xef,0x9d,0xd0,0xfd,0xb8,0x45,0x18,0xaa,0x8a,0x08,  // bcc0
0x16,0x19,0x7a,0x1c,0xc2,0xae,0x6b,0xc5,0x45,0x3d,0x27,0x57,0x9e,0x54,0xad,0x8a,  // bcd0
0x5b,0x9f,0x98,0xa3,0x72,0x9a,0xc6,0xf6,0x4b,0x86,0x78,0xf6,0xe2,0x54,0xac,0x36,  // bce0
0x99,0x63,0x3f,0xa6,0x87,0x20,0x3c,0x9a,0xdd,0xa7,0x16,0xb4,0x1b,0x6a,0x57,0x84,  // bcf0
0x7f,0x3c,0xcf,0x8f,0xa9,0x28,0xcb,0xc0,0xd5,0x51,0x1c,0xa1,0xa2,0x44,0x6d,0x65,  // bd00
0x9f,0x0b,0xc3,0xf3,0xd3,0xf2,0xfd,0xf0,0x25,0xb3,0xb1,0xa4,0xe5,0x4a,0x64,0x9f,  // bd10
0x43,0xe7,0x59,0x78,0xc4,0xb7,0x9e,0x96,0xee,0x1f,0xde,0x0d,0x9f,0x5d,0x3d,0x87,  // bd20
0x14,0x61,0x70,0x96,0xb5,0x65,0x46,0xbc,0xea,0xa7,0x55,0xd1,0x06,0xb5,0x0c,0xa9,  // bd30
0x59,0x79,0x0c,0xfc,0x22,0xff,0x57,0xeb,0xf2,0x88,0xd5,0x42,0x24,0xf1,0xa7,0x09,  // bd40
0xd8,0xcb,0x87,0xdd,0x75,0xff,0x16,0x93,0x2f,0xeb,0x8a,0x53,0x6d,0xed,0x11,0x0c,  // bd50
0xce,0xbe,0xe9,0x54,0x53,0xbf,0xdc,0xb7,0xfa,0xa5,0x6d,0xa8,0xc8,0x68,0x16,0x8f,  // bd60
0x81,0x2e,0x24,0x2a,0x28,0xef,0xd3,0xe5,0xbc,0x87,0x44,0x69,0x7d,0x01,0x6e,0xf9,  // bd70
0x10,0x9d,0x56,0x1a,0x79,0x75,0xa4,0x8f,0xac,0xa9,0x95,0xc3,0xdc,0x81,0xc9,0x37,  // bd80
0x55,0x44,0xec,0x60,0xd7,0x92,0x8d,0xb3,0x17,0x14,0x7b,0xf4,0x53,0xe2,0xbb,0x85,  // bd90
0x6a,0x55,0x27,0x39,0x8d,0xf7,0x70,0xe0,0x8e,0xec,0xcc,0x78,0x74,0x6d,0x95,0x93,  // bda0
0x62,0x95,0xb8,0x43,0xb8,0x9a,0x46,0x8c,0xb2,0x27,0x00,0x97,0xd1,0xc8,0x7a,0x38,  // bdb0
0xbb,0xba,0xa6,0x54,0x66,0x41,0x58,0xaf,0x9e,0x31,0xc0,0xfc,0x05,0x7b,0x99,0x06,  // bdc0
0x6a,0x69,0xd0,0xe9,0xbf,0x51,0x2e,0xdb,0x03,0x1f,0xf8,0xbd,0xe3,0xec,0x1f,0x44,  // bdd0
0xe2,0x41,0x22,0xf2,0x17,0xf3,0xfc,0x88,0xc3,0x26,0x76,0xad,0x1c,0xe8,0x27,0xd5,  // bde0
0x5a,0xd2,0xaa,0xee,0xdd,0x2f,0x3c,0xab,0x74,0xb0,0xd3,0xd8,0x23,0xe2,0x71,0x8a,  // bdf0
0xf1,0x86,0x55,0x6a,0xd5,0x3b,0x0b,0xd6,0x49,0x4e,0x84,0x67,0x56,0x2d,0x87,0xf6,  // be00
0x56,0x74,0x75,0x62,0x65,0x05,0xc7,0x85,0xdb,0x61,0x65,0x01,0xac,0xf8,0x28,0xb4,  // be10
0x6c,0xd1,0x12,0xbb,0xbe,0xc6,0x38,0xa7,0x52,0xba,0xbe,0x01,0xd7,0x36,0x33,0xe1,  // be20
0xc7,0x85,0xd7,0x69,0x6e,0xf8,0x06,0xd1,0x73,0x34,0x17,0x61,0x46,0x02,0xc0,0xec,  // be30
0x9c,0xb3,0x26,0x02,0x45,0x5b,0xa4,0x82,0x90,0x01,0x5d,0xf9,0xd7,0x02,0xf0,0x27,  // be40
0x84,0x60,0xb0,0x42,0x16,0x72,0x4d,0xa3,0xf4,0x41,0xb4,0xf7,0x8d,0x03,0xec,0x31,  // be50
0xa5,0x78,0x5c,0xd3,0x9b,0xce,0x20,0xcc,0x71,0x52,0xa1,0x75,0x71,0x04,0x67,0x7e,  // be60
0xce,0x96,0x33,0xc8,0x42,0x02,0x29,0xff,0x86,0xd3,0x84,0xe9,0xc6,0x62,0x00,0x0f,  // be70
0x41,0x3e,0x20,0xbd,0x69,0xa1,0x79,0x9f,0x68,0x08,0xe6,0xa3,0x78,0x7b,0xc0,0x52,  // be80
0xd1,0x4d,0x68,0x2c,0xc4,0x09,0x58,0xc7,0x82,0x8a,0xdf,0xcc,0x56,0x9a,0x70,0xa7,  // be90
0x45,0x61,0x82,0x37,0x35,0x0c,0x2e,0xf9,0x91,0xb6,0x0b,0x40,0x76,0x60,0xa6,0x88,  // bea0
0xcb,0x7c,0xb1,0x42,0xa1,0xc7,0xbc,0x9b,0x35,0xa4,0x0e,0xd0,0x93,0xf8,0xcf,0x6a,  // beb0
0xfe,0xdb,0x5d,0x93,0x89,0xf9,0xab,0xc2,0x43,0x4d,0x12,0xc4,0xb8,0xf6,0x83,0x05,  // bec0
0xfe,0x52,0x35,0xf8,0xeb,0xf7,0x56,0xf3,0x4a,0x70,0x8b,0x7a,0x33,0x7a,0x72,0xc3,  // bed0
0xde,0x53,0x21,0x7b,0xf3,0x5a,0x16,0x98,0x5c,0x4c,0x2e,0x59,0xc0,0x18,0x4f,0x74,  // bee0
0xd6,0xa8,0xe9,0x59,0xb0,0xf1,0x1b,0xbe,0x73,0xdf,0x79,0x6f,0xf0,0xde,0x62,0x11,  // bef0
0x0c,0x13,0x64,0x70,0x1c,0xee,0xa2,0xed,0xa8,0x2b,0xac,0x45,0x56,0xcb,0xdd,0x8a,  // bf00
0xe7,0x8b,0x3e,0xc6,0xd1,0xd4,0x85,0x94,0x92,0x36,0x17,0xd7,0x2b,0x3e,0x95,0x6d,  // bf10
0xe1,0x2e,0xce,0x37,0x06,0x4a,0xa7,0xb9,0x37,0x04,0xdd,0xcc,0xb6,0x8d,0xfa,0xc8,  // bf20
0x99,0xba,0xc1,0xc5,0x87,0x1c,0x11,0xe8,0xa2,0x22,0x0a,0x40,0x92,0x98,0x9c,0x1d,  // bf30
0xa0,0x14,0x99,0xdb,0xd4,0xb1,0x0a,0x91,0x4b,0xab,0x0c,0xd0,0xb6,0xbe,0x03,0x25,  // bf40
0xc8,0x59,0x7f,0x12,0x4a,0x5e,0x4d,0xb5,0x1d,0xd6,0x0f,0x84,0x64,0xae,0x44,0x2e,  // bf50
0x3a,0x30,0x1f,0x97,0xdc,0xb5,0xa0,0xe2,0xd2,0xe5,0x89,0xd2,0xfe,0xec,0xea,0x5c,  // bf60
0x24,0x7e,0x73,0xde,0xa9,0x71,0xa4,0x8d,0x47,0x5f,0x2c,0x87,0x3e,0xa8,0x25,0x74,  // bf70
0xad,0x5d,0x10,0x56,0x14,0x8e,0x0d,0xb1,0x19,0x77,0xf7,0x28,0x4e,0x12,0x2f,0xd1,  // bf80
0x18,0x75,0x94,0x6b,0x99,0xf1,0x50,0xdd,0x6f,0xaa,0x9a,0xd9,0x70,0x6b,0xbd,0x82,  // bf90
0x2f,0xc9,0x3c,0xe3,0xff,0x96,0x52,0x8a,0x0b,0x55,0x01,0x10,0x4d,0xc6,0x6c,0x63,  // bfa0
0x7b,0xfb,0x0b,0xdc,0xbf,0x3c,0xe7,0xac,0x4e,0xaa,0x01,0x54,0xe0,0xf7,0x47,0x3c,  // bfb0
0x5a,0xfa,0x0e,0xd3,0xef,0x0b,0x21,0xd8,0x71,0x0a,0x81,0x34,0xec,0xfa,0xac,0x65,  // bfc0
0x78,0x5c,0xe9,0xe3,0x75,0xa7,0x14,0x87,0x0d,0x4d,0xa1,0x41,0xa7,0x39,0x18,0x7f,  // bfd0
0x96,0xb3,0xe3,0x5c,0x53,0xd1,0xd9,0xa8,0x50,0xa0,0x09,0x12,0x11,0x48,0xde,0x1e,  // bfe0
0x7c,0xa0,0x1c,0x34,0xa8,0x45,0x10,0xd3,0x32,0x04,0x46,0xab,0x0a,0xed,0x4a,0x93,  // bff0
0x4d,0xe4,0x91,0x20,0x89,0x2b,0xea,0x83,0x3f,0x85,0x17,0x56,0x4d,0xa8,0x1d,0xf8,  // c000
0x60,0x5d,0xb6,0x68,0x6b,0xb6,0xe4,0xa4,0x8e,0x66,0x9d,0xab,0x60,0x12,0x25,0x36,  // c010
0xb9,0xf4,0xe3,0x42,0x06,0xe4,0x1d,0xce,0x19,0x60,0x42,0x6b,0x7c,0x2b,0xd7,0xc1,  // c020
0xf3,0x78,0xce,0xe9,0x83,0xae,0xd2,0x80,0x1f,0xf8,0x12,0x86,0x5b,0xf6,0x4c,0xb2,  // c030
0x30,0x17,0x42,0xe4,0x24,0x5a,0x07,0xa1,0x27,0xb6,0x97,0x67,0xf2,0x33,0xe0,0xde,  // c040
0xfc,0x9c,0x52,0x1d,0xae,0x30,0x49,0xc9,0xb1,0xa3,0x7d,0x01,0xef,0x40,0x98,0x16,  // c050
0x3c,0x44,0xa7,0xa4,0xd9,0x7c,0x9b,0xfb,0x4e,0x86,0xee,0x60,0x95,0x28,0x1f,0x8e,  // c060
0xa5,0x8a,0xe8,0x06,0x08,0x2e,0x41,0x9d,0xe2,0x27,0x2a,0xb9,0xba,0xf2,0xa6,0xf1,  // c070
0x4e,0xad,0xa2,0x08,0x8a,0x79,0x91,0xc4,0xdb,0xb1,0x74,0x67,0x69,0xaf,0x10,0xae,  // c080
0xa2,0x58,0xcb,0x8a,0xec,0xd7,0xb5,0xf5,0x29,0xef,0xa8,0xe0,0xa1,0x6d,0xca,0xac,  // c090
0x65,0x17,0xbf,0xd6,0xf3,0xa6,0x91,0x99,0xf3,0x2a,0xd3,0x58,0x0a,0x09,0xfd,0x17,  // c0a0
0x3f,0xdd,0x6e,0xcc,0xb0,0x10,0xf6,0xbf,0xb0,0xf5,0x07,0xef,0x4c,0x4b,0xfc,0xdd,  // c0b0
0x8e,0x94,0x8a,0xff,0xdc,0x94,0xf3,0xef,0x8e,0xf9,0x64,0x15,0x10,0xaf,0xbd,0x4a,  // c0c0
0xd9,0x9c,0xb6,0x1f,0x0a,0x3d,0xf8,0x95,0xf1,0x37,0xbe,0x1a,0xd4,0x1a,0x6d,0x9d,  // c0d0
0x0f,0x44,0xa4,0xa7,0x4c,0x4c,0x76,0xbb,0xed,0xc5,0x6d,0x21,0x89,0x61,0xc8,0x84,  // c0e0
0x13,0x55,0x8d,0xd1,0x5f,0xdf,0x53,0xea,0xb4,0x9b,0xe4,0xb4,0xf5,0x3c,0xfd,0x32,  // c0f0
0x2c,0x55,0xf8,0xe2,0x9b,0x6b,0x74,0x92,0xa1,0xc2,0x1d,0x22,0x33,0x8c,0xbc,0x3f,  // c100
0x77,0x6a,0xb6,0xdb,0x82,0x86,0x11,0xb7,0x4a,0x33,0xa5,0xea,0x3f,0xaf,0xab,0x0f,  // c110
0x15,0x05,0xa4,0x92,0x23,0xe8,0xd5,0xe4,0x0e,0x40,0xa7,0xf2,0x87,0x4d,0xcb,0x29,  // c120
0x2d,0x83,0xa6,0x3b,0x16,0xb1,0x05,0x8f,0x12,0x10,0x51,0xef,0xe9,0x20,0x3e,0x74,  // c130
0xf8,0x23,0x90,0xca,0x5b,0x1d,0xc7,0xb2,0x16,0x54,0x25,0x6b,0x24,0xa9,0x4d,0x91,  // c140
0xf6,0x2c,0x34,0xbd,0xb2,0xe4,0x78,0xdf,0x8e,0x54,0xf7,0xc2,0xb6,0x89,0xd0,0x1a,  // c150
0x1a,0x9c,0x40,0xb6,0xef,0x8e,0xab,0x8b,0xb1,0x29,0xb5,0x73,0x24,0xac,0x84,0xa1,  // c160
0x20,0xc3,0xd0,0xa3,0xab,0x72,0x96,0xae,0x1e,0x74,0xa2,0x90,0x2d,0xd7,0xe5,0xc9,  // c170
0xe8,0xf3,0xc4,0x8c,0x56,0x0f,0x3c,0xda,0x92,0x88,0x65,0x7a,0x7c,0xa6,0x2f,0x7e,  // c180
0x71,0x18,0xfb,0x17,0x96,0x89,0x65,0x88,0xb7,0xea,0xfe,0x98,0x1b,0x90,0xbb,0xdd,  // c190
0x8d,0xde,0xf9,0x9d,0xfb,0xeb,0x7e,0xaa,0x65,0xa5,0x3e,0x7f,0x22,0x74,0x2a,0x55,  // c1a0
0x31,0x56,0x78,0x85,0xfa,0xa6,0x1e,0xd5,0x5f,0x27,0x87,0x8f,0x95,0x88,0x3a,0xd5,  // c1b0
0xde,0x35,0x6b,0x93,0x5c,0x28,0x33,0x85,0x37,0xf1,0x68,0xf3,0xba,0x2a,0x89,0x8a,  // c1c0
0x56,0x03,0x46,0xb8,0x73,0xf2,0x7f,0xa6,0x85,0x2d,0x43,0xb0,0x69,0x75,0x2b,0x2d,  // c1d0
0x2c,0x84,0x57,0xa6,0x10,0xef,0x1f,0xd0,0x73,0xfc,0x29,0x0e,0x62,0x29,0x3b,0x9c,  // c1e0
0x9b,0xb2,0xf6,0x67,0x6a,0xf5,0x13,0x82,0x8f,0x7b,0xb4,0x91,0xba,0xf3,0x49,0x83,  // c1f0
0x42,0x5f,0xf4,0x01,0xc5,0xf2,0x98,0xa2,0x73,0x9a,0x21,0x36,0xa9,0x70,0x1c,0x24,  // c200
0x13,0x77,0x71,0x42,0x76,0x2f,0x3f,0xcb,0x10,0x01,0xaa,0x83,0xd3,0x8c,0x23,0xed,  // c210
0xd7,0xd4,0x0d,0xd3,0x53,0xfb,0x0e,0xfe,0xaa,0x40,0x4a,0x32,0x04,0x38,0x36,0xf4,  // c220
0x06,0xa5,0xe8,0x63,0x14,0x5d,0xc9,0x9e,0xd5,0xd0,0xdc,0x3e,0x05,0xc6,0x43,0xb1,  // c230
0x48,0xce,0xe2,0x7c,0x59,0xb4,0x7b,0xc6,0x0a,0x05,0x94,0x8e,0x86,0xb7,0x94,0xdd,  // c240
0xda,0x81,0x1b,0xdc,0x6f,0xa1,0x1a,0xf8,0x26,0x83,0x1c,0x19,0xb4,0xf2,0x7c,0xca,  // c250
0x28,0x31,0x91,0xe9,0xe5,0xa4,0x10,0x9b,0xf0,0xa3,0x63,0x1f,0x61,0x2f,0x1c,0xfd,  // c260
0x72,0x7d,0xf5,0x63,0x1f,0xce,0xd4,0xc1,0xec,0x8c,0x3c,0x67,0x39,0x3b,0x63,0xbc,  // c270
0xcf,0xdc,0xf2,0x3c,0xa7,0x01,0x4a,0xf2,0x13,0xd8,0x85,0xe0,0x03,0x05,0xbe,0xd5,  // c280
0x01,0xca,0x17,0x86,0x08,0x41,0x6e,0x97,0x18,0x4e,0xa7,0xd8,0x44,0x86,0x2d,0x4b,  // c290
0x82,0xbc,0x9d,0xa7,0x4a,0xd1,0x49,0xbd,0x9e,0x21,0xd1,0x0e,0xd6,0xe7,0xf8,0xdd,  // c2a0
0xa2,0x2b,0x85,0x51,0x9d,0x45,0x9c,0xec,0x03,0xb5,0x42,0xc9,0xe5,0x90,0xbb,0xca,  // c2b0
0x45,0x3b,0xf3,0x52,0x82,0xab,0xe1,0x93,0x43,0x62,0x93,0x3b,0x1f,0x75,0x6a,0x3d,  // c2c0
0x17,0x0a,0xb0,0xe7,0x62,0x16,0xda,0xb8,0xd4,0x3a,0x78,0x0a,0x67,0x12,0xc5,0x0c,  // c2d0
0x9d,0x0c,0x9c,0xa1,0xfb,0x9b,0x10,0xe7,0xc5,0x24,0x8b,0x66,0x80,0x2b,0xfb,0x27,  // c2e0
0xe2,0x87,0x01,0x45,0x7d,0x61,0x6a,0x90,0xf6,0xed,0x2d,0x80,0x60,0xf6,0xf9,0xb1,  // c2f0
0xda,0xe9,0x41,0x96,0xdc,0xf9,0x84,0xb4,0x73,0x69,0x39,0xa0,0xf8,0x73,0x78,0x5e,  // c300
0x51,0x64,0xd2,0xbb,0x53,0x38,0xa6,0xe1,0xe8,0xe1,0x23,0x64,0x7b,0x48,0x0b,0xdb,  // c310
0xb2,0x7e,0x63,0x55,0x34,0xe3,0x07,0x8d,0x62,0xda,0x2c,0x3d,0x9a,0x1a,0xce,0x91,  // c320
0x5f,0x5e,0xbc,0x6a,0x01,0xdc,0x49,0xb0,0xfb,0x10,0x78,0xcc,0x40,0xa1,0x41,0x76,  // c330
0xf7,0x75,0x6b,0xc5,0x01,0x53,0x5c,0xdc,0x9d,0x0a,0xcb,0x7f,0xc8,0x04,0xe9,0xa9,  // c340
0xba,0x29,0x63,0x1b,0xe1,0xb3,0xb9,0x89,0x44,0xcd,0xbd,0x9f,0xfa,0x45,0x63,0x54,  // c350
0x29,0xf4,0x3b,0x62,0xd9,0x20,0x28,0xac,0x95,0x40,0xad,0x47,0x79,0x17,0x7c,0xa9,  // c360
0x33,0xf1,0xca,0xba,0x0f,0x29,0x32,0xd7,0x5d,0x48,0xcc,0xcc,0xab,0x8e,0xed,0x49,  // c370
0xc0,0xd6,0xbe,0xd4,0xa9,0x59,0x7f,0x86,0x74,0x5a,0xff,0xbf,0x56,0xf2,0x68,0x5c,  // c380
0x70,0x8c,0xee,0x49,0x14,0x30,0x1f,0xa8,0x11,0x31,0xff,0x6f,0xec,0x2e,0x83,0x73,  // c390
0x8c,0x2f,0x6a,0x5c,0x19,0xfc,0x26,0xd2,0xab,0x7e,0xff,0xc5,0x53,0xfd,0x31,0xc8,  // c3a0
0xb7,0x5d,0xc2,0xd9,0x8f,0x5d,0x58,0x83,0x55,0x5e,0x7f,0xb7,0xa8,0x7c,0x3e,0xba,  // c3b0
0x25,0xf5,0x32,0xd0,0xf3,0x74,0x2e,0xa4,0xeb,0x35,0x5f,0xe5,0xd2,0x1b,0xce,0x28,  // c3c0
0x6f,0xb2,0x3f,0xc4,0x30,0x12,0x3a,0xcd,0xb3,0x81,0x5b,0xcf,0x63,0xd1,0x80,0x79,  // c3d0
0x85,0xcf,0xa7,0x7a,0x5e,0x4b,0x44,0x80,0x1f,0x62,0x32,0xc3,0xbc,0x05,0xe1,0xd7,  // c3e0
0x66,0xc3,0x51,0x19,0x36,0x5e,0x55,0xa0,0xa7,0xfa,0xfe,0xf3,0x2b,0x47,0xd9,0x8d,  // c3f0
0x40,0x34,0xa6,0x9f,0xc3,0xb5,0x6a,0xc8,0x51,0xb9,0xfe,0xf0,0xf6,0x98,0x4f,0xb1,  // c400
0x50,0xc1,0x8f,0x87,0x34,0x63,0x85,0xfa,0xd3,0x33,0x9f,0x56,0x9a,0xbf,0xd1,0x6e,  // c410
0xd2,0xd8,0xb9,0xd4,0x00,0x5e,0x93,0x9c,0xc8,0x00,0x47,0xec,0x80,0x2f,0x86,0x0a,  // c420
0x07,0x4f,0xe8,0x09,0x81,0x35,0xb8,0xc3,0xfa,0xc0,0x58,0x27,0x61,0xbb,0x27,0xcd,  // c430
0xc8,0x62,0x62,0x4c,0xe1,0x42,0xa6,0xf4,0x9c,0x78,0x97,0xb8,0x1c,0xd5,0x38,0x80,  // c440
0xbd,0x7d,0xbd,0xcf,0xcc,0xe9,0xe7,0x98,0xc3,0x56,0xbd,0xe6,0x63,0x0a,0x47,0xe0,  // c450
0x2c,0xdd,0xac,0x03,0x40,0xe4,0x21,0xbf,0x74,0xac,0x6c,0xe0,0xfc,0xcc,0x58,0x18,  // c460
0x78,0x14,0x98,0x04,0x50,0x5d,0xea,0xee,0xc8,0xeb,0x43,0x0c,0x1e,0x80,0x37,0x0f,  // c470
0xcb,0x0c,0xdf,0x02,0x52,0x7a,0x52,0x95,0xba,0xe6,0x54,0x8f,0x25,0x60,0x05,0xd3,  // c480
0xfd,0xcf,0x96,0x83,0xe6,0x18,0xa7,0xba,0x69,0x20,0x2a,0xf3,0x2e,0xb8,0xc6,0x47,  // c490
0xfd,0x83,0x7c,0x24,0x20,0xdf,0x50,0xe9,0x41,0x54,0xfa,0x57,0x1d,0x33,0xdc,0x4c,  // c4a0
0x7e,0xd2,0xcd,0x16,0x74,0x8b,0xd2,0x91,0x52,0xe9,0xf8,0xad,0xe4,0x3f,0x13,0xe0,  // c4b0
0x1d,0x47,0x81,0x1c,0x51,0x2e,0x47,0xb6,0xa6,0x23,0x77,0xd9,0xdd,0x0f,0x18,0x58,  // c4c0
0xe5,0x98,0xa1,0x63,0xe5,0xf9,0xd8,0xe3,0x48,0x76,0xea,0xa7,0xea,0x09,0x0f,0x57,  // c4d0
0x8f,0xff,0x44,0x5e,0x2f,0x9c,0x67,0x8e,0xda,0x13,0xe5,0x51,0x65,0xcc,0xd2,0x2c,  // c4e0
0x73,0x3f,0xd6,0x35,0x3b,0x83,0x01,0xb2,0xd1,0x58,0x5e,0xa6,0x7e,0x7f,0x07,0xf8,  // c4f0
0x4f,0xcf,0x4b,0x03,0x0a,0xe4,0x81,0xde,0x82,0xf7,0xfa,0x27,0xaf,0xaf,0x04,0xfb,  // c500
0x91,0x61,0x0f,0x42,0x86,0x2e,0x11,0x8b,0x63,0xb5,0xf9,0xf1,0x9a,0xdb,0xc5,0x79,  // c510
0xf6,0x39,0x93,0xd2,0x27,0x7a,0xd5,0xad,0xbc,0x22,0x78,0xae,0x81,0x52,0x37,0x18,  // c520
0x74,0x08,0x38,0xc7,0xb1,0xd8,0x4a,0xd9,0xb5,0x15,0x0b,0x0d,0x91,0x93,0x22,0x8f,  // c530
0x48,0x05,0x83,0x1c,0x6f,0xc7,0xce,0x87,0x22,0xdb,0x4d,0x50,0x75,0x38,0xeb,0xb2,  // c540
0x9a,0xc6,0xa3,0xe3,0x4a,0x79,0xc2,0xa9,0xeb,0x51,0x61,0xa4,0x92,0x06,0xa6,0x5f,  // c550
0x41,0xb8,0x8c,0x9c,0x9d,0x17,0x33,0xd4,0x33,0xd3,0xbc,0xa6,0x1b,0xc4,0xc7,0xdb,  // c560
0x28,0xf3,0xd7,0x81,0xc2,0xee,0x9f,0x84,0x00,0x08,0x6c,0x90,0x22,0xb5,0xb9,0x12,  // c570
0xf3,0xef,0x4d,0x22,0x73,0xea,0xc7,0xa5,0x00,0x0a,0x87,0x34,0x6b,0x22,0x68,0xd7,  // c580
0xef,0x6b,0xe1,0xea,0x0f,0xe5,0x39,0xcf,0x40,0x66,0xd4,0x00,0x83,0x15,0xa1,0xe6,  // c590
0x75,0xe3,0xcc,0xf2,0x29,0x2f,0x84,0x81,0xd0,0x7f,0x09,0xc1,0xe3,0x5a,0x49,0x60,  // c5a0
0x53,0x1c,0x80,0x6f,0xf4,0x3a,0xe5,0xa1,0xc4,0xdf,0x4b,0xb1,0x9c,0xb1,0x5b,0x38,  // c5b0
0x68,0x23,0x60,0x8b,0xb1,0x89,0x5e,0xca,0xb5,0xd7,0x9e,0xdd,0x03,0x9e,0x72,0x46,  // c5c0
0x42,0x2c,0x38,0xee,0x1d,0x2c,0xf6,0xfc,0xd1,0x46,0x83,0x6a,0xc2,0xa2,0x07,0x6c,  // c5d0
0xa9,0x1b,0xe3,0xb4,0x92,0xdb,0x19,0x9e,0x85,0x18,0x24,0x05,0x73,0x8b,0x09,0xc7,  // c5e0
0x93,0xe2,0x1b,0x62,0x77,0x52,0xa0,0xc5,0xa7,0x1e,0x6d,0xc6,0x4f,0xee,0xcb,0xb8,  // c5f0
0x38,0xdb,0xa2,0x3a,0x15,0x67,0x08,0xf7,0x28,0x33,0x04,0xdc,0xf1,0x74,0x7f,0x73,  // c600
0x03,0xc9,0xa5,0x44,0x6d,0x40,0x65,0x9a,0xf2,0x3f,0x05,0x53,0x2e,0x52,0x5f,0x50,  // c610
0x44,0x3b,0xcf,0x95,0x88,0x90,0xfe,0xc0,0xef,0x8f,0xc6,0xe7,0xb9,0x26,0x77,0x64,  // c620
0x15,0x0a,0x43,0xbb,0xaa,0x34,0x3e,0xf1,0xf5,0x19,0xdc,0x30,0x34,0x78,0xca,0x5e,  // c630
0x4d,0xe6,0x09,0xb5,0xea,0xe0,0xc6,0x96,0x72,0x20,0x13,0x3d,0x41,0x16,0x7d,0xb6,  // c640
0xe0,0x5f,0x4c,0x62,0x25,0x99,0x78,0xbc,0x8f,0xe8,0x57,0x8c,0xd1,0x5b,0x1c,0xe4,  // c650
0xd8,0x77,0xdf,0xba,0x6e,0xbf,0x96,0xeb,0x59,0xf1,0xb6,0xf7,0x62,0xb9,0x91,0x8e,  // c660
0xe7,0xaa,0xcb,0x34,0xa5,0x37,0x3e,0x93,0xb0,0xad,0xa4,0xb5,0xbb,0x27,0x36,0x72,  // c670
0xa1,0x95,0xfe,0x81,0x8e,0xc5,0x0d,0xb8,0x1c,0xd9,0x0d,0xa3,0xaa,0xb1,0xc3,0xce,  // c680
0x09,0x3b,0x7e,0x22,0xf2,0x36,0x11,0xe6,0xb1,0xa7,0xe8,0xa5,0x0a,0x4f,0x3a,0x21,  // c690
0xe6,0xe4,0x8e,0x55,0x57,0xc2,0xca,0x8f,0x9d,0xd1,0x62,0x4f,0xcd,0xe2,0x88,0xa9,  // c6a0
0x1f,0x9e,0xf2,0x2a,0xed,0x72,0xbd,0xb3,0x05,0x86,0x3b,0xa3,0x80,0x1b,0xeb,0x93,  // c6b0
0xa7,0x45,0xaf,0x75,0xa8,0xcf,0xac,0xe0,0xc3,0x33,0x05,0x66,0x30,0xf1,0x72,0xbc,  // c6c0
0x88,0x8b,0x8d,0x49,0xc9,0x01,0x6c,0x8c,0xb4,0x80,0x86,0x7f,0x7c,0xad,0x8f,0xeb,  // c6d0
0x6a,0xee,0xf0,0x9b,0x3b,0x02,0x87,0xaf,0xe1,0x20,0x68,0x9f,0xdb,0x98,0x73,0xa6,  // c6e0
0x05,0x2a,0xed,0x82,0xca,0xc2,0x68,0xdb,0x8c,0x14,0xa1,0x43,0x89,0x3f,0x08,0x88,  // c6f0
0x43,0x3a,0xd4,0x91,0xbe,0x79,0x21,0x89,0xb0,0x59,0x89,0x94,0x6b,0x4f,0x0a,0x6a,  // c700
0xd4,0x48,0x49,0x36,0x2e,0xd8,0x69,0xab,0x1c,0xb0,0xab,0x79,0x46,0xe3,0x8c,0x84,  // c710
0x09,0x9b,0xdb,0xc3,0x39,0x4e,0x44,0xd6,0x11,0x4e,0x0b,0x0c,0x0c,0x0e,0xd8,0xf2,  // c720
0xe5,0x40,0x69,0x1a,0xe4,0xb0,0xea,0x85,0x95,0x21,0x0e,0x0f,0x8f,0x11,0x8e,0x6f,  // c730
0x1f,0x91,0x03,0x21,0x1d,0x5d,0x65,0xa7,0xfb,0xa9,0xd1,0xd2,0xf2,0x95,0x71,0x4b,  // c740
0x67,0x75,0x44,0x69,0x64,0xb4,0x3e,0xd1,0x00,0x00,0x00,0x00,0x00,0x00,0x00,0x00,  // c750
0x00,0x00,0x00,0x00,0x00,0x00,0x00,0x00,0x01,0x00,0x00,0x00,0x03,0x00,0x00,0x00,  // c760
0x06,0x00,0x00,0x00,0x09,0x00,0x00,0x00,0x0d,0x00,0x00,0x00,0x10,0x00,0x00,0x00,  // c770
0x13,0x00,0x00,0x00,0x17,0x00,0x00,0x00,0x1a,0x00,0x00,0x00,0x00,0x00,0x00,0x00,  // c780
0x00,0x00,0x00,0x00,0x00,0x00,0x00,0x00,0x00,0x00,0x00,0x00,0x00,0x00,0x00,0x00,  // c790
0x00,0x00,0x00,0x00,0x00,0x00,0x00,0x00,0x00,0x00,0x00,0x00,0x00,0x00,0x00,0x00,  // c7a0
0x00,0x00,0x00,0x00,0x00,0x00,0x00,0x00,0x00,0x00,0x00,0x00,0x00,0x00,0x00,0x00,  // c7b0
0x00,0x00,0x00,0x00,0x00,0x00,0x00,0x00,0x00,0x00,0x00,0x00,0x00,0x00,0x00,0x00,  // c7c0
0x00,0x00,0x00,0x00,0x00,0x00,0x00,0x00,0x00,0x00,0x00,0x00,0x00,0x00,0x00,0x00,  // c7d0
0x00,0x00,0x00,0x00,0x00,0x00,0x00,0x00,0x00,0x00,0x00,0x00,0x00,0x00,0x00,0x00,  // c7e0
0x00,0x00,0x00,0x00,0x01,0x00,0x00,0x00,0x35,0x00,0x00,0x00,0x00,0x00,0x00,0x00,  // c7f0
0x00,0x00,0x00,0x00,0x00,0x00,0x00,0x00,0x00,0x00,0x00,0x00,0x00,0x00,0x00,0x00,  // c800
0x00,0x00,0x00,0x00,0x00,0x00,0x00,0x00,0x00,0x00,0x00,0x00,0x00,0x00,0x00,0x00,  // c810
0x00,0x00,0x00,0x00,0x00,0x00,0x00,0x00,0x00,0x00,0x00,0x00,0x00,0x00,0x00,0x00,  // c820
0x00,0x00,0x00,0x00,0x00,0x00,0x00,0x00,0x00,0x00,0x00,0x00,0x00,0x00,0x00,0x00,  // c830
0x00,0x00,0x00,0x00,0x00,0x00,0x00,0x00,0x00,0x00,0x00,0x00,0x00,0x00,0x00,0x00,  // c840
0x00,0x00,0x00,0x00,0x00,0x00,0x00,0x00,0x00,0x00,0x00,0x00,0x01,0x00,0x00,0x00,  // c850
0x32,0x35,0x00,0x00,0x00,0x00,0x00,0x00,0x00,0x00,0x00,0x00,0x00,0x00,0x00,0x00,  // c860
0x00,0x00,0x00,0x00,0x00,0x00,0x00,0x00,0x00,0x00,0x00,0x00,0x00,0x00,0x00,0x00,  // c870
0x00,0x00,0x00,0x00,0x00,0x00,0x00,0x00,0x00,0x00,0x00,0x00,0x00,0x00,0x00,0x00,  // c880
0x00,0x00,0x00,0x00,0x00,0x00,0x00,0x00,0x00,0x00,0x00,0x00,0x00,0x00,0x00,0x00,  // c890
0x00,0x00,0x00,0x00,0x00,0x00,0x00,0x00,0x00,0x00,0x00,0x00,0x00,0x00,0x00,0x00,  // c8a0
0x00,0x00,0x00,0x00,0x00,0x00,0x00,0x00,0x00,0x00,0x00,0x00,0x00,0x00,0x00,0x00,  // c8b0
0x00,0x00,0x00,0x00,0x01,0x00,0x00,0x00,0x31,0x32,0x35,0x00,0x00,0x00,0x00,0x00,  // c8c0
0x00,0x00,0x00,0x00,0x00,0x00,0x00,0x00,0x00,0x00,0x00,0x00,0x00,0x00,0x00,0x00,  // c8d0
0x00,0x00,0x00,0x00,0x00,0x00,0x00,0x00,0x00,0x00,0x00,0x00,0x00,0x00,0x00,0x00,  // c8e0
0x00,0x00,0x00,0x00,0x00,0x00,0x00,0x00,0x00,0x00,0x00,0x00,0x00,0x00,0x00,0x00,  // c8f0
0x00,0x00,0x00,0x00,0x00,0x00,0x00,0x00,0x00,0x00,0x00,0x00,0x00,0x00,0x00,0x00,  // c900
0x00,0x00,0x00,0x00,0x00,0x00,0x00,0x00,0x00,0x00,0x00,0x00,0x00,0x00,0x00,0x00,  // c910
0x00,0x00,0x00,0x00,0x00,0x00,0x00,0x00,0x00,0x00,0x00,0x00,0x02,0x00,0x00,0x00,  // c920
0x36,0x32,0x35,0x00,0x00,0x00,0x00,0x00,0x00,0x00,0x00,0x00,0x00,0x00,0x00,0x00,  // c930
0x00,0x00,0x00,0x00,0x00,0x00,0x00,0x00,0x00,0x00,0x00,0x00,0x00,0x00,0x00,0x00,  // c940
0x00,0x00,0x00,0x00,0x00,0x00,0x00,0x00,0x00,0x00,0x00,0x00,0x00,0x00,0x00,0x00,  // c950
0x00,0x00,0x00,0x00,0x00,0x00,0x00,0x00,0x00,0x00,0x00,0x00,0x00,0x00,0x00,0x00,  // c960
0x00,0x00,0x00,0x00,0x00,0x00,0x00,0x00,0x00,0x00,0x00,0x00,0x00,0x00,0x00,0x00,  // c970
0x00,0x00,0x00,0x00,0x00,0x00,0x00,0x00,0x00,0x00,0x00,0x00,0x00,0x00,0x00,0x00,  // c980
0x00,0x00,0x00,0x00,0x02,0x00,0x00,0x00,0x33,0x31,0x32,0x35,0x00,0x00,0x00,0x00,  // c990
0x00,0x00,0x00,0x00,0x00,0x00,0x00,0x00,0x00,0x00,0x00,0x00,0x00,0x00,0x00,0x00,  // c9a0
0x00,0x00,0x00,0x00,0x00,0x00,0x00,0x00,0x00,0x00,0x00,0x00,0x00,0x00,0x00,0x00,  // c9b0
0x00,0x00,0x00,0x00,0x00,0x00,0x00,0x00,0x00,0x00,0x00,0x00,0x00,0x00,0x00,0x00,  // c9c0
0x00,0x00,0x00,0x00,0x00,0x00,0x00,0x00,0x00,0x00,0x00,0x00,0x00,0x00,0x00,0x00,  // c9d0
0x00,0x00,0x00,0x00,0x00,0x00,0x00,0x00,0x00,0x00,0x00,0x00,0x00,0x00,0x00,0x00,  // c9e0
0x00,0x00,0x00,0x00,0x00,0x00,0x00,0x00,0x00,0x00,0x00,0x00,0x02,0x00,0x00,0x00,  // c9f0
0x31,0x35,0x36,0x32,0x35,0x00,0x00,0x00,0x00,0x00,0x00,0x00,0x00,0x00,0x00,0x00,  // ca00
0x00,0x00,0x00,0x00,0x00,0x00,0x00,0x00,0x00,0x00,0x00,0x00,0x00,0x00,0x00,0x00,  // ca10
0x00,0x00,0x00,0x00,0x00,0x00,0x00,0x00,0x00,0x00,0x00,0x00,0x00,0x00,0x00,0x00,  // ca20
0x00,0x00,0x00,0x00,0x00,0x00,0x00,0x00,0x00,0x00,0x00,0x00,0x00,0x00,0x00,0x00,  // ca30
0x00,0x00,0x00,0x00,0x00,0x00,0x00,0x00,0x00,0x00,0x00,0x00,0x00,0x00,0x00,0x00,  // ca40
0x00,0x00,0x00,0x00,0x00,0x00,0x00,0x00,0x00,0x00,0x00,0x00,0x00,0x00,0x00,0x00,  // ca50
0x00,0x00,0x00,0x00,0x03,0x00,0x00,0x00,0x37,0x38,0x31,0x32,0x35,0x00,0x00,0x00,  // ca60
0x00,0x00,0x00,0x00,0x00,0x00,0x00,0x00,0x00,0x00,0x00,0x00,0x00,0x00,0x00,0x00,  // ca70
0x00,0x00,0x00,0x00,0x00,0x00,0x00,0x00,0x00,0x00,0x00,0x00,0x00,0x00,0x00,0x00,  // ca80
0x00,0x00,0x00,0x00,0x00,0x00,0x00,0x00,0x00,0x00,0x00,0x00,0x00,0x00,0x00,0x00,  // ca90
0x00,0x00,0x00,0x00,0x00,0x00,0x00,0x00,0x00,0x00,0x00,0x00,0x00,0x00,0x00,0x00,  // caa0
0x00,0x00,0x00,0x00,0x00,0x00,0x00,0x00,0x00,0x00,0x00,0x00,0x00,0x00,0x00,0x00,  // cab0
0x00,0x00,0x00,0x00,0x00,0x00,0x00,0x00,0x00,0x00,0x00,0x00,0x03,0x00,0x00,0x00,  // cac0
0x33,0x39,0x30,0x36,0x32,0x35,0x00,0x00,0x00,0x00,0x00,0x00,0x00,0x00,0x00,0x00,  // cad0
0x00,0x00,0x00,0x00,0x00,0x00,0x00,0x00,0x00,0x00,0x00,0x00,0x00,0x00,0x00,0x00,  // cae0
0x00,0x00,0x00,0x00,0x00,0x00,0x00,0x00,0x00,0x00,0x00,0x00,0x00,0x00,0x00,0x00,  // caf0
0x00,0x00,0x00,0x00,0x00,0x00,0x00,0x00,0x00,0x00,0x00,0x00,0x00,0x00,0x00,0x00,  // cb00
0x00,0x00,0x00,0x00,0x00,0x00,0x00,0x00,0x00,0x00,0x00,0x00,0x00,0x00,0x00,0x00,  // cb10
0x00,0x00,0x00,0x00,0x00,0x00,0x00,0x00,0x00,0x00,0x00,0x00,0x00,0x00,0x00,0x00,  // cb20
0x00,0x00,0x00,0x00,0x03,0x00,0x00,0x00,0x31,0x39,0x35,0x33,0x31,0x32,0x35,0x00,  // cb30
0x00,0x00,0x00,0x00,0x00,0x00,0x00,0x00,0x00,0x00,0x00,0x00,0x00,0x00,0x00,0x00,  // cb40
0x00,0x00,0x00,0x00,0x00,0x00,0x00,0x00,0x00,0x00,0x00,0x00,0x00,0x00,0x00,0x00,  // cb50
0x00,0x00,0x00,0x00,0x00,0x00,0x00,0x00,0x00,0x00,0x00,0x00,0x00,0x00,0x00,0x00,  // cb60
0x00,0x00,0x00,0x00,0x00,0x00,0x00,0x00,0x00,0x00,0x00,0x00,0x00,0x00,0x00,0x00,  // cb70
0x00,0x00,0x00,0x00,0x00,0x00,0x00,0x00,0x00,0x00,0x00,0x00,0x00,0x00,0x00,0x00,  // cb80
0x00,0x00,0x00,0x00,0x00,0x00,0x00,0x00,0x00,0x00,0x00,0x00,0x04,0x00,0x00,0x00,  // cb90
0x39,0x37,0x36,0x35,0x36,0x32,0x35,0x00,0x00,0x00,0x00,0x00,0x00,0x00,0x00,0x00,  // cba0
0x00,0x00,0x00,0x00,0x00,0x00,0x00,0x00,0x00,0x00,0x00,0x00,0x00,0x00,0x00,0x00,  // cbb0
0x00,0x00,0x00,0x00,0x00,0x00,0x00,0x00,0x00,0x00,0x00,0x00,0x00,0x00,0x00,0x00,  // cbc0
0x00,0x00,0x00,0x00,0x00,0x00,0x00,0x00,0x00,0x00,0x00,0x00,0x00,0x00,0x00,0x00,  // cbd0
0x00,0x00,0x00,0x00,0x00,0x00,0x00,0x00,0x00,0x00,0x00,0x00,0x00,0x00,0x00,0x00,  // cbe0
0x00,0x00,0x00,0x00,0x00,0x00,0x00,0x00,0x00,0x00,0x00,0x00,0x00,0x00,0x00,0x00,  // cbf0
0x00,0x00,0x00,0x00,0x04,0x00,0x00,0x00,0x34,0x38,0x38,0x32,0x38,0x31,0x32,0x35,  // cc00
0x00,0x00,0x00,0x00,0x00,0x00,0x00,0x00,0x00,0x00,0x00,0x00,0x00,0x00,0x00,0x00,  // cc10
0x00,0x00,0x00,0x00,0x00,0x00,0x00,0x00,0x00,0x00,0x00,0x00,0x00,0x00,0x00,0x00,  // cc20
0x00,0x00,0x00,0x00,0x00,0x00,0x00,0x00,0x00,0x00,0x00,0x00,0x00,0x00,0x00,0x00,  // cc30
0x00,0x00,0x00,0x00,0x00,0x00,0x00,0x00,0x00,0x00,0x00,0x00,0x00,0x00,0x00,0x00,  // cc40
0x00,0x00,0x00,0x00,0x00,0x00,0x00,0x00,0x00,0x00,0x00,0x00,0x00,0x00,0x00,0x00,  // cc50
0x00,0x00,0x00,0x00,0x00,0x00,0x00,0x00,0x00,0x00,0x00,0x00,0x04,0x00,0x00,0x00,  // cc60
0x32,0x34,0x34,0x31,0x34,0x30,0x36,0x32,0x35,0x00,0x00,0x00,0x00,0x00,0x00,0x00,  // cc70
0x00,0x00,0x00,0x00,0x00,0x00,0x00,0x00,0x00,0x00,0x00,0x00,0x00,0x00,0x00,0x00,  // cc80
0x00,0x00,0x00,0x00,0x00,0x00,0x00,0x00,0x00,0x00,0x00,0x00,0x00,0x00,0x00,0x00,  // cc90
0x00,0x00,0x00,0x00,0x00,0x00,0x00,0x00,0x00,0x00,0x00,0x00,0x00,0x00,0x00,0x00,  // cca0
0x00,0x00,0x00,0x00,0x00,0x00,0x00,0x00,0x00,0x00,0x00,0x00,0x00,0x00,0x00,0x00,  // ccb0
0x00,0x00,0x00,0x00,0x00,0x00,0x00,0x00,0x00,0x00,0x00,0x00,0x00,0x00,0x00,0x00,  // ccc0
0x00,0x00,0x00,0x00,0x04,0x00,0x00,0x00,0x31,0x32,0x32,0x30,0x37,0x30,0x33,0x31,  // ccd0
0x32,0x35,0x00,0x00,0x00,0x00,0x00,0x00,0x00,0x00,0x00,0x00,0x00,0x00,0x00,0x00,  // cce0
0x00,0x00,0x00,0x00,0x00,0x00,0x00,0x00,0x00,0x00,0x00,0x00,0x00,0x00,0x00,0x00,  // ccf0
0x00,0x00,0x00,0x00,0x00,0x00,0x00,0x00,0x00,0x00,0x00,0x00,0x00,0x00,0x00,0x00,  // cd00
0x00,0x00,0x00,0x00,0x00,0x00,0x00,0x00,0x00,0x00,0x00,0x00,0x00,0x00,0x00,0x00,  // cd10
0x00,0x00,0x00,0x00,0x00,0x00,0x00,0x00,0x00,0x00,0x00,0x00,0x00,0x00,0x00,0x00,  // cd20
0x00,0x00,0x00,0x00,0x00,0x00,0x00,0x00,0x00,0x00,0x00,0x00,0x05,0x00,0x00,0x00,  // cd30
0x36,0x31,0x30,0x33,0x35,0x31,0x35,0x36,0x32,0x35,0x00,0x00,0x00,0x00,0x00,0x00,  // cd40
0x00,0x00,0x00,0x00,0x00,0x00,0x00,0x00,0x00,0x00,0x00,0x00,0x00,0x00,0x00,0x00,  // cd50
0x00,0x00,0x00,0x00,0x00,0x00,0x00,0x00,0x00,0x00,0x00,0x00,0x00,0x00,0x00,0x00,  // cd60
0x00,0x00,0x00,0x00,0x00,0x00,0x00,0x00,0x00,0x00,0x00,0x00,0x00,0x00,0x00,0x00,  // cd70
0x00,0x00,0x00,0x00,0x00,0x00,0x00,0x00,0x00,0x00,0x00,0x00,0x00,0x00,0x00,0x00,  // cd80
0x00,0x00,0x00,0x00,0x00,0x00,0x00,0x00,0x00,0x00,0x00,0x00,0x00,0x00,0x00,0x00,  // cd90
0x00,0x00,0x00,0x00,0x05,0x00,0x00,0x00,0x33,0x30,0x35,0x31,0x37,0x35,0x37,0x38,  // cda0
0x31,0x32,0x35,0x00,0x00,0x00,0x00,0x00,0x00,0x00,0x00,0x00,0x00,0x00,0x00,0x00,  // cdb0
0x00,0x00,0x00,0x00,0x00,0x00,0x00,0x00,0x00,0x00,0x00,0x00,0x00,0x00,0x00,0x00,  // cdc0
0x00,0x00,0x00,0x00,0x00,0x00,0x00,0x00,0x00,0x00,0x00,0x00,0x00,0x00,0x00,0x00,  // cdd0
0x00,0x00,0x00,0x00,0x00,0x00,0x00,0x00,0x00,0x00,0x00,0x00,0x00,0x00,0x00,0x00,  // cde0
0x00,0x00,0x00,0x00,0x00,0x00,0x00,0x00,0x00,0x00,0x00,0x00,0x00,0x00,0x00,0x00,  // cdf0
0x00,0x00,0x00,0x00,0x00,0x00,0x00,0x00,0x00,0x00,0x00,0x00,0x05,0x00,0x00,0x00,  // ce00
0x31,0x35,0x32,0x35,0x38,0x37,0x38,0x39,0x30,0x36,0x32,0x35,0x00,0x00,0x00,0x00,  // ce10
0x00,0x00,0x00,0x00,0x00,0x00,0x00,0x00,0x00,0x00,0x00,0x00,0x00,0x00,0x00,0x00,  // ce20
0x00,0x00,0x00,0x00,0x00,0x00,0x00,0x00,0x00,0x00,0x00,0x00,0x00,0x00,0x00,0x00,  // ce30
0x00,0x00,0x00,0x00,0x00,0x00,0x00,0x00,0x00,0x00,0x00,0x00,0x00,0x00,0x00,0x00,  // ce40
0x00,0x00,0x00,0x00,0x00,0x00,0x00,0x00,0x00,0x00,0x00,0x00,0x00,0x00,0x00,0x00,  // ce50
0x00,0x00,0x00,0x00,0x00,0x00,0x00,0x00,0x00,0x00,0x00,0x00,0x00,0x00,0x00,0x00,  // ce60
0x00,0x00,0x00,0x00,0x06,0x00,0x00,0x00,0x37,0x36,0x32,0x39,0x33,0x39,0x34,0x35,  // ce70
0x33,0x31,0x32,0x35,0x00,0x00,0x00,0x00,0x00,0x00,0x00,0x00,0x00,0x00,0x00,0x00,  // ce80
0x00,0x00,0x00,0x00,0x00,0x00,0x00,0x00,0x00,0x00,0x00,0x00,0x00,0x00,0x00,0x00,  // ce90
0x00,0x00,0x00,0x00,0x00,0x00,0x00,0x00,0x00,0x00,0x00,0x00,0x00,0x00,0x00,0x00,  // cea0
0x00,0x00,0x00,0x00,0x00,0x00,0x00,0x00,0x00,0x00,0x00,0x00,0x00,0x00,0x00,0x00,  // ceb0
0x00,0x00,0x00,0x00,0x00,0x00,0x00,0x00,0x00,0x00,0x00,0x00,0x00,0x00,0x00,0x00,  // cec0
0x00,0x00,0x00,0x00,0x00,0x00,0x00,0x00,0x00,0x00,0x00,0x00,0x06,0x00,0x00,0x00,  // ced0
0x33,0x38,0x31,0x34,0x36,0x39,0x37,0x32,0x36,0x35,0x36,0x32,0x35,0x00,0x00,0x00,  // cee0
0x00,0x00,0x00,0x00,0x00,0x00,0x00,0x00,0x00,0x00,0x00,0x00,0x00,0x00,0x00,0x00,  // cef0
0x00,0x00,0x00,0x00,0x00,0x00,0x00,0x00,0x00,0x00,0x00,0x00,0x00,0x00,0x00,0x00,  // cf00
0x00,0x00,0x00,0x00,0x00,0x00,0x00,0x00,0x00,0x00,0x00,0x00,0x00,0x00,0x00,0x00,  // cf10
0x00,0x00,0x00,0x00,0x00,0x00,0x00,0x00,0x00,0x00,0x00,0x00,0x00,0x00,0x00,0x00,  // cf20
0x00,0x00,0x00,0x00,0x00,0x00,0x00,0x00,0x00,0x00,0x00,0x00,0x00,0x00,0x00,0x00,  // cf30
0x00,0x00,0x00,0x00,0x06,0x00,0x00,0x00,0x31,0x39,0x30,0x37,0x33,0x34,0x38,0x36,  // cf40
0x33,0x32,0x38,0x31,0x32,0x35,0x00,0x00,0x00,0x00,0x00,0x00,0x00,0x00,0x00,0x00,  // cf50
0x00,0x00,0x00,0x00,0x00,0x00,0x00,0x00,0x00,0x00,0x00,0x00,0x00,0x00,0x00,0x00,  // cf60
0x00,0x00,0x00,0x00,0x00,0x00,0x00,0x00,0x00,0x00,0x00,0x00,0x00,0x00,0x00,0x00,  // cf70
0x00,0x00,0x00,0x00,0x00,0x00,0x00,0x00,0x00,0x00,0x00,0x00,0x00,0x00,0x00,0x00,  // cf80
0x00,0x00,0x00,0x00,0x00,0x00,0x00,0x00,0x00,0x00,0x00,0x00,0x00,0x00,0x00,0x00,  // cf90
0x00,0x00,0x00,0x00,0x00,0x00,0x00,0x00,0x00,0x00,0x00,0x00,0x07,0x00,0x00,0x00,  // cfa0
0x39,0x35,0x33,0x36,0x37,0x34,0x33,0x31,0x36,0x34,0x30,0x36,0x32,0x35,0x00,0x00,  // cfb0
0x00,0x00,0x00,0x00,0x00,0x00,0x00,0x00,0x00,0x00,0x00,0x00,0x00,0x00,0x00,0x00,  // cfc0
0x00,0x00,0x00,0x00,0x00,0x00,0x00,0x00,0x00,0x00,0x00,0x00,0x00,0x00,0x00,0x00,  // cfd0
0x00,0x00,0x00,0x00,0x00,0x00,0x00,0x00,0x00,0x00,0x00,0x00,0x00,0x00,0x00,0x00,  // cfe0
0x00,0x00,0x00,0x00,0x00,0x00,0x00,0x00,0x00,0x00,0x00,0x00,0x00,0x00,0x00,0x00,  // cff0
0x00,0x00,0x00,0x00,0x00,0x00,0x00,0x00,0x00,0x00,0x00,0x00,0x00,0x00,0x00,0x00,  // d000
0x00,0x00,0x00,0x00,0x07,0x00,0x00,0x00,0x34,0x37,0x36,0x38,0x33,0x37,0x31,0x35,  // d010
0x38,0x32,0x30,0x33,0x31,0x32,0x35,0x00,0x00,0x00,0x00,0x00,0x00,0x00,0x00,0x00,  // d020
0x00,0x00,0x00,0x00,0x00,0x00,0x00,0x00,0x00,0x00,0x00,0x00,0x00,0x00,0x00,0x00,  // d030
0x00,0x00,0x00,0x00,0x00,0x00,0x00,0x00,0x00,0x00,0x00,0x00,0x00,0x00,0x00,0x00,  // d040
0x00,0x00,0x00,0x00,0x00,0x00,0x00,0x00,0x00,0x00,0x00,0x00,0x00,0x00,0x00,0x00,  // d050
0x00,0x00,0x00,0x00,0x00,0x00,0x00,0x00,0x00,0x00,0x00,0x00,0x00,0x00,0x00,0x00,  // d060
0x00,0x00,0x00,0x00,0x00,0x00,0x00,0x00,0x00,0x00,0x00,0x00,0x07,0x00,0x00,0x00,  // d070
0x32,0x33,0x38,0x34,0x31,0x38,0x35,0x37,0x39,0x31,0x30,0x31,0x35,0x36,0x32,0x35,  // d080
0x00,0x00,0x00,0x00,0x00,0x00,0x00,0x00,0x00,0x00,0x00,0x00,0x00,0x00,0x00,0x00,  // d090
0x00,0x00,0x00,0x00,0x00,0x00,0x00,0x00,0x00,0x00,0x00,0x00,0x00,0x00,0x00,0x00,  // d0a0
0x00,0x00,0x00,0x00,0x00,0x00,0x00,0x00,0x00,0x00,0x00,0x00,0x00,0x00,0x00,0x00,  // d0b0
0x00,0x00,0x00,0x00,0x00,0x00,0x00,0x00,0x00,0x00,0x00,0x00,0x00,0x00,0x00,0x00,  // d0c0
0x00,0x00,0x00,0x00,0x00,0x00,0x00,0x00,0x00,0x00,0x00,0x00,0x00,0x00,0x00,0x00,  // d0d0
0x00,0x00,0x00,0x00,0x07,0x00,0x00,0x00,0x31,0x31,0x39,0x32,0x30,0x39,0x32,0x38,  // d0e0
0x39,0x35,0x35,0x30,0x37,0x38,0x31,0x32,0x35,0x00,0x00,0x00,0x00,0x00,0x00,0x00,  // d0f0
0x00,0x00,0x00,0x00,0x00,0x00,0x00,0x00,0x00,0x00,0x00,0x00,0x00,0x00,0x00,0x00,  // d100
0x00,0x00,0x00,0x00,0x00,0x00,0x00,0x00,0x00,0x00,0x00,0x00,0x00,0x00,0x00,0x00,  // d110
0x00,0x00,0x00,0x00,0x00,0x00,0x00,0x00,0x00,0x00,0x00,0x00,0x00,0x00,0x00,0x00,  // d120
0x00,0x00,0x00,0x00,0x00,0x00,0x00,0x00,0x00,0x00,0x00,0x00,0x00,0x00,0x00,0x00,  // d130
0x00,0x00,0x00,0x00,0x00,0x00,0x00,0x00,0x00,0x00,0x00,0x00,0x08,0x00,0x00,0x00,  // d140
0x35,0x39,0x36,0x30,0x34,0x36,0x34,0x34,0x37,0x37,0x35,0x33,0x39,0x30,0x36,0x32,  // d150
0x35,0x00,0x00,0x00,0x00,0x00,0x00,0x00,0x00,0x00,0x00,0x00,0x00,0x00,0x00,0x00,  // d160
0x00,0x00,0x00,0x00,0x00,0x00,0x00,0x00,0x00,0x00,0x00,0x00,0x00,0x00,0x00,0x00,  // d170
0x00,0x00,0x00,0x00,0x00,0x00,0x00,0x00,0x00,0x00,0x00,0x00,0x00,0x00,0x00,0x00,  // d180
0x00,0x00,0x00,0x00,0x00,0x00,0x00,0x00,0x00,0x00,0x00,0x00,0x00,0x00,0x00,0x00,  // d190
0x00,0x00,0x00,0x00,0x00,0x00,0x00,0x00,0x00,0x00,0x00,0x00,0x00,0x00,0x00,0x00,  // d1a0
0x00,0x00,0x00,0x00,0x08,0x00,0x00,0x00,0x32,0x39,0x38,0x30,0x32,0x33,0x32,0x32,  // d1b0
0x33,0x38,0x37,0x36,0x39,0x35,0x33,0x31,0x32,0x35,0x00,0x00,0x00,0x00,0x00,0x00,  // d1c0
0x00,0x00,0x00,0x00,0x00,0x00,0x00,0x00,0x00,0x00,0x00,0x00,0x00,0x00,0x00,0x00,  // d1d0
0x00,0x00,0x00,0x00,0x00,0x00,0x00,0x00,0x00,0x00,0x00,0x00,0x00,0x00,0x00,0x00,  // d1e0
0x00,0x00,0x00,0x00,0x00,0x00,0x00,0x00,0x00,0x00,0x00,0x00,0x00,0x00,0x00,0x00,  // d1f0
0x00,0x00,0x00,0x00,0x00,0x00,0x00,0x00,0x00,0x00,0x00,0x00,0x00,0x00,0x00,0x00,  // d200
0x00,0x00,0x00,0x00,0x00,0x00,0x00,0x00,0x00,0x00,0x00,0x00,0x08,0x00,0x00,0x00,  // d210
0x31,0x34,0x39,0x30,0x31,0x31,0x36,0x31,0x31,0x39,0x33,0x38,0x34,0x37,0x36,0x35,  // d220
0x36,0x32,0x35,0x00,0x00,0x00,0x00,0x00,0x00,0x00,0x00,0x00,0x00,0x00,0x00,0x00,  // d230
0x00,0x00,0x00,0x00,0x00,0x00,0x00,0x00,0x00,0x00,0x00,0x00,0x00,0x00,0x00,0x00,  // d240
0x00,0x00,0x00,0x00,0x00,0x00,0x00,0x00,0x00,0x00,0x00,0x00,0x00,0x00,0x00,0x00,  // d250
0x00,0x00,0x00,0x00,0x00,0x00,0x00,0x00,0x00,0x00,0x00,0x00,0x00,0x00,0x00,0x00,  // d260
0x00,0x00,0x00,0x00,0x00,0x00,0x00,0x00,0x00,0x00,0x00,0x00,0x00,0x00,0x00,0x00,  // d270
0x00,0x00,0x00,0x00,0x09,0x00,0x00,0x00,0x37,0x34,0x35,0x30,0x35,0x38,0x30,0x35,  // d280
0x39,0x36,0x39,0x32,0x33,0x38,0x32,0x38,0x31,0x32,0x35,0x00,0x00,0x00,0x00,0x00,  // d290
0x00,0x00,0x00,0x00,0x00,0x00,0x00,0x00,0x00,0x00,0x00,0x00,0x00,0x00,0x00,0x00,  // d2a0
0x00,0x00,0x00,0x00,0x00,0x00,0x00,0x00,0x00,0x00,0x00,0x00,0x00,0x00,0x00,0x00,  // d2b0
0x00,0x00,0x00,0x00,0x00,0x00,0x00,0x00,0x00,0x00,0x00,0x00,0x00,0x00,0x00,0x00,  // d2c0
0x00,0x00,0x00,0x00,0x00,0x00,0x00,0x00,0x00,0x00,0x00,0x00,0x00,0x00,0x00,0x00,  // d2d0
0x00,0x00,0x00,0x00,0x00,0x00,0x00,0x00,0x00,0x00,0x00,0x00,0x09,0x00,0x00,0x00,  // d2e0
0x33,0x37,0x32,0x35,0x32,0x39,0x30,0x32,0x39,0x38,0x34,0x36,0x31,0x39,0x31,0x34,  // d2f0
0x30,0x36,0x32,0x35,0x00,0x00,0x00,0x00,0x00,0x00,0x00,0x00,0x00,0x00,0x00,0x00,  // d300
0x00,0x00,0x00,0x00,0x00,0x00,0x00,0x00,0x00,0x00,0x00,0x00,0x00,0x00,0x00,0x00,  // d310
0x00,0x00,0x00,0x00,0x00,0x00,0x00,0x00,0x00,0x00,0x00,0x00,0x00,0x00,0x00,0x00,  // d320
0x00,0x00,0x00,0x00,0x00,0x00,0x00,0x00,0x00,0x00,0x00,0x00,0x00,0x00,0x00,0x00,  // d330
0x00,0x00,0x00,0x00,0x00,0x00,0x00,0x00,0x00,0x00,0x00,0x00,0x00,0x00,0x00,0x00,  // d340
0x00,0x00,0x00,0x00,0x09,0x00,0x00,0x00,0x31,0x38,0x36,0x32,0x36,0x34,0x35,0x31,  // d350
0x34,0x39,0x32,0x33,0x30,0x39,0x35,0x37,0x30,0x33,0x31,0x32,0x35,0x00,0x00,0x00,  // d360
0x00,0x00,0x00,0x00,0x00,0x00,0x00,0x00,0x00,0x00,0x00,0x00,0x00,0x00,0x00,0x00,  // d370
0x00,0x00,0x00,0x00,0x00,0x00,0x00,0x00,0x00,0x00,0x00,0x00,0x00,0x00,0x00,0x00,  // d380
0x00,0x00,0x00,0x00,0x00,0x00,0x00,0x00,0x00,0x00,0x00,0x00,0x00,0x00,0x00,0x00,  // d390
0x00,0x00,0x00,0x00,0x00,0x00,0x00,0x00,0x00,0x00,0x00,0x00,0x00,0x00,0x00,0x00,  // d3a0
0x00,0x00,0x00,0x00,0x00,0x00,0x00,0x00,0x00,0x00,0x00,0x00,0x0a,0x00,0x00,0x00,  // d3b0
0x39,0x33,0x31,0x33,0x32,0x32,0x35,0x37,0x34,0x36,0x31,0x35,0x34,0x37,0x38,0x35,  // d3c0
0x31,0x35,0x36,0x32,0x35,0x00,0x00,0x00,0x00,0x00,0x00,0x00,0x00,0x00,0x00,0x00,  // d3d0
0x00,0x00,0x00,0x00,0x00,0x00,0x00,0x00,0x00,0x00,0x00,0x00,0x00,0x00,0x00,0x00,  // d3e0
0x00,0x00,0x00,0x00,0x00,0x00,0x00,0x00,0x00,0x00,0x00,0x00,0x00,0x00,0x00,0x00,  // d3f0
0x00,0x00,0x00,0x00,0x00,0x00,0x00,0x00,0x00,0x00,0x00,0x00,0x00,0x00,0x00,0x00,  // d400
0x00,0x00,0x00,0x00,0x00,0x00,0x00,0x00,0x00,0x00,0x00,0x00,0x00,0x00,0x00,0x00,  // d410
0x00,0x00,0x00,0x00,0x0a,0x00,0x00,0x00,0x34,0x36,0x35,0x36,0x36,0x31,0x32,0x38,  // d420
0x37,0x33,0x30,0x37,0x37,0x33,0x39,0x32,0x35,0x37,0x38,0x31,0x32,0x35,0x00,0x00,  // d430
0x00,0x00,0x00,0x00,0x00,0x00,0x00,0x00,0x00,0x00,0x00,0x00,0x00,0x00,0x00,0x00,  // d440
0x00,0x00,0x00,0x00,0x00,0x00,0x00,0x00,0x00,0x00,0x00,0x00,0x00,0x00,0x00,0x00,  // d450
0x00,0x00,0x00,0x00,0x00,0x00,0x00,0x00,0x00,0x00,0x00,0x00,0x00,0x00,0x00,0x00,  // d460
0x00,0x00,0x00,0x00,0x00,0x00,0x00,0x00,0x00,0x00,0x00,0x00,0x00,0x00,0x00,0x00,  // d470
0x00,0x00,0x00,0x00,0x00,0x00,0x00,0x00,0x00,0x00,0x00,0x00,0x0a,0x00,0x00,0x00,  // d480
0x32,0x33,0x32,0x38,0x33,0x30,0x36,0x34,0x33,0x36,0x35,0x33,0x38,0x36,0x39,0x36,  // d490
0x32,0x38,0x39,0x30,0x36,0x32,0x35,0x00,0x00,0x00,0x00,0x00,0x00,0x00,0x00,0x00,  // d4a0
0x00,0x00,0x00,0x00,0x00,0x00,0x00,0x00,0x00,0x00,0x00,0x00,0x00,0x00,0x00,0x00,  // d4b0
0x00,0x00,0x00,0x00,0x00,0x00,0x00,0x00,0x00,0x00,0x00,0x00,0x00,0x00,0x00,0x00,  // d4c0
0x00,0x00,0x00,0x00,0x00,0x00,0x00,0x00,0x00,0x00,0x00,0x00,0x00,0x00,0x00,0x00,  // d4d0
0x00,0x00,0x00,0x00,0x00,0x00,0x00,0x00,0x00,0x00,0x00,0x00,0x00,0x00,0x00,0x00,  // d4e0
0x00,0x00,0x00,0x00,0x0a,0x00,0x00,0x00,0x31,0x31,0x36,0x34,0x31,0x35,0x33,0x32,  // d4f0
0x31,0x38,0x32,0x36,0x39,0x33,0x34,0x38,0x31,0x34,0x34,0x35,0x33,0x31,0x32,0x35,  // d500
0x00,0x00,0x00,0x00,0x00,0x00,0x00,0x00,0x00,0x00,0x00,0x00,0x00,0x00,0x00,0x00,  // d510
0x00,0x00,0x00,0x00,0x00,0x00,0x00,0x00,0x00,0x00,0x00,0x00,0x00,0x00,0x00,0x00,  // d520
0x00,0x00,0x00,0x00,0x00,0x00,0x00,0x00,0x00,0x00,0x00,0x00,0x00,0x00,0x00,0x00,  // d530
0x00,0x00,0x00,0x00,0x00,0x00,0x00,0x00,0x00,0x00,0x00,0x00,0x00,0x00,0x00,0x00,  // d540
0x00,0x00,0x00,0x00,0x00,0x00,0x00,0x00,0x00,0x00,0x00,0x00,0x0b,0x00,0x00,0x00,  // d550
0x35,0x38,0x32,0x30,0x37,0x36,0x36,0x30,0x39,0x31,0x33,0x34,0x36,0x37,0x34,0x30,  // d560
0x37,0x32,0x32,0x36,0x35,0x36,0x32,0x35,0x00,0x00,0x00,0x00,0x00,0x00,0x00,0x00,  // d570
0x00,0x00,0x00,0x00,0x00,0x00,0x00,0x00,0x00,0x00,0x00,0x00,0x00,0x00,0x00,0x00,  // d580
0x00,0x00,0x00,0x00,0x00,0x00,0x00,0x00,0x00,0x00,0x00,0x00,0x00,0x00,0x00,0x00,  // d590
0x00,0x00,0x00,0x00,0x00,0x00,0x00,0x00,0x00,0x00,0x00,0x00,0x00,0x00,0x00,0x00,  // d5a0
0x00,0x00,0x00,0x00,0x00,0x00,0x00,0x00,0x00,0x00,0x00,0x00,0x00,0x00,0x00,0x00,  // d5b0
0x00,0x00,0x00,0x00,0x0b,0x00,0x00,0x00,0x32,0x39,0x31,0x30,0x33,0x38,0x33,0x30,  // d5c0
0x34,0x35,0x36,0x37,0x33,0x33,0x37,0x30,0x33,0x36,0x31,0x33,0x32,0x38,0x31,0x32,  // d5d0
0x35,0x00,0x00,0x00,0x00,0x00,0x00,0x00,0x00,0x00,0x00,0x00,0x00,0x00,0x00,0x00,  // d5e0
0x00,0x00,0x00,0x00,0x00,0x00,0x00,0x00,0x00,0x00,0x00,0x00,0x00,0x00,0x00,0x00,  // d5f0
0x00,0x00,0x00,0x00,0x00,0x00,0x00,0x00,0x00,0x00,0x00,0x00,0x00,0x00,0x00,0x00,  // d600
0x00,0x00,0x00,0x00,0x00,0x00,0x00,0x00,0x00,0x00,0x00,0x00,0x00,0x00,0x00,0x00,  // d610
0x00,0x00,0x00,0x00,0x00,0x00,0x00,0x00,0x00,0x00,0x00,0x00,0x0b,0x00,0x00,0x00,  // d620
0x31,0x34,0x35,0x35,0x31,0x39,0x31,0x35,0x32,0x32,0x38,0x33,0x36,0x36,0x38,0x35,  // d630
0x31,0x38,0x30,0x36,0x36,0x34,0x30,0x36,0x32,0x35,0x00,0x00,0x00,0x00,0x00,0x00,  // d640
0x00,0x00,0x00,0x00,0x00,0x00,0x00,0x00,0x00,0x00,0x00,0x00,0x00,0x00,0x00,0x00,  // d650
0x00,0x00,0x00,0x00,0x00,0x00,0x00,0x00,0x00,0x00,0x00,0x00,0x00,0x00,0x00,0x00,  // d660
0x00,0x00,0x00,0x00,0x00,0x00,0x00,0x00,0x00,0x00,0x00,0x00,0x00,0x00,0x00,0x00,  // d670
0x00,0x00,0x00,0x00,0x00,0x00,0x00,0x00,0x00,0x00,0x00,0x00,0x00,0x00,0x00,0x00,  // d680
0x00,0x00,0x00,0x00,0x0c,0x00,0x00,0x00,0x37,0x32,0x37,0x35,0x39,0x35,0x37,0x36,  // d690
0x31,0x34,0x31,0x38,0x33,0x34,0x32,0x35,0x39,0x30,0x33,0x33,0x32,0x30,0x33,0x31,  // d6a0
0x32,0x35,0x00,0x00,0x00,0x00,0x00,0x00,0x00,0x00,0x00,0x00,0x00,0x00,0x00,0x00,  // d6b0
0x00,0x00,0x00,0x00,0x00,0x00,0x00,0x00,0x00,0x00,0x00,0x00,0x00,0x00,0x00,0x00,  // d6c0
0x00,0x00,0x00,0x00,0x00,0x00,0x00,0x00,0x00,0x00,0x00,0x00,0x00,0x00,0x00,0x00,  // d6d0
0x00,0x00,0x00,0x00,0x00,0x00,0x00,0x00,0x00,0x00,0x00,0x00,0x00,0x00,0x00,0x00,  // d6e0
0x00,0x00,0x00,0x00,0x00,0x00,0x00,0x00,0x00,0x00,0x00,0x00,0x0c,0x00,0x00,0x00,  // d6f0
0x33,0x36,0x33,0x37,0x39,0x37,0x38,0x38,0x30,0x37,0x30,0x39,0x31,0x37,0x31,0x32,  // d700
0x39,0x35,0x31,0x36,0x36,0x30,0x31,0x35,0x36,0x32,0x35,0x00,0x00,0x00,0x00,0x00,  // d710
0x00,0x00,0x00,0x00,0x00,0x00,0x00,0x00,0x00,0x00,0x00,0x00,0x00,0x00,0x00,0x00,  // d720
0x00,0x00,0x00,0x00,0x00,0x00,0x00,0x00,0x00,0x00,0x00,0x00,0x00,0x00,0x00,0x00,  // d730
0x00,0x00,0x00,0x00,0x00,0x00,0x00,0x00,0x00,0x00,0x00,0x00,0x00,0x00,0x00,0x00,  // d740
0x00,0x00,0x00,0x00,0x00,0x00,0x00,0x00,0x00,0x00,0x00,0x00,0x00,0x00,0x00,0x00,  // d750
0x00,0x00,0x00,0x00,0x0c,0x00,0x00,0x00,0x31,0x38,0x31,0x38,0x39,0x38,0x39,0x34,  // d760
0x30,0x33,0x35,0x34,0x35,0x38,0x35,0x36,0x34,0x37,0x35,0x38,0x33,0x30,0x30,0x37,  // d770
0x38,0x31,0x32,0x35,0x00,0x00,0x00,0x00,0x00,0x00,0x00,0x00,0x00,0x00,0x00,0x00,  // d780
0x00,0x00,0x00,0x00,0x00,0x00,0x00,0x00,0x00,0x00,0x00,0x00,0x00,0x00,0x00,0x00,  // d790
0x00,0x00,0x00,0x00,0x00,0x00,0x00,0x00,0x00,0x00,0x00,0x00,0x00,0x00,0x00,0x00,  // d7a0
0x00,0x00,0x00,0x00,0x00,0x00,0x00,0x00,0x00,0x00,0x00,0x00,0x00,0x00,0x00,0x00,  // d7b0
0x00,0x00,0x00,0x00,0x00,0x00,0x00,0x00,0x00,0x00,0x00,0x00,0x0d,0x00,0x00,0x00,  // d7c0
0x39,0x30,0x39,0x34,0x39,0x34,0x37,0x30,0x31,0x37,0x37,0x32,0x39,0x32,0x38,0x32,  // d7d0
0x33,0x37,0x39,0x31,0x35,0x30,0x33,0x39,0x30,0x36,0x32,0x35,0x00,0x00,0x00,0x00,  // d7e0
0x00,0x00,0x00,0x00,0x00,0x00,0x00,0x00,0x00,0x00,0x00,0x00,0x00,0x00,0x00,0x00,  // d7f0
0x00,0x00,0x00,0x00,0x00,0x00,0x00,0x00,0x00,0x00,0x00,0x00,0x00,0x00,0x00,0x00,  // d800
0x00,0x00,0x00,0x00,0x00,0x00,0x00,0x00,0x00,0x00,0x00,0x00,0x00,0x00,0x00,0x00,  // d810
0x00,0x00,0x00,0x00,0x00,0x00,0x00,0x00,0x00,0x00,0x00,0x00,0x00,0x00,0x00,0x00,  // d820
0x00,0x00,0x00,0x00,0x0d,0x00,0x00,0x00,0x34,0x35,0x34,0x37,0x34,0x37,0x33,0x35,  // d830
0x30,0x38,0x38,0x36,0x34,0x36,0x34,0x31,0x31,0x38,0x39,0x35,0x37,0x35,0x31,0x39,  // d840
0x35,0x33,0x31,0x32,0x35,0x00,0x00,0x00,0x00,0x00,0x00,0x00,0x00,0x00,0x00,0x00,  // d850
0x00,0x00,0x00,0x00,0x00,0x00,0x00,0x00,0x00,0x00,0x00,0x00,0x00,0x00,0x00,0x00,  // d860
0x00,0x00,0x00,0x00,0x00,0x00,0x00,0x00,0x00,0x00,0x00,0x00,0x00,0x00,0x00,0x00,  // d870
0x00,0x00,0x00,0x00,0x00,0x00,0x00,0x00,0x00,0x00,0x00,0x00,0x00,0x00,0x00,0x00,  // d880
0x00,0x00,0x00,0x00,0x00,0x00,0x00,0x00,0x00,0x00,0x00,0x00,0x0d,0x00,0x00,0x00,  // d890
0x32,0x32,0x37,0x33,0x37,0x33,0x36,0x37,0x35,0x34,0x34,0x33,0x32,0x33,0x32,0x30,  // d8a0
0x35,0x39,0x34,0x37,0x38,0x37,0x35,0x39,0x37,0x36,0x35,0x36,0x32,0x35,0x00,0x00,  // d8b0
0x00,0x00,0x00,0x00,0x00,0x00,0x00,0x00,0x00,0x00,0x00,0x00,0x00,0x00,0x00,0x00,  // d8c0
0x00,0x00,0x00,0x00,0x00,0x00,0x00,0x00,0x00,0x00,0x00,0x00,0x00,0x00,0x00,0x00,  // d8d0
0x00,0x00,0x00,0x00,0x00,0x00,0x00,0x00,0x00,0x00,0x00,0x00,0x00,0x00,0x00,0x00,  // d8e0
0x00,0x00,0x00,0x00,0x00,0x00,0x00,0x00,0x00,0x00,0x00,0x00,0x00,0x00,0x00,0x00,  // d8f0
0x00,0x00,0x00,0x00,0x0d,0x00,0x00,0x00,0x31,0x31,0x33,0x36,0x38,0x36,0x38,0x33,  // d900
0x37,0x37,0x32,0x31,0x36,0x31,0x36,0x30,0x32,0x39,0x37,0x33,0x39,0x33,0x37,0x39,  // d910
0x38,0x38,0x32,0x38,0x31,0x32,0x35,0x00,0x00,0x00,0x00,0x00,0x00,0x00,0x00,0x00,  // d920
0x00,0x00,0x00,0x00,0x00,0x00,0x00,0x00,0x00,0x00,0x00,0x00,0x00,0x00,0x00,0x00,  // d930
0x00,0x00,0x00,0x00,0x00,0x00,0x00,0x00,0x00,0x00,0x00,0x00,0x00,0x00,0x00,0x00,  // d940
0x00,0x00,0x00,0x00,0x00,0x00,0x00,0x00,0x00,0x00,0x00,0x00,0x00,0x00,0x00,0x00,  // d950
0x00,0x00,0x00,0x00,0x00,0x00,0x00,0x00,0x00,0x00,0x00,0x00,0x0e,0x00,0x00,0x00,  // d960
0x35,0x36,0x38,0x34,0x33,0x34,0x31,0x38,0x38,0x36,0x30,0x38,0x30,0x38,0x30,0x31,  // d970
0x34,0x38,0x36,0x39,0x36,0x38,0x39,0x39,0x34,0x31,0x34,0x30,0x36,0x32,0x35,0x00,  // d980
0x00,0x00,0x00,0x00,0x00,0x00,0x00,0x00,0x00,0x00,0x00,0x00,0x00,0x00,0x00,0x00,  // d990
0x00,0x00,0x00,0x00,0x00,0x00,0x00,0x00,0x00,0x00,0x00,0x00,0x00,0x00,0x00,0x00,  // d9a0
0x00,0x00,0x00,0x00,0x00,0x00,0x00,0x00,0x00,0x00,0x00,0x00,0x00,0x00,0x00,0x00,  // d9b0
0x00,0x00,0x00,0x00,0x00,0x00,0x00,0x00,0x00,0x00,0x00,0x00,0x00,0x00,0x00,0x00,  // d9c0
0x00,0x00,0x00,0x00,0x0e,0x00,0x00,0x00,0x32,0x38,0x34,0x32,0x31,0x37,0x30,0x39,  // d9d0
0x34,0x33,0x30,0x34,0x30,0x34,0x30,0x30,0x37,0x34,0x33,0x34,0x38,0x34,0x34,0x39,  // d9e0
0x37,0x30,0x37,0x30,0x33,0x31,0x32,0x35,0x00,0x00,0x00,0x00,0x00,0x00,0x00,0x00,  // d9f0
0x00,0x00,0x00,0x00,0x00,0x00,0x00,0x00,0x00,0x00,0x00,0x00,0x00,0x00,0x00,0x00,  // da00
0x00,0x00,0x00,0x00,0x00,0x00,0x00,0x00,0x00,0x00,0x00,0x00,0x00,0x00,0x00,0x00,  // da10
0x00,0x00,0x00,0x00,0x00,0x00,0x00,0x00,0x00,0x00,0x00,0x00,0x00,0x00,0x00,0x00,  // da20
0x00,0x00,0x00,0x00,0x00,0x00,0x00,0x00,0x00,0x00,0x00,0x00,0x0e,0x00,0x00,0x00,  // da30
0x31,0x34,0x32,0x31,0x30,0x38,0x35,0x34,0x37,0x31,0x35,0x32,0x30,0x32,0x30,0x30,  // da40
0x33,0x37,0x31,0x37,0x34,0x32,0x32,0x34,0x38,0x35,0x33,0x35,0x31,0x35,0x36,0x32,  // da50
0x35,0x00,0x00,0x00,0x00,0x00,0x00,0x00,0x00,0x00,0x00,0x00,0x00,0x00,0x00,0x00,  // da60
0x00,0x00,0x00,0x00,0x00,0x00,0x00,0x00,0x00,0x00,0x00,0x00,0x00,0x00,0x00,0x00,  // da70
0x00,0x00,0x00,0x00,0x00,0x00,0x00,0x00,0x00,0x00,0x00,0x00,0x00,0x00,0x00,0x00,  // da80
0x00,0x00,0x00,0x00,0x00,0x00,0x00,0x00,0x00,0x00,0x00,0x00,0x00,0x00,0x00,0x00,  // da90
0x00,0x00,0x00,0x00,0x0f,0x00,0x00,0x00,0x37,0x31,0x30,0x35,0x34,0x32,0x37,0x33,  // daa0
0x35,0x37,0x36,0x30,0x31,0x30,0x30,0x31,0x38,0x35,0x38,0x37,0x31,0x31,0x32,0x34,  // dab0
0x32,0x36,0x37,0x35,0x37,0x38,0x31,0x32,0x35,0x00,0x00,0x00,0x00,0x00,0x00,0x00,  // dac0
0x00,0x00,0x00,0x00,0x00,0x00,0x00,0x00,0x00,0x00,0x00,0x00,0x00,0x00,0x00,0x00,  // dad0
0x00,0x00,0x00,0x00,0x00,0x00,0x00,0x00,0x00,0x00,0x00,0x00,0x00,0x00,0x00,0x00,  // dae0
0x00,0x00,0x00,0x00,0x00,0x00,0x00,0x00,0x00,0x00,0x00,0x00,0x00,0x00,0x00,0x00,  // daf0
0x00,0x00,0x00,0x00,0x00,0x00,0x00,0x00,0x00,0x00,0x00,0x00,0x0f,0x00,0x00,0x00,  // db00
0x33,0x35,0x35,0x32,0x37,0x31,0x33,0x36,0x37,0x38,0x38,0x30,0x30,0x35,0x30,0x30,  // db10
0x39,0x32,0x39,0x33,0x35,0x35,0x36,0x32,0x31,0x33,0x33,0x37,0x38,0x39,0x30,0x36,  // db20
0x32,0x35,0x00,0x00,0x00,0x00,0x00,0x00,0x00,0x00,0x00,0x00,0x00,0x00,0x00,0x00,  // db30
0x00,0x00,0x00,0x00,0x00,0x00,0x00,0x00,0x00,0x00,0x00,0x00,0x00,0x00,0x00,0x00,  // db40
0x00,0x00,0x00,0x00,0x00,0x00,0x00,0x00,0x00,0x00,0x00,0x00,0x00,0x00,0x00,0x00,  // db50
0x00,0x00,0x00,0x00,0x00,0x00,0x00,0x00,0x00,0x00,0x00,0x00,0x00,0x00,0x00,0x00,  // db60
0x00,0x00,0x00,0x00,0x0f,0x00,0x00,0x00,0x31,0x37,0x37,0x36,0x33,0x35,0x36,0x38,  // db70
0x33,0x39,0x34,0x30,0x30,0x32,0x35,0x30,0x34,0x36,0x34,0x36,0x37,0x37,0x38,0x31,  // db80
0x30,0x36,0x36,0x38,0x39,0x34,0x35,0x33,0x31,0x32,0x35,0x00,0x00,0x00,0x00,0x00,  // db90
0x00,0x00,0x00,0x00,0x00,0x00,0x00,0x00,0x00,0x00,0x00,0x00,0x00,0x00,0x00,0x00,  // dba0
0x00,0x00,0x00,0x00,0x00,0x00,0x00,0x00,0x00,0x00,0x00,0x00,0x00,0x00,0x00,0x00,  // dbb0
0x00,0x00,0x00,0x00,0x00,0x00,0x00,0x00,0x00,0x00,0x00,0x00,0x00,0x00,0x00,0x00,  // dbc0
0x00,0x00,0x00,0x00,0x00,0x00,0x00,0x00,0x00,0x00,0x00,0x00,0x10,0x00,0x00,0x00,  // dbd0
0x38,0x38,0x38,0x31,0x37,0x38,0x34,0x31,0x39,0x37,0x30,0x30,0x31,0x32,0x35,0x32,  // dbe0
0x33,0x32,0x33,0x33,0x38,0x39,0x30,0x35,0x33,0x33,0x34,0x34,0x37,0x32,0x36,0x35,  // dbf0
0x36,0x32,0x35,0x00,0x00,0x00,0x00,0x00,0x00,0x00,0x00,0x00,0x00,0x00,0x00,0x00,  // dc00
0x00,0x00,0x00,0x00,0x00,0x00,0x00,0x00,0x00,0x00,0x00,0x00,0x00,0x00,0x00,0x00,  // dc10
0x00,0x00,0x00,0x00,0x00,0x00,0x00,0x00,0x00,0x00,0x00,0x00,0x00,0x00,0x00,0x00,  // dc20
0x00,0x00,0x00,0x00,0x00,0x00,0x00,0x00,0x00,0x00,0x00,0x00,0x00,0x00,0x00,0x00,  // dc30
0x00,0x00,0x00,0x00,0x10,0x00,0x00,0x00,0x34,0x34,0x34,0x30,0x38,0x39,0x32,0x30,  // dc40
0x39,0x38,0x35,0x30,0x30,0x36,0x32,0x36,0x31,0x36,0x31,0x36,0x39,0x34,0x35,0x32,  // dc50
0x36,0x36,0x37,0x32,0x33,0x36,0x33,0x32,0x38,0x31,0x32,0x35,0x00,0x00,0x00,0x00,  // dc60
0x00,0x00,0x00,0x00,0x00,0x00,0x00,0x00,0x00,0x00,0x00,0x00,0x00,0x00,0x00,0x00,  // dc70
0x00,0x00,0x00,0x00,0x00,0x00,0x00,0x00,0x00,0x00,0x00,0x00,0x00,0x00,0x00,0x00,  // dc80
0x00,0x00,0x00,0x00,0x00,0x00,0x00,0x00,0x00,0x00,0x00,0x00,0x00,0x00,0x00,0x00,  // dc90
0x00,0x00,0x00,0x00,0x00,0x00,0x00,0x00,0x00,0x00,0x00,0x00,0x10,0x00,0x00,0x00,  // dca0
0x32,0x32,0x32,0x30,0x34,0x34,0x36,0x30,0x34,0x39,0x32,0x35,0x30,0x33,0x31,0x33,  // dcb0
0x30,0x38,0x30,0x38,0x34,0x37,0x32,0x36,0x33,0x33,0x33,0x36,0x31,0x38,0x31,0x36,  // dcc0
0x34,0x30,0x36,0x32,0x35,0x00,0x00,0x00,0x00,0x00,0x00,0x00,0x00,0x00,0x00,0x00,  // dcd0
0x00,0x00,0x00,0x00,0x00,0x00,0x00,0x00,0x00,0x00,0x00,0x00,0x00,0x00,0x00,0x00,  // dce0
0x00,0x00,0x00,0x00,0x00,0x00,0x00,0x00,0x00,0x00,0x00,0x00,0x00,0x00,0x00,0x00,  // dcf0
0x00,0x00,0x00,0x00,0x00,0x00,0x00,0x00,0x00,0x00,0x00,0x00,0x00,0x00,0x00,0x00,  // dd00
0x00,0x00,0x00,0x00,0x10,0x00,0x00,0x00,0x31,0x31,0x31,0x30,0x32,0x32,0x33,0x30,  // dd10
0x32,0x34,0x36,0x32,0x35,0x31,0x35,0x36,0x35,0x34,0x30,0x34,0x32,0x33,0x36,0x33,  // dd20
0x31,0x36,0x36,0x38,0x30,0x39,0x30,0x38,0x32,0x30,0x33,0x31,0x32,0x35,0x00,0x00,  // dd30
0x00,0x00,0x00,0x00,0x00,0x00,0x00,0x00,0x00,0x00,0x00,0x00,0x00,0x00,0x00,0x00,  // dd40
0x00,0x00,0x00,0x00,0x00,0x00,0x00,0x00,0x00,0x00,0x00,0x00,0x00,0x00,0x00,0x00,  // dd50
0x00,0x00,0x00,0x00,0x00,0x00,0x00,0x00,0x00,0x00,0x00,0x00,0x00,0x00,0x00,0x00,  // dd60
0x00,0x00,0x00,0x00,0x00,0x00,0x00,0x00,0x00,0x00,0x00,0x00,0x11,0x00,0x00,0x00,  // dd70
0x35,0x35,0x35,0x31,0x31,0x31,0x35,0x31,0x32,0x33,0x31,0x32,0x35,0x37,0x38,0x32,  // dd80
0x37,0x30,0x32,0x31,0x31,0x38,0x31,0x35,0x38,0x33,0x34,0x30,0x34,0x35,0x34,0x31,  // dd90
0x30,0x31,0x35,0x36,0x32,0x35,0x00,0x00,0x00,0x00,0x00,0x00,0x00,0x00,0x00,0x00,  // dda0
0x00,0x00,0x00,0x00,0x00,0x00,0x00,0x00,0x00,0x00,0x00,0x00,0x00,0x00,0x00,0x00,  // ddb0
0x00,0x00,0x00,0x00,0x00,0x00,0x00,0x00,0x00,0x00,0x00,0x00,0x00,0x00,0x00,0x00,  // ddc0
0x00,0x00,0x00,0x00,0x00,0x00,0x00,0x00,0x00,0x00,0x00,0x00,0x00,0x00,0x00,0x00,  // ddd0
0x00,0x00,0x00,0x00,0x11,0x00,0x00,0x00,0x32,0x37,0x37,0x35,0x35,0x35,0x37,0x35,  // dde0
0x36,0x31,0x35,0x36,0x32,0x38,0x39,0x31,0x33,0x35,0x31,0x30,0x35,0x39,0x30,0x37,  // ddf0
0x39,0x31,0x37,0x30,0x32,0x32,0x37,0x30,0x35,0x30,0x37,0x38,0x31,0x32,0x35,0x00,  // de00
0x00,0x00,0x00,0x00,0x00,0x00,0x00,0x00,0x00,0x00,0x00,0x00,0x00,0x00,0x00,0x00,  // de10
0x00,0x00,0x00,0x00,0x00,0x00,0x00,0x00,0x00,0x00,0x00,0x00,0x00,0x00,0x00,0x00,  // de20
0x00,0x00,0x00,0x00,0x00,0x00,0x00,0x00,0x00,0x00,0x00,0x00,0x00,0x00,0x00,0x00,  // de30
0x00,0x00,0x00,0x00,0x00,0x00,0x00,0x00,0x00,0x00,0x00,0x00,0x11,0x00,0x00,0x00,  // de40
0x31,0x33,0x38,0x37,0x37,0x37,0x38,0x37,0x38,0x30,0x37,0x38,0x31,0x34,0x34,0x35,  // de50
0x36,0x37,0x35,0x35,0x32,0x39,0x35,0x33,0x39,0x35,0x38,0x35,0x31,0x31,0x33,0x35,  // de60
0x32,0x35,0x33,0x39,0x30,0x36,0x32,0x35,0x00,0x00,0x00,0x00,0x00,0x00,0x00,0x00,  // de70
0x00,0x00,0x00,0x00,0x00,0x00,0x00,0x00,0x00,0x00,0x00,0x00,0x00,0x00,0x00,0x00,  // de80
0x00,0x00,0x00,0x00,0x00,0x00,0x00,0x00,0x00,0x00,0x00,0x00,0x00,0x00,0x00,0x00,  // de90
0x00,0x00,0x00,0x00,0x00,0x00,0x00,0x00,0x00,0x00,0x00,0x00,0x00,0x00,0x00,0x00,  // dea0
0x00,0x00,0x00,0x00,0x12,0x00,0x00,0x00,0x36,0x39,0x33,0x38,0x38,0x39,0x33,0x39,  // deb0
0x30,0x33,0x39,0x30,0x37,0x32,0x32,0x38,0x33,0x37,0x37,0x36,0x34,0x37,0x36,0x39,  // dec0
0x37,0x39,0x32,0x35,0x35,0x36,0x37,0x36,0x32,0x36,0x39,0x35,0x33,0x31,0x32,0x35,  // ded0
0x00,0x00,0x00,0x00,0x00,0x00,0x00,0x00,0x00,0x00,0x00,0x00,0x00,0x00,0x00,0x00,  // dee0
0x00,0x00,0x00,0x00,0x00,0x00,0x00,0x00,0x00,0x00,0x00,0x00,0x00,0x00,0x00,0x00,  // def0
0x00,0x00,0x00,0x00,0x00,0x00,0x00,0x00,0x00,0x00,0x00,0x00,0x00,0x00,0x00,0x00,  // df00
0x00,0x00,0x00,0x00,0x00,0x00,0x00,0x00,0x00,0x00,0x00,0x00,0x12,0x00,0x00,0x00,  // df10
0x33,0x34,0x36,0x39,0x34,0x34,0x36,0x39,0x35,0x31,0x39,0x35,0x33,0x36,0x31,0x34,  // df20
0x31,0x38,0x38,0x38,0x32,0x33,0x38,0x34,0x38,0x39,0x36,0x32,0x37,0x38,0x33,0x38,  // df30
0x31,0x33,0x34,0x37,0x36,0x35,0x36,0x32,0x35,0x00,0x00,0x00,0x00,0x00,0x00,0x00,  // df40
0x00,0x00,0x00,0x00,0x00,0x00,0x00,0x00,0x00,0x00,0x00,0x00,0x00,0x00,0x00,0x00,  // df50
0x00,0x00,0x00,0x00,0x00,0x00,0x00,0x00,0x00,0x00,0x00,0x00,0x00,0x00,0x00,0x00,  // df60
0x00,0x00,0x00,0x00,0x00,0x00,0x00,0x00,0x00,0x00,0x00,0x00,0x00,0x00,0x00,0x00,  // df70
0x00,0x00,0x00,0x00,0x12,0x00,0x00,0x00,0x31,0x37,0x33,0x34,0x37,0x32,0x33,0x34,  // df80
0x37,0x35,0x39,0x37,0x36,0x38,0x30,0x37,0x30,0x39,0x34,0x34,0x31,0x31,0x39,0x32,  // df90
0x34,0x34,0x38,0x31,0x33,0x39,0x31,0x39,0x30,0x36,0x37,0x33,0x38,0x32,0x38,0x31,  // dfa0
0x32,0x35,0x00,0x00,0x00,0x00,0x00,0x00,0x00,0x00,0x00,0x00,0x00,0x00,0x00,0x00,  // dfb0
0x00,0x00,0x00,0x00,0x00,0x00,0x00,0x00,0x00,0x00,0x00,0x00,0x00,0x00,0x00,0x00,  // dfc0
0x00,0x00,0x00,0x00,0x00,0x00,0x00,0x00,0x00,0x00,0x00,0x00,0x00,0x00,0x00,0x00,  // dfd0
0x00,0x00,0x00,0x00,0x00,0x00,0x00,0x00,0x00,0x00,0x00,0x00,0x13,0x00,0x00,0x00,  // dfe0
0x38,0x36,0x37,0x33,0x36,0x31,0x37,0x33,0x37,0x39,0x38,0x38,0x34,0x30,0x33,0x35,  // dff0
0x34,0x37,0x32,0x30,0x35,0x39,0x36,0x32,0x32,0x34,0x30,0x36,0x39,0x35,0x39,0x35,  // e000
0x33,0x33,0x36,0x39,0x31,0x34,0x30,0x36,0x32,0x35,0x00,0x00,0x00,0x00,0x00,0x00,  // e010
0x00,0x00,0x00,0x00,0x00,0x00,0x00,0x00,0x00,0x00,0x00,0x00,0x00,0x00,0x00,0x00,  // e020
0x00,0x00,0x00,0x00,0x00,0x00,0x00,0x00,0x00,0x00,0x00,0x00,0x00,0x00,0x00,0x00,  // e030
0x00,0x00,0x00,0x00,0x00,0x00,0x00,0x00,0x00,0x00,0x00,0x00,0x00,0x00,0x00,0x00,  // e040
0x00,0x00,0x00,0x00,0x00,0x00,0x00,0x00,0x00,0x00,0x00,0x00,0x00,0x00,0x00,0x00,  // e050
0x00,0x00,0x00,0x00,0x00,0x00,0x00,0x00,0x00,0x00,0x00,0x00,0x00,0x00,0x00,0x00,  // e060
0x00,0x00,0x00,0x00,0x00,0x00,0x22,0x00,0x00,0x00,0x00,0x00,0x00,0x00,0x00,0x00,  // e070
0x00,0x00,0x00,0x2f,0x00,0x00,0x00,0x00,0x00,0x00,0x00,0x00,0x00,0x00,0x00,0x00,  // e080
0x00,0x00,0x00,0x00,0x00,0x00,0x00,0x00,0x00,0x00,0x00,0x00,0x00,0x00,0x00,0x00,  // e090
0x00,0x00,0x00,0x00,0x00,0x00,0x00,0x00,0x00,0x00,0x00,0x00,0x00,0x00,0x00,0x00,  // e0a0
0x5c,0x00,0x00,0x00,0x00,0x00,0x08,0x00,0x00,0x00,0x0c,0x00,0x00,0x00,0x00,0x00,  // e0b0
0x00,0x00,0x0a,0x00,0x00,0x00,0x0d,0x00,0x09,0x00,0x00,0x00,0x00,0x00,0x00,0x00,  // e0c0
0x00,0x00,0x00,0x00,0x00,0x00,0x00,0x00,0x00,0x00,0x00,0x00,0x00,0x00,0x00,0x00,  // e0d0
0x00,0x00,0x00,0x00,0x00,0x00,0x00,0x00,0x00,0x00,0x00,0x00,0x00,0x00,0x00,0x00,  // e0e0
0x00,0x00,0x00,0x00,0x00,0x00,0x00,0x00,0x00,0x00,0x00,0x00,0x00,0x00,0x00,0x00,  // e0f0
0x00,0x00,0x00,0x00,0x00,0x00,0x00,0x00,0x00,0x00,0x00,0x00,0x00,0x00,0x00,0x00,  // e100
0x00,0x00,0x00,0x00,0x00,0x00,0x00,0x00,0x00,0x00,0x00,0x00,0x00,0x00,0x00,0x00,  // e110
0x00,0x00,0x00,0x00,0x00,0x00,0x00,0x00,0x00,0x00,0x00,0x00,0x00,0x00,0x00,0x00,  // e120
0x00,0x00,0x00,0x00,0x00,0x00,0x00,0x00,0x00,0x00,0x00,0x00,0x00,0x00,0x00,0x00,  // e130
0x00,0x00,0x00,0x00,0x00,0x00,0x00,0x00,0x00,0x00,0x00,0x00,0x00,0x00,0x00,0x00,  // e140
0x00,0x00,0x00,0x00,0x20,0x00,0x00,0x00,0x00,0x00,0x00,0x00,0x00,0x09,0x0a,0x00,  // e150
0x00,0x0d,0x00,0x00,0x20,0x00,0x00,0x00,0x00,0x00,0x00,0x00,0x00,0x09,0x0a,0x00,  // e160
0x00,0x0d,0x00,0x00,  // e170
}
